"kjønn"	"alder"	"år"	"Andel dagligrøykere (prosent)"	"Andel av-og-til-røykere (prosent)"	"Antall respondenter"
"Begge kjønn"	"I alt"	"1973"	42	9	..
"Begge kjønn"	"I alt"	"1974"	41	9	..
"Begge kjønn"	"I alt"	"1975"	41	9	..
"Begge kjønn"	"I alt"	"1976"	39	9	..
"Begge kjønn"	"I alt"	"1977"	38	10	..
"Begge kjønn"	"I alt"	"1978"	38	10	..
"Begge kjønn"	"I alt"	"1979"	37	10	..
"Begge kjønn"	"I alt"	"1980"	36	9	..
"Begge kjønn"	"I alt"	"1981"	36	9	..
"Begge kjønn"	"I alt"	"1982"	36	9	..
"Begge kjønn"	"I alt"	"1983"	37	9	..
"Begge kjønn"	"I alt"	"1984"	37	8	..
"Begge kjønn"	"I alt"	"1985"	37	9	..
"Begge kjønn"	"I alt"	"1986"	36	10	..
"Begge kjønn"	"I alt"	"1987"	37	9	..
"Begge kjønn"	"I alt"	"1988"	37	9	..
"Begge kjønn"	"I alt"	"1989"	36	9	..
"Begge kjønn"	"I alt"	"1990"	35	9	..
"Begge kjønn"	"I alt"	"1991"	35	10	..
"Begge kjønn"	"I alt"	"1992"	34	10	1890
"Begge kjønn"	"I alt"	"1993"	36	10	1775
"Begge kjønn"	"I alt"	"1994"	33	10	3448
"Begge kjønn"	"I alt"	"1995"	33	13	4234
"Begge kjønn"	"I alt"	"1996"	33	12	5286
"Begge kjønn"	"I alt"	"1997"	34	12	5309
"Begge kjønn"	"I alt"	"1998"	33	11	5223
"Begge kjønn"	"I alt"	"1999"	31	11	5104
"Begge kjønn"	"I alt"	"2000"	31	10	5208
"Begge kjønn"	"I alt"	"2001"	29	11	5216
"Begge kjønn"	"I alt"	"2002"	29	11	5485
"Begge kjønn"	"I alt"	"2003"	26	11	5288
"Begge kjønn"	"I alt"	"2004"	26	11	5243
"Begge kjønn"	"I alt"	"2005"	25	11	5225
"Begge kjønn"	"I alt"	"2006"	23	10	4968
"Begge kjønn"	"I alt"	"2007"	21	10	4997
"Begge kjønn"	"I alt"	"2008"	20	9	4637
"Begge kjønn"	"I alt"	"2009"	20	9	4728
"Begge kjønn"	"I alt"	"2010"	19	10	4358
"Begge kjønn"	"I alt"	"2011"	17	10	4626
"Begge kjønn"	"I alt"	"2012"	16	10	4609
"Begge kjønn"	"I alt"	"2013"	15	8	4597
"Begge kjønn"	"I alt"	"2014"	13	9	4552
"Begge kjønn"	"I alt"	"2015"	13	9	6537
"Begge kjønn"	"I alt"	"2016"	12	8	6031
"Begge kjønn"	"I alt"	"2017"	11	8	6255
"Begge kjønn"	"I alt"	"2018"	11	8	6091
"Begge kjønn"	"I alt"	"2019"	9	9	6042
"Begge kjønn"	"I alt"	"2020"	9	8	6186
"Begge kjønn"	"I alt"	"2021"	8	7	5850
"Begge kjønn"	"I alt"	"2022"	8	8	5399
"Begge kjønn"	"I alt"	"2023"	7	8	5294
"Begge kjønn"	"I alt"	"2024"	8	9	4878
"Begge kjønn"	"I alt"	"2025"	7	8	4604
"Begge kjønn"	"16-24 år"	"1973"	44	12	..
"Begge kjønn"	"16-24 år"	"1974"	42	12	..
"Begge kjønn"	"16-24 år"	"1975"	42	12	..
"Begge kjønn"	"16-24 år"	"1976"	39	12	..
"Begge kjønn"	"16-24 år"	"1977"	38	13	..
"Begge kjønn"	"16-24 år"	"1978"	36	14	..
"Begge kjønn"	"16-24 år"	"1979"	36	14	..
"Begge kjønn"	"16-24 år"	"1980"	35	12	..
"Begge kjønn"	"16-24 år"	"1981"	35	11	..
"Begge kjønn"	"16-24 år"	"1982"	33	12	..
"Begge kjønn"	"16-24 år"	"1983"	32	11	..
"Begge kjønn"	"16-24 år"	"1984"	32	12	..
"Begge kjønn"	"16-24 år"	"1985"	31	11	..
"Begge kjønn"	"16-24 år"	"1986"	32	12	..
"Begge kjønn"	"16-24 år"	"1987"	30	11	..
"Begge kjønn"	"16-24 år"	"1988"	30	11	..
"Begge kjønn"	"16-24 år"	"1989"	29	10	..
"Begge kjønn"	"16-24 år"	"1990"	29	11	..
"Begge kjønn"	"16-24 år"	"1991"	29	13	..
"Begge kjønn"	"16-24 år"	"1992"	29	15	305
"Begge kjønn"	"16-24 år"	"1993"	30	15	299
"Begge kjønn"	"16-24 år"	"1994"	27	15	550
"Begge kjønn"	"16-24 år"	"1995"	28	19	639
"Begge kjønn"	"16-24 år"	"1996"	28	16	903
"Begge kjønn"	"16-24 år"	"1997"	32	16	860
"Begge kjønn"	"16-24 år"	"1998"	31	18	787
"Begge kjønn"	"16-24 år"	"1999"	28	18	772
"Begge kjønn"	"16-24 år"	"2000"	32	15	806
"Begge kjønn"	"16-24 år"	"2001"	27	16	776
"Begge kjønn"	"16-24 år"	"2002"	28	17	808
"Begge kjønn"	"16-24 år"	"2003"	23	16	812
"Begge kjønn"	"16-24 år"	"2004"	25	13	852
"Begge kjønn"	"16-24 år"	"2005"	24	17	833
"Begge kjønn"	"16-24 år"	"2006"	20	13	763
"Begge kjønn"	"16-24 år"	"2007"	16	15	682
"Begge kjønn"	"16-24 år"	"2008"	15	13	650
"Begge kjønn"	"16-24 år"	"2009"	17	14	645
"Begge kjønn"	"16-24 år"	"2010"	12	14	579
"Begge kjønn"	"16-24 år"	"2011"	11	14	685
"Begge kjønn"	"16-24 år"	"2012"	7	13	660
"Begge kjønn"	"16-24 år"	"2013"	7	15	662
"Begge kjønn"	"16-24 år"	"2014"	5	12	678
"Begge kjønn"	"16-24 år"	"2015"	5	13	1189
"Begge kjønn"	"16-24 år"	"2016"	4	14	1144
"Begge kjønn"	"16-24 år"	"2017"	3	14	1152
"Begge kjønn"	"16-24 år"	"2018"	3	14	1087
"Begge kjønn"	"16-24 år"	"2019"	2	17	1100
"Begge kjønn"	"16-24 år"	"2020"	1	14	1046
"Begge kjønn"	"16-24 år"	"2021"	1	15	1013
"Begge kjønn"	"16-24 år"	"2022"	1	19	869
"Begge kjønn"	"16-24 år"	"2023"	3	17	868
"Begge kjønn"	"16-24 år"	"2024"	2	17	658
"Begge kjønn"	"16-24 år"	"2025"	1	21	653
"Begge kjønn"	"25-34 år"	"1973"	50	13	..
"Begge kjønn"	"25-34 år"	"1974"	49	12	..
"Begge kjønn"	"25-34 år"	"1975"	49	12	..
"Begge kjønn"	"25-34 år"	"1976"	46	13	..
"Begge kjønn"	"25-34 år"	"1977"	46	15	..
"Begge kjønn"	"25-34 år"	"1978"	46	14	..
"Begge kjønn"	"25-34 år"	"1979"	44	13	..
"Begge kjønn"	"25-34 år"	"1980"	43	13	..
"Begge kjønn"	"25-34 år"	"1981"	43	13	..
"Begge kjønn"	"25-34 år"	"1982"	43	13	..
"Begge kjønn"	"25-34 år"	"1983"	44	12	..
"Begge kjønn"	"25-34 år"	"1984"	44	12	..
"Begge kjønn"	"25-34 år"	"1985"	44	12	..
"Begge kjønn"	"25-34 år"	"1986"	44	13	..
"Begge kjønn"	"25-34 år"	"1987"	44	13	..
"Begge kjønn"	"25-34 år"	"1988"	42	12	..
"Begge kjønn"	"25-34 år"	"1989"	42	11	..
"Begge kjønn"	"25-34 år"	"1990"	41	10	..
"Begge kjønn"	"25-34 år"	"1991"	41	12	..
"Begge kjønn"	"25-34 år"	"1992"	41	14	366
"Begge kjønn"	"25-34 år"	"1993"	42	13	371
"Begge kjønn"	"25-34 år"	"1994"	39	12	749
"Begge kjønn"	"25-34 år"	"1995"	35	16	923
"Begge kjønn"	"25-34 år"	"1996"	34	14	1146
"Begge kjønn"	"25-34 år"	"1997"	36	15	1171
"Begge kjønn"	"25-34 år"	"1998"	36	13	1138
"Begge kjønn"	"25-34 år"	"1999"	33	13	1048
"Begge kjønn"	"25-34 år"	"2000"	30	14	1048
"Begge kjønn"	"25-34 år"	"2001"	30	16	1010
"Begge kjønn"	"25-34 år"	"2002"	29	14	1082
"Begge kjønn"	"25-34 år"	"2003"	26	15	1078
"Begge kjønn"	"25-34 år"	"2004"	26	11	1017
"Begge kjønn"	"25-34 år"	"2005"	22	16	994
"Begge kjønn"	"25-34 år"	"2006"	22	14	966
"Begge kjønn"	"25-34 år"	"2007"	18	14	806
"Begge kjønn"	"25-34 år"	"2008"	17	13	713
"Begge kjønn"	"25-34 år"	"2009"	20	14	725
"Begge kjønn"	"25-34 år"	"2010"	19	15	613
"Begge kjønn"	"25-34 år"	"2011"	15	16	660
"Begge kjønn"	"25-34 år"	"2012"	13	14	616
"Begge kjønn"	"25-34 år"	"2013"	12	11	637
"Begge kjønn"	"25-34 år"	"2014"	10	13	578
"Begge kjønn"	"25-34 år"	"2015"	9	12	1121
"Begge kjønn"	"25-34 år"	"2016"	10	12	987
"Begge kjønn"	"25-34 år"	"2017"	9	11	1095
"Begge kjønn"	"25-34 år"	"2018"	10	11	1082
"Begge kjønn"	"25-34 år"	"2019"	4	12	1052
"Begge kjønn"	"25-34 år"	"2020"	5	11	1081
"Begge kjønn"	"25-34 år"	"2021"	5	8	1075
"Begge kjønn"	"25-34 år"	"2022"	4	11	930
"Begge kjønn"	"25-34 år"	"2023"	4	11	938
"Begge kjønn"	"25-34 år"	"2024"	4	13	828
"Begge kjønn"	"25-34 år"	"2025"	3	11	763
"Begge kjønn"	"35-44 år"	"1973"	47	8	..
"Begge kjønn"	"35-44 år"	"1974"	45	9	..
"Begge kjønn"	"35-44 år"	"1975"	44	9	..
"Begge kjønn"	"35-44 år"	"1976"	42	11	..
"Begge kjønn"	"35-44 år"	"1977"	42	12	..
"Begge kjønn"	"35-44 år"	"1978"	41	12	..
"Begge kjønn"	"35-44 år"	"1979"	40	11	..
"Begge kjønn"	"35-44 år"	"1980"	40	9	..
"Begge kjønn"	"35-44 år"	"1981"	39	10	..
"Begge kjønn"	"35-44 år"	"1982"	40	10	..
"Begge kjønn"	"35-44 år"	"1983"	42	10	..
"Begge kjønn"	"35-44 år"	"1984"	43	9	..
"Begge kjønn"	"35-44 år"	"1985"	41	9	..
"Begge kjønn"	"35-44 år"	"1986"	40	10	..
"Begge kjønn"	"35-44 år"	"1987"	41	10	..
"Begge kjønn"	"35-44 år"	"1988"	43	10	..
"Begge kjønn"	"35-44 år"	"1989"	43	11	..
"Begge kjønn"	"35-44 år"	"1990"	43	11	..
"Begge kjønn"	"35-44 år"	"1991"	41	11	..
"Begge kjønn"	"35-44 år"	"1992"	39	11	402
"Begge kjønn"	"35-44 år"	"1993"	42	14	370
"Begge kjønn"	"35-44 år"	"1994"	40	12	696
"Begge kjønn"	"35-44 år"	"1995"	40	12	899
"Begge kjønn"	"35-44 år"	"1996"	36	14	1111
"Begge kjønn"	"35-44 år"	"1997"	36	13	1110
"Begge kjønn"	"35-44 år"	"1998"	36	11	1119
"Begge kjønn"	"35-44 år"	"1999"	36	13	1081
"Begge kjønn"	"35-44 år"	"2000"	37	10	1050
"Begge kjønn"	"35-44 år"	"2001"	32	12	1047
"Begge kjønn"	"35-44 år"	"2002"	31	13	1077
"Begge kjønn"	"35-44 år"	"2003"	29	12	1069
"Begge kjønn"	"35-44 år"	"2004"	29	13	1058
"Begge kjønn"	"35-44 år"	"2005"	28	11	1068
"Begge kjønn"	"35-44 år"	"2006"	26	11	958
"Begge kjønn"	"35-44 år"	"2007"	26	10	1061
"Begge kjønn"	"35-44 år"	"2008"	23	9	1002
"Begge kjønn"	"35-44 år"	"2009"	19	10	940
"Begge kjønn"	"35-44 år"	"2010"	18	11	927
"Begge kjønn"	"35-44 år"	"2011"	16	12	870
"Begge kjønn"	"35-44 år"	"2012"	15	12	826
"Begge kjønn"	"35-44 år"	"2013"	15	8	851
"Begge kjønn"	"35-44 år"	"2014"	12	8	811
"Begge kjønn"	"35-44 år"	"2015"	11	9	1074
"Begge kjønn"	"35-44 år"	"2016"	12	7	955
"Begge kjønn"	"35-44 år"	"2017"	12	9	950
"Begge kjønn"	"35-44 år"	"2018"	11	9	993
"Begge kjønn"	"35-44 år"	"2019"	10	9	931
"Begge kjønn"	"35-44 år"	"2020"	9	7	932
"Begge kjønn"	"35-44 år"	"2021"	6	7	833
"Begge kjønn"	"35-44 år"	"2022"	8	6	834
"Begge kjønn"	"35-44 år"	"2023"	6	7	798
"Begge kjønn"	"35-44 år"	"2024"	7	8	846
"Begge kjønn"	"35-44 år"	"2025"	5	7	770
"Begge kjønn"	"45-54 år"	"1973"	47	6	..
"Begge kjønn"	"45-54 år"	"1974"	46	7	..
"Begge kjønn"	"45-54 år"	"1975"	48	7	..
"Begge kjønn"	"45-54 år"	"1976"	45	7	..
"Begge kjønn"	"45-54 år"	"1977"	44	7	..
"Begge kjønn"	"45-54 år"	"1978"	41	7	..
"Begge kjønn"	"45-54 år"	"1979"	39	7	..
"Begge kjønn"	"45-54 år"	"1980"	39	6	..
"Begge kjønn"	"45-54 år"	"1981"	38	6	..
"Begge kjønn"	"45-54 år"	"1982"	39	7	..
"Begge kjønn"	"45-54 år"	"1983"	38	7	..
"Begge kjønn"	"45-54 år"	"1984"	40	7	..
"Begge kjønn"	"45-54 år"	"1985"	40	7	..
"Begge kjønn"	"45-54 år"	"1986"	40	7	..
"Begge kjønn"	"45-54 år"	"1987"	40	7	..
"Begge kjønn"	"45-54 år"	"1988"	39	7	..
"Begge kjønn"	"45-54 år"	"1989"	37	8	..
"Begge kjønn"	"45-54 år"	"1990"	35	7	..
"Begge kjønn"	"45-54 år"	"1991"	37	7	..
"Begge kjønn"	"45-54 år"	"1992"	41	6	287
"Begge kjønn"	"45-54 år"	"1993"	38	7	285
"Begge kjønn"	"45-54 år"	"1994"	34	7	569
"Begge kjønn"	"45-54 år"	"1995"	36	11	748
"Begge kjønn"	"45-54 år"	"1996"	39	10	926
"Begge kjønn"	"45-54 år"	"1997"	37	10	1028
"Begge kjønn"	"45-54 år"	"1998"	35	11	964
"Begge kjønn"	"45-54 år"	"1999"	37	9	950
"Begge kjønn"	"45-54 år"	"2000"	37	9	973
"Begge kjønn"	"45-54 år"	"2001"	36	9	993
"Begge kjønn"	"45-54 år"	"2002"	33	11	1015
"Begge kjønn"	"45-54 år"	"2003"	31	10	893
"Begge kjønn"	"45-54 år"	"2004"	28	10	910
"Begge kjønn"	"45-54 år"	"2005"	30	7	914
"Begge kjønn"	"45-54 år"	"2006"	27	8	885
"Begge kjønn"	"45-54 år"	"2007"	27	8	938
"Begge kjønn"	"45-54 år"	"2008"	27	8	874
"Begge kjønn"	"45-54 år"	"2009"	25	9	951
"Begge kjønn"	"45-54 år"	"2010"	25	10	848
"Begge kjønn"	"45-54 år"	"2011"	22	10	865
"Begge kjønn"	"45-54 år"	"2012"	22	8	905
"Begge kjønn"	"45-54 år"	"2013"	19	8	897
"Begge kjønn"	"45-54 år"	"2014"	18	9	821
"Begge kjønn"	"45-54 år"	"2015"	19	8	1167
"Begge kjønn"	"45-54 år"	"2016"	15	7	1081
"Begge kjønn"	"45-54 år"	"2017"	14	7	1136
"Begge kjønn"	"45-54 år"	"2018"	16	8	1096
"Begge kjønn"	"45-54 år"	"2019"	12	9	1075
"Begge kjønn"	"45-54 år"	"2020"	11	7	1125
"Begge kjønn"	"45-54 år"	"2021"	9	5	1007
"Begge kjønn"	"45-54 år"	"2022"	11	6	933
"Begge kjønn"	"45-54 år"	"2023"	10	7	882
"Begge kjønn"	"45-54 år"	"2024"	10	7	848
"Begge kjønn"	"45-54 år"	"2025"	12	6	778
"Begge kjønn"	"55-64 år"	"1973"	36	8	..
"Begge kjønn"	"55-64 år"	"1974"	38	7	..
"Begge kjønn"	"55-64 år"	"1975"	36	7	..
"Begge kjønn"	"55-64 år"	"1976"	36	6	..
"Begge kjønn"	"55-64 år"	"1977"	33	6	..
"Begge kjønn"	"55-64 år"	"1978"	34	6	..
"Begge kjønn"	"55-64 år"	"1979"	34	6	..
"Begge kjønn"	"55-64 år"	"1980"	33	7	..
"Begge kjønn"	"55-64 år"	"1981"	33	7	..
"Begge kjønn"	"55-64 år"	"1982"	34	6	..
"Begge kjønn"	"55-64 år"	"1983"	36	5	..
"Begge kjønn"	"55-64 år"	"1984"	37	4	..
"Begge kjønn"	"55-64 år"	"1985"	34	5	..
"Begge kjønn"	"55-64 år"	"1986"	34	7	..
"Begge kjønn"	"55-64 år"	"1987"	34	7	..
"Begge kjønn"	"55-64 år"	"1988"	35	6	..
"Begge kjønn"	"55-64 år"	"1989"	35	6	..
"Begge kjønn"	"55-64 år"	"1990"	32	6	..
"Begge kjønn"	"55-64 år"	"1991"	32	6	..
"Begge kjønn"	"55-64 år"	"1992"	32	7	213
"Begge kjønn"	"55-64 år"	"1993"	37	6	189
"Begge kjønn"	"55-64 år"	"1994"	30	6	404
"Begge kjønn"	"55-64 år"	"1995"	28	10	458
"Begge kjønn"	"55-64 år"	"1996"	32	8	583
"Begge kjønn"	"55-64 år"	"1997"	28	7	611
"Begge kjønn"	"55-64 år"	"1998"	27	5	588
"Begge kjønn"	"55-64 år"	"1999"	27	8	596
"Begge kjønn"	"55-64 år"	"2000"	28	7	653
"Begge kjønn"	"55-64 år"	"2001"	28	6	682
"Begge kjønn"	"55-64 år"	"2002"	29	8	794
"Begge kjønn"	"55-64 år"	"2003"	26	8	723
"Begge kjønn"	"55-64 år"	"2004"	24	10	702
"Begge kjønn"	"55-64 år"	"2005"	28	8	726
"Begge kjønn"	"55-64 år"	"2006"	28	8	717
"Begge kjønn"	"55-64 år"	"2007"	22	7	847
"Begge kjønn"	"55-64 år"	"2008"	23	5	789
"Begge kjønn"	"55-64 år"	"2009"	24	5	789
"Begge kjønn"	"55-64 år"	"2010"	21	7	766
"Begge kjønn"	"55-64 år"	"2011"	22	8	826
"Begge kjønn"	"55-64 år"	"2012"	19	7	787
"Begge kjønn"	"55-64 år"	"2013"	20	6	806
"Begge kjønn"	"55-64 år"	"2014"	20	8	828
"Begge kjønn"	"55-64 år"	"2015"	19	6	984
"Begge kjønn"	"55-64 år"	"2016"	16	6	943
"Begge kjønn"	"55-64 år"	"2017"	16	4	920
"Begge kjønn"	"55-64 år"	"2018"	16	5	895
"Begge kjønn"	"55-64 år"	"2019"	13	6	896
"Begge kjønn"	"55-64 år"	"2020"	17	6	968
"Begge kjønn"	"55-64 år"	"2021"	15	6	905
"Begge kjønn"	"55-64 år"	"2022"	12	6	851
"Begge kjønn"	"55-64 år"	"2023"	13	5	847
"Begge kjønn"	"55-64 år"	"2024"	13	5	799
"Begge kjønn"	"55-64 år"	"2025"	12	4	767
"Begge kjønn"	"65-79 år"	"1973"	24	8	..
"Begge kjønn"	"65-79 år"	"1974"	24	7	..
"Begge kjønn"	"65-79 år"	"1975"	24	6	..
"Begge kjønn"	"65-79 år"	"1976"	23	6	..
"Begge kjønn"	"65-79 år"	"1977"	24	6	..
"Begge kjønn"	"65-79 år"	"1978"	24	6	..
"Begge kjønn"	"65-79 år"	"1979"	25	5	..
"Begge kjønn"	"65-79 år"	"1980"	24	5	..
"Begge kjønn"	"65-79 år"	"1981"	25	4	..
"Begge kjønn"	"65-79 år"	"1982"	25	4	..
"Begge kjønn"	"65-79 år"	"1983"	26	4	..
"Begge kjønn"	"65-79 år"	"1984"	23	4	..
"Begge kjønn"	"65-79 år"	"1985"	23	5	..
"Begge kjønn"	"65-79 år"	"1986"	23	6	..
"Begge kjønn"	"65-79 år"	"1987"	27	6	..
"Begge kjønn"	"65-79 år"	"1988"	27	5	..
"Begge kjønn"	"65-79 år"	"1989"	27	5	..
"Begge kjønn"	"65-79 år"	"1990"	23	5	..
"Begge kjønn"	"65-79 år"	"1991"	22	6	..
"Begge kjønn"	"65-79 år"	"1992"	21	5	317
"Begge kjønn"	"65-79 år"	"1993"	23	4	261
"Begge kjønn"	"65-79 år"	"1994"	20	5	480
"Begge kjønn"	"65-79 år"	"1995"	22	6	567
"Begge kjønn"	"65-79 år"	"1996"	21	5	617
"Begge kjønn"	"65-79 år"	"1997"	26	4	529
"Begge kjønn"	"65-79 år"	"1998"	23	3	627
"Begge kjønn"	"65-79 år"	"1999"	21	4	657
"Begge kjønn"	"65-79 år"	"2000"	19	5	678
"Begge kjønn"	"65-79 år"	"2001"	18	4	708
"Begge kjønn"	"65-79 år"	"2002"	19	3	709
"Begge kjønn"	"65-79 år"	"2003"	18	3	713
"Begge kjønn"	"65-79 år"	"2004"	20	8	704
"Begge kjønn"	"65-79 år"	"2005"	15	6	690
"Begge kjønn"	"65-79 år"	"2006"	16	3	679
"Begge kjønn"	"65-79 år"	"2007"	16	5	663
"Begge kjønn"	"65-79 år"	"2008"	15	4	609
"Begge kjønn"	"65-79 år"	"2009"	15	3	678
"Begge kjønn"	"65-79 år"	"2010"	16	3	625
"Begge kjønn"	"65-79 år"	"2011"	13	4	720
"Begge kjønn"	"65-79 år"	"2012"	14	5	815
"Begge kjønn"	"65-79 år"	"2013"	13	4	744
"Begge kjønn"	"65-79 år"	"2014"	14	4	836
"Begge kjønn"	"65-79 år"	"2015"	14	3	1002
"Begge kjønn"	"65-79 år"	"2016"	11	3	921
"Begge kjønn"	"65-79 år"	"2017"	11	4	1002
"Begge kjønn"	"65-79 år"	"2018"	13	4	938
"Begge kjønn"	"65-79 år"	"2019"	11	3	988
"Begge kjønn"	"65-79 år"	"2020"	11	4	1034
"Begge kjønn"	"65-79 år"	"2021"	12	4	1017
"Begge kjønn"	"65-79 år"	"2022"	10	3	982
"Begge kjønn"	"65-79 år"	"2023"	9	4	961
"Begge kjønn"	"65-79 år"	"2024"	11	4	899
"Begge kjønn"	"65-79 år"	"2025"	10	3	873
"Kvinner"	"I alt"	"1973"	32	10	..
"Kvinner"	"I alt"	"1974"	32	9	..
"Kvinner"	"I alt"	"1975"	32	9	..
"Kvinner"	"I alt"	"1976"	31	10	..
"Kvinner"	"I alt"	"1977"	31	10	..
"Kvinner"	"I alt"	"1978"	31	10	..
"Kvinner"	"I alt"	"1979"	31	10	..
"Kvinner"	"I alt"	"1980"	31	9	..
"Kvinner"	"I alt"	"1981"	32	10	..
"Kvinner"	"I alt"	"1982"	32	9	..
"Kvinner"	"I alt"	"1983"	33	9	..
"Kvinner"	"I alt"	"1984"	33	9	..
"Kvinner"	"I alt"	"1985"	32	9	..
"Kvinner"	"I alt"	"1986"	32	10	..
"Kvinner"	"I alt"	"1987"	33	10	..
"Kvinner"	"I alt"	"1988"	34	9	..
"Kvinner"	"I alt"	"1989"	34	9	..
"Kvinner"	"I alt"	"1990"	33	9	..
"Kvinner"	"I alt"	"1991"	33	9	..
"Kvinner"	"I alt"	"1992"	31	10	899
"Kvinner"	"I alt"	"1993"	35	9	876
"Kvinner"	"I alt"	"1994"	31	11	1784
"Kvinner"	"I alt"	"1995"	32	12	2130
"Kvinner"	"I alt"	"1996"	32	11	2620
"Kvinner"	"I alt"	"1997"	33	12	2693
"Kvinner"	"I alt"	"1998"	32	11	2607
"Kvinner"	"I alt"	"1999"	31	12	2532
"Kvinner"	"I alt"	"2000"	31	10	2585
"Kvinner"	"I alt"	"2001"	28	11	2670
"Kvinner"	"I alt"	"2002"	29	10	2713
"Kvinner"	"I alt"	"2003"	25	11	2663
"Kvinner"	"I alt"	"2004"	25	10	2643
"Kvinner"	"I alt"	"2005"	24	11	2630
"Kvinner"	"I alt"	"2006"	23	10	2466
"Kvinner"	"I alt"	"2007"	22	9	2512
"Kvinner"	"I alt"	"2008"	20	8	2355
"Kvinner"	"I alt"	"2009"	20	8	2397
"Kvinner"	"I alt"	"2010"	19	9	2198
"Kvinner"	"I alt"	"2011"	17	10	2337
"Kvinner"	"I alt"	"2012"	16	9	2341
"Kvinner"	"I alt"	"2013"	14	7	2250
"Kvinner"	"I alt"	"2014"	13	8	2284
"Kvinner"	"I alt"	"2015"	12	7	3279
"Kvinner"	"I alt"	"2016"	11	7	2941
"Kvinner"	"I alt"	"2017"	10	6	3081
"Kvinner"	"I alt"	"2018"	11	7	2927
"Kvinner"	"I alt"	"2019"	9	8	2906
"Kvinner"	"I alt"	"2020"	9	7	3022
"Kvinner"	"I alt"	"2021"	8	6	2871
"Kvinner"	"I alt"	"2022"	8	7	2624
"Kvinner"	"I alt"	"2023"	7	7	2558
"Kvinner"	"I alt"	"2024"	8	6	2459
"Kvinner"	"I alt"	"2025"	7	7	2375
"Kvinner"	"16-24 år"	"1973"	43	12	..
"Kvinner"	"16-24 år"	"1974"	41	12	..
"Kvinner"	"16-24 år"	"1975"	41	13	..
"Kvinner"	"16-24 år"	"1976"	38	13	..
"Kvinner"	"16-24 år"	"1977"	37	14	..
"Kvinner"	"16-24 år"	"1978"	37	14	..
"Kvinner"	"16-24 år"	"1979"	37	15	..
"Kvinner"	"16-24 år"	"1980"	36	14	..
"Kvinner"	"16-24 år"	"1981"	36	14	..
"Kvinner"	"16-24 år"	"1982"	34	14	..
"Kvinner"	"16-24 år"	"1983"	33	13	..
"Kvinner"	"16-24 år"	"1984"	32	12	..
"Kvinner"	"16-24 år"	"1985"	31	12	..
"Kvinner"	"16-24 år"	"1986"	31	13	..
"Kvinner"	"16-24 år"	"1987"	30	12	..
"Kvinner"	"16-24 år"	"1988"	32	12	..
"Kvinner"	"16-24 år"	"1989"	31	10	..
"Kvinner"	"16-24 år"	"1990"	31	11	..
"Kvinner"	"16-24 år"	"1991"	29	12	..
"Kvinner"	"16-24 år"	"1992"	28	16	153
"Kvinner"	"16-24 år"	"1993"	29	14	147
"Kvinner"	"16-24 år"	"1994"	25	16	287
"Kvinner"	"16-24 år"	"1995"	28	19	356
"Kvinner"	"16-24 år"	"1996"	29	15	463
"Kvinner"	"16-24 år"	"1997"	31	16	437
"Kvinner"	"16-24 år"	"1998"	31	19	366
"Kvinner"	"16-24 år"	"1999"	28	18	393
"Kvinner"	"16-24 år"	"2000"	32	15	397
"Kvinner"	"16-24 år"	"2001"	29	15	388
"Kvinner"	"16-24 år"	"2002"	28	16	403
"Kvinner"	"16-24 år"	"2003"	22	18	400
"Kvinner"	"16-24 år"	"2004"	23	12	415
"Kvinner"	"16-24 år"	"2005"	24	16	404
"Kvinner"	"16-24 år"	"2006"	20	13	373
"Kvinner"	"16-24 år"	"2007"	19	13	333
"Kvinner"	"16-24 år"	"2008"	16	14	329
"Kvinner"	"16-24 år"	"2009"	15	13	334
"Kvinner"	"16-24 år"	"2010"	14	10	264
"Kvinner"	"16-24 år"	"2011"	13	11	345
"Kvinner"	"16-24 år"	"2012"	8	11	321
"Kvinner"	"16-24 år"	"2013"	6	13	313
"Kvinner"	"16-24 år"	"2014"	4	10	332
"Kvinner"	"16-24 år"	"2015"	3	10	589
"Kvinner"	"16-24 år"	"2016"	2	11	548
"Kvinner"	"16-24 år"	"2017"	1	11	557
"Kvinner"	"16-24 år"	"2018"	2	11	519
"Kvinner"	"16-24 år"	"2019"	1	11	501
"Kvinner"	"16-24 år"	"2020"	1	12	506
"Kvinner"	"16-24 år"	"2021"	1	11	489
"Kvinner"	"16-24 år"	"2022"	0	15	413
"Kvinner"	"16-24 år"	"2023"	2	15	419
"Kvinner"	"16-24 år"	"2024"	3	11	320
"Kvinner"	"16-24 år"	"2025"	2	18	326
"Kvinner"	"25-34 år"	"1973"	46	16	..
"Kvinner"	"25-34 år"	"1974"	46	14	..
"Kvinner"	"25-34 år"	"1975"	44	14	..
"Kvinner"	"25-34 år"	"1976"	42	15	..
"Kvinner"	"25-34 år"	"1977"	41	17	..
"Kvinner"	"25-34 år"	"1978"	41	15	..
"Kvinner"	"25-34 år"	"1979"	41	14	..
"Kvinner"	"25-34 år"	"1980"	40	13	..
"Kvinner"	"25-34 år"	"1981"	43	13	..
"Kvinner"	"25-34 år"	"1982"	43	14	..
"Kvinner"	"25-34 år"	"1983"	46	13	..
"Kvinner"	"25-34 år"	"1984"	44	12	..
"Kvinner"	"25-34 år"	"1985"	44	12	..
"Kvinner"	"25-34 år"	"1986"	43	13	..
"Kvinner"	"25-34 år"	"1987"	44	14	..
"Kvinner"	"25-34 år"	"1988"	43	12	..
"Kvinner"	"25-34 år"	"1989"	43	10	..
"Kvinner"	"25-34 år"	"1990"	41	9	..
"Kvinner"	"25-34 år"	"1991"	42	12	..
"Kvinner"	"25-34 år"	"1992"	43	13	181
"Kvinner"	"25-34 år"	"1993"	45	11	188
"Kvinner"	"25-34 år"	"1994"	37	13	400
"Kvinner"	"25-34 år"	"1995"	34	17	463
"Kvinner"	"25-34 år"	"1996"	34	13	589
"Kvinner"	"25-34 år"	"1997"	36	15	598
"Kvinner"	"25-34 år"	"1998"	34	14	589
"Kvinner"	"25-34 år"	"1999"	34	15	539
"Kvinner"	"25-34 år"	"2000"	31	13	518
"Kvinner"	"25-34 år"	"2001"	27	17	518
"Kvinner"	"25-34 år"	"2002"	30	13	525
"Kvinner"	"25-34 år"	"2003"	27	15	542
"Kvinner"	"25-34 år"	"2004"	25	10	506
"Kvinner"	"25-34 år"	"2005"	19	15	515
"Kvinner"	"25-34 år"	"2006"	21	12	472
"Kvinner"	"25-34 år"	"2007"	17	14	391
"Kvinner"	"25-34 år"	"2008"	17	11	356
"Kvinner"	"25-34 år"	"2009"	19	11	379
"Kvinner"	"25-34 år"	"2010"	17	14	315
"Kvinner"	"25-34 år"	"2011"	13	14	348
"Kvinner"	"25-34 år"	"2012"	12	12	315
"Kvinner"	"25-34 år"	"2013"	12	8	320
"Kvinner"	"25-34 år"	"2014"	10	11	276
"Kvinner"	"25-34 år"	"2015"	8	10	547
"Kvinner"	"25-34 år"	"2016"	9	10	494
"Kvinner"	"25-34 år"	"2017"	8	7	552
"Kvinner"	"25-34 år"	"2018"	10	9	510
"Kvinner"	"25-34 år"	"2019"	3	10	513
"Kvinner"	"25-34 år"	"2020"	5	7	518
"Kvinner"	"25-34 år"	"2021"	4	5	522
"Kvinner"	"25-34 år"	"2022"	5	7	441
"Kvinner"	"25-34 år"	"2023"	2	7	435
"Kvinner"	"25-34 år"	"2024"	3	7	422
"Kvinner"	"25-34 år"	"2025"	1	8	389
"Kvinner"	"35-44 år"	"1973"	39	9	..
"Kvinner"	"35-44 år"	"1974"	39	9	..
"Kvinner"	"35-44 år"	"1975"	38	9	..
"Kvinner"	"35-44 år"	"1976"	37	12	..
"Kvinner"	"35-44 år"	"1977"	36	12	..
"Kvinner"	"35-44 år"	"1978"	36	11	..
"Kvinner"	"35-44 år"	"1979"	37	10	..
"Kvinner"	"35-44 år"	"1980"	36	9	..
"Kvinner"	"35-44 år"	"1981"	35	9	..
"Kvinner"	"35-44 år"	"1982"	36	8	..
"Kvinner"	"35-44 år"	"1983"	38	9	..
"Kvinner"	"35-44 år"	"1984"	38	8	..
"Kvinner"	"35-44 år"	"1985"	37	8	..
"Kvinner"	"35-44 år"	"1986"	37	9	..
"Kvinner"	"35-44 år"	"1987"	38	10	..
"Kvinner"	"35-44 år"	"1988"	40	10	..
"Kvinner"	"35-44 år"	"1989"	42	11	..
"Kvinner"	"35-44 år"	"1990"	43	12	..
"Kvinner"	"35-44 år"	"1991"	40	12	..
"Kvinner"	"35-44 år"	"1992"	36	13	188
"Kvinner"	"35-44 år"	"1993"	42	10	177
"Kvinner"	"35-44 år"	"1994"	36	13	336
"Kvinner"	"35-44 år"	"1995"	42	10	434
"Kvinner"	"35-44 år"	"1996"	36	14	564
"Kvinner"	"35-44 år"	"1997"	36	13	568
"Kvinner"	"35-44 år"	"1998"	38	11	568
"Kvinner"	"35-44 år"	"1999"	36	12	536
"Kvinner"	"35-44 år"	"2000"	38	10	529
"Kvinner"	"35-44 år"	"2001"	35	12	555
"Kvinner"	"35-44 år"	"2002"	33	12	539
"Kvinner"	"35-44 år"	"2003"	28	12	505
"Kvinner"	"35-44 år"	"2004"	30	11	531
"Kvinner"	"35-44 år"	"2005"	27	11	540
"Kvinner"	"35-44 år"	"2006"	28	10	468
"Kvinner"	"35-44 år"	"2007"	26	9	553
"Kvinner"	"35-44 år"	"2008"	21	8	518
"Kvinner"	"35-44 år"	"2009"	19	8	487
"Kvinner"	"35-44 år"	"2010"	18	11	479
"Kvinner"	"35-44 år"	"2011"	18	11	446
"Kvinner"	"35-44 år"	"2012"	15	10	419
"Kvinner"	"35-44 år"	"2013"	13	6	410
"Kvinner"	"35-44 år"	"2014"	11	7	427
"Kvinner"	"35-44 år"	"2015"	10	8	551
"Kvinner"	"35-44 år"	"2016"	12	7	456
"Kvinner"	"35-44 år"	"2017"	10	6	459
"Kvinner"	"35-44 år"	"2018"	11	7	502
"Kvinner"	"35-44 år"	"2019"	8	8	465
"Kvinner"	"35-44 år"	"2020"	8	6	449
"Kvinner"	"35-44 år"	"2021"	6	8	426
"Kvinner"	"35-44 år"	"2022"	8	5	416
"Kvinner"	"35-44 år"	"2023"	4	6	385
"Kvinner"	"35-44 år"	"2024"	5	6	405
"Kvinner"	"35-44 år"	"2025"	3	6	411
"Kvinner"	"45-54 år"	"1973"	35	8	..
"Kvinner"	"45-54 år"	"1974"	35	8	..
"Kvinner"	"45-54 år"	"1975"	36	7	..
"Kvinner"	"45-54 år"	"1976"	35	7	..
"Kvinner"	"45-54 år"	"1977"	36	6	..
"Kvinner"	"45-54 år"	"1978"	34	7	..
"Kvinner"	"45-54 år"	"1979"	33	8	..
"Kvinner"	"45-54 år"	"1980"	33	7	..
"Kvinner"	"45-54 år"	"1981"	34	7	..
"Kvinner"	"45-54 år"	"1982"	35	7	..
"Kvinner"	"45-54 år"	"1983"	35	8	..
"Kvinner"	"45-54 år"	"1984"	36	7	..
"Kvinner"	"45-54 år"	"1985"	37	6	..
"Kvinner"	"45-54 år"	"1986"	36	6	..
"Kvinner"	"45-54 år"	"1987"	36	7	..
"Kvinner"	"45-54 år"	"1988"	36	7	..
"Kvinner"	"45-54 år"	"1989"	33	8	..
"Kvinner"	"45-54 år"	"1990"	33	7	..
"Kvinner"	"45-54 år"	"1991"	33	6	..
"Kvinner"	"45-54 år"	"1992"	35	5	136
"Kvinner"	"45-54 år"	"1993"	33	4	141
"Kvinner"	"45-54 år"	"1994"	35	7	310
"Kvinner"	"45-54 år"	"1995"	36	10	368
"Kvinner"	"45-54 år"	"1996"	39	10	448
"Kvinner"	"45-54 år"	"1997"	37	9	526
"Kvinner"	"45-54 år"	"1998"	33	11	474
"Kvinner"	"45-54 år"	"1999"	38	10	454
"Kvinner"	"45-54 år"	"2000"	36	8	476
"Kvinner"	"45-54 år"	"2001"	36	7	492
"Kvinner"	"45-54 år"	"2002"	35	10	502
"Kvinner"	"45-54 år"	"2003"	31	10	464
"Kvinner"	"45-54 år"	"2004"	29	11	455
"Kvinner"	"45-54 år"	"2005"	29	7	460
"Kvinner"	"45-54 år"	"2006"	27	10	453
"Kvinner"	"45-54 år"	"2007"	27	7	480
"Kvinner"	"45-54 år"	"2008"	28	7	443
"Kvinner"	"45-54 år"	"2009"	25	8	464
"Kvinner"	"45-54 år"	"2010"	26	10	437
"Kvinner"	"45-54 år"	"2011"	23	11	446
"Kvinner"	"45-54 år"	"2012"	22	9	463
"Kvinner"	"45-54 år"	"2013"	21	8	432
"Kvinner"	"45-54 år"	"2014"	19	9	401
"Kvinner"	"45-54 år"	"2015"	19	9	585
"Kvinner"	"45-54 år"	"2016"	15	7	534
"Kvinner"	"45-54 år"	"2017"	14	7	561
"Kvinner"	"45-54 år"	"2018"	16	9	525
"Kvinner"	"45-54 år"	"2019"	13	8	526
"Kvinner"	"45-54 år"	"2020"	12	7	567
"Kvinner"	"45-54 år"	"2021"	8	5	511
"Kvinner"	"45-54 år"	"2022"	11	6	453
"Kvinner"	"45-54 år"	"2023"	10	7	459
"Kvinner"	"45-54 år"	"2024"	11	7	452
"Kvinner"	"45-54 år"	"2025"	13	5	428
"Kvinner"	"55-64 år"	"1973"	20	9	..
"Kvinner"	"55-64 år"	"1974"	22	8	..
"Kvinner"	"55-64 år"	"1975"	23	7	..
"Kvinner"	"55-64 år"	"1976"	23	6	..
"Kvinner"	"55-64 år"	"1977"	21	7	..
"Kvinner"	"55-64 år"	"1978"	23	7	..
"Kvinner"	"55-64 år"	"1979"	23	6	..
"Kvinner"	"55-64 år"	"1980"	25	6	..
"Kvinner"	"55-64 år"	"1981"	25	7	..
"Kvinner"	"55-64 år"	"1982"	26	6	..
"Kvinner"	"55-64 år"	"1983"	27	5	..
"Kvinner"	"55-64 år"	"1984"	27	5	..
"Kvinner"	"55-64 år"	"1985"	26	7	..
"Kvinner"	"55-64 år"	"1986"	27	9	..
"Kvinner"	"55-64 år"	"1987"	29	9	..
"Kvinner"	"55-64 år"	"1988"	28	7	..
"Kvinner"	"55-64 år"	"1989"	29	6	..
"Kvinner"	"55-64 år"	"1990"	27	5	..
"Kvinner"	"55-64 år"	"1991"	29	6	..
"Kvinner"	"55-64 år"	"1992"	27	8	91
"Kvinner"	"55-64 år"	"1993"	33	6	83
"Kvinner"	"55-64 år"	"1994"	27	7	207
"Kvinner"	"55-64 år"	"1995"	26	10	221
"Kvinner"	"55-64 år"	"1996"	32	4	260
"Kvinner"	"55-64 år"	"1997"	27	6	306
"Kvinner"	"55-64 år"	"1998"	28	4	292
"Kvinner"	"55-64 år"	"1999"	25	8	289
"Kvinner"	"55-64 år"	"2000"	30	5	324
"Kvinner"	"55-64 år"	"2001"	26	6	343
"Kvinner"	"55-64 år"	"2002"	30	6	371
"Kvinner"	"55-64 år"	"2003"	24	6	375
"Kvinner"	"55-64 år"	"2004"	22	9	367
"Kvinner"	"55-64 år"	"2005"	27	7	351
"Kvinner"	"55-64 år"	"2006"	26	9	351
"Kvinner"	"55-64 år"	"2007"	22	6	410
"Kvinner"	"55-64 år"	"2008"	23	6	398
"Kvinner"	"55-64 år"	"2009"	24	4	388
"Kvinner"	"55-64 år"	"2010"	20	6	378
"Kvinner"	"55-64 år"	"2011"	21	8	401
"Kvinner"	"55-64 år"	"2012"	19	6	394
"Kvinner"	"55-64 år"	"2013"	19	6	396
"Kvinner"	"55-64 år"	"2014"	19	7	424
"Kvinner"	"55-64 år"	"2015"	21	6	481
"Kvinner"	"55-64 år"	"2016"	15	5	461
"Kvinner"	"55-64 år"	"2017"	16	3	459
"Kvinner"	"55-64 år"	"2018"	17	6	416
"Kvinner"	"55-64 år"	"2019"	15	7	440
"Kvinner"	"55-64 år"	"2020"	17	5	458
"Kvinner"	"55-64 år"	"2021"	14	6	404
"Kvinner"	"55-64 år"	"2022"	11	6	428
"Kvinner"	"55-64 år"	"2023"	12	4	394
"Kvinner"	"55-64 år"	"2024"	14	4	405
"Kvinner"	"55-64 år"	"2025"	11	4	390
"Kvinner"	"65-79 år"	"1973"	11	5	..
"Kvinner"	"65-79 år"	"1974"	10	5	..
"Kvinner"	"65-79 år"	"1975"	9	5	..
"Kvinner"	"65-79 år"	"1976"	10	4	..
"Kvinner"	"65-79 år"	"1977"	11	5	..
"Kvinner"	"65-79 år"	"1978"	11	5	..
"Kvinner"	"65-79 år"	"1979"	12	6	..
"Kvinner"	"65-79 år"	"1980"	11	5	..
"Kvinner"	"65-79 år"	"1981"	12	4	..
"Kvinner"	"65-79 år"	"1982"	12	4	..
"Kvinner"	"65-79 år"	"1983"	12	4	..
"Kvinner"	"65-79 år"	"1984"	10	5	..
"Kvinner"	"65-79 år"	"1985"	12	5	..
"Kvinner"	"65-79 år"	"1986"	13	7	..
"Kvinner"	"65-79 år"	"1987"	18	7	..
"Kvinner"	"65-79 år"	"1988"	18	5	..
"Kvinner"	"65-79 år"	"1989"	18	5	..
"Kvinner"	"65-79 år"	"1990"	16	5	..
"Kvinner"	"65-79 år"	"1991"	15	6	..
"Kvinner"	"65-79 år"	"1992"	11	4	150
"Kvinner"	"65-79 år"	"1993"	21	4	140
"Kvinner"	"65-79 år"	"1994"	18	4	244
"Kvinner"	"65-79 år"	"1995"	18	4	288
"Kvinner"	"65-79 år"	"1996"	16	6	296
"Kvinner"	"65-79 år"	"1997"	20	5	258
"Kvinner"	"65-79 år"	"1998"	19	3	318
"Kvinner"	"65-79 år"	"1999"	18	4	321
"Kvinner"	"65-79 år"	"2000"	17	4	341
"Kvinner"	"65-79 år"	"2001"	13	5	374
"Kvinner"	"65-79 år"	"2002"	17	3	373
"Kvinner"	"65-79 år"	"2003"	14	2	377
"Kvinner"	"65-79 år"	"2004"	19	6	369
"Kvinner"	"65-79 år"	"2005"	14	6	360
"Kvinner"	"65-79 år"	"2006"	14	4	349
"Kvinner"	"65-79 år"	"2007"	18	5	345
"Kvinner"	"65-79 år"	"2008"	14	5	311
"Kvinner"	"65-79 år"	"2009"	14	3	345
"Kvinner"	"65-79 år"	"2010"	16	2	325
"Kvinner"	"65-79 år"	"2011"	13	5	351
"Kvinner"	"65-79 år"	"2012"	13	6	429
"Kvinner"	"65-79 år"	"2013"	12	3	379
"Kvinner"	"65-79 år"	"2014"	14	4	424
"Kvinner"	"65-79 år"	"2015"	14	3	526
"Kvinner"	"65-79 år"	"2016"	9	3	448
"Kvinner"	"65-79 år"	"2017"	11	3	493
"Kvinner"	"65-79 år"	"2018"	12	4	455
"Kvinner"	"65-79 år"	"2019"	12	3	461
"Kvinner"	"65-79 år"	"2020"	11	4	524
"Kvinner"	"65-79 år"	"2021"	13	3	519
"Kvinner"	"65-79 år"	"2022"	11	4	473
"Kvinner"	"65-79 år"	"2023"	9	3	466
"Kvinner"	"65-79 år"	"2024"	11	4	455
"Kvinner"	"65-79 år"	"2025"	12	3	431
"Menn"	"I alt"	"1973"	52	9	..
"Menn"	"I alt"	"1974"	51	9	..
"Menn"	"I alt"	"1975"	50	8	..
"Menn"	"I alt"	"1976"	47	9	..
"Menn"	"I alt"	"1977"	46	10	..
"Menn"	"I alt"	"1978"	44	10	..
"Menn"	"I alt"	"1979"	44	9	..
"Menn"	"I alt"	"1980"	42	9	..
"Menn"	"I alt"	"1981"	40	8	..
"Menn"	"I alt"	"1982"	41	9	..
"Menn"	"I alt"	"1983"	41	8	..
"Menn"	"I alt"	"1984"	42	8	..
"Menn"	"I alt"	"1985"	41	9	..
"Menn"	"I alt"	"1986"	40	9	..
"Menn"	"I alt"	"1987"	40	9	..
"Menn"	"I alt"	"1988"	40	9	..
"Menn"	"I alt"	"1989"	38	9	..
"Menn"	"I alt"	"1990"	37	9	..
"Menn"	"I alt"	"1991"	37	10	..
"Menn"	"I alt"	"1992"	38	10	991
"Menn"	"I alt"	"1993"	37	12	899
"Menn"	"I alt"	"1994"	35	9	1664
"Menn"	"I alt"	"1995"	33	13	2104
"Menn"	"I alt"	"1996"	33	13	2666
"Menn"	"I alt"	"1997"	35	12	2616
"Menn"	"I alt"	"1998"	34	11	2616
"Menn"	"I alt"	"1999"	32	11	2572
"Menn"	"I alt"	"2000"	31	11	2623
"Menn"	"I alt"	"2001"	30	11	2546
"Menn"	"I alt"	"2002"	28	12	2772
"Menn"	"I alt"	"2003"	27	11	2625
"Menn"	"I alt"	"2004"	26	12	2600
"Menn"	"I alt"	"2005"	26	11	2595
"Menn"	"I alt"	"2006"	24	10	2502
"Menn"	"I alt"	"2007"	20	11	2485
"Menn"	"I alt"	"2008"	20	9	2282
"Menn"	"I alt"	"2009"	21	10	2331
"Menn"	"I alt"	"2010"	19	11	2160
"Menn"	"I alt"	"2011"	16	11	2289
"Menn"	"I alt"	"2012"	16	10	2268
"Menn"	"I alt"	"2013"	15	10	2347
"Menn"	"I alt"	"2014"	14	10	2268
"Menn"	"I alt"	"2015"	14	10	3258
"Menn"	"I alt"	"2016"	13	9	3090
"Menn"	"I alt"	"2017"	12	10	3174
"Menn"	"I alt"	"2018"	12	9	3164
"Menn"	"I alt"	"2019"	9	11	3136
"Menn"	"I alt"	"2020"	9	9	3164
"Menn"	"I alt"	"2021"	9	8	2979
"Menn"	"I alt"	"2022"	8	9	2775
"Menn"	"I alt"	"2023"	8	10	2736
"Menn"	"I alt"	"2024"	8	11	2419
"Menn"	"I alt"	"2025"	7	10	2229
"Menn"	"16-24 år"	"1973"	45	13	..
"Menn"	"16-24 år"	"1974"	43	12	..
"Menn"	"16-24 år"	"1975"	43	11	..
"Menn"	"16-24 år"	"1976"	39	11	..
"Menn"	"16-24 år"	"1977"	40	12	..
"Menn"	"16-24 år"	"1978"	36	13	..
"Menn"	"16-24 år"	"1979"	36	12	..
"Menn"	"16-24 år"	"1980"	34	11	..
"Menn"	"16-24 år"	"1981"	34	9	..
"Menn"	"16-24 år"	"1982"	32	9	..
"Menn"	"16-24 år"	"1983"	31	10	..
"Menn"	"16-24 år"	"1984"	32	11	..
"Menn"	"16-24 år"	"1985"	32	10	..
"Menn"	"16-24 år"	"1986"	32	11	..
"Menn"	"16-24 år"	"1987"	30	10	..
"Menn"	"16-24 år"	"1988"	29	10	..
"Menn"	"16-24 år"	"1989"	26	11	..
"Menn"	"16-24 år"	"1990"	27	12	..
"Menn"	"16-24 år"	"1991"	28	13	..
"Menn"	"16-24 år"	"1992"	29	14	152
"Menn"	"16-24 år"	"1993"	32	15	152
"Menn"	"16-24 år"	"1994"	29	14	263
"Menn"	"16-24 år"	"1995"	29	19	283
"Menn"	"16-24 år"	"1996"	28	16	440
"Menn"	"16-24 år"	"1997"	32	15	423
"Menn"	"16-24 år"	"1998"	32	18	421
"Menn"	"16-24 år"	"1999"	27	18	379
"Menn"	"16-24 år"	"2000"	31	15	409
"Menn"	"16-24 år"	"2001"	24	18	388
"Menn"	"16-24 år"	"2002"	27	19	405
"Menn"	"16-24 år"	"2003"	23	14	412
"Menn"	"16-24 år"	"2004"	26	13	437
"Menn"	"16-24 år"	"2005"	24	17	429
"Menn"	"16-24 år"	"2006"	21	14	390
"Menn"	"16-24 år"	"2007"	12	17	349
"Menn"	"16-24 år"	"2008"	13	13	321
"Menn"	"16-24 år"	"2009"	18	15	311
"Menn"	"16-24 år"	"2010"	10	17	315
"Menn"	"16-24 år"	"2011"	9	18	340
"Menn"	"16-24 år"	"2012"	6	14	339
"Menn"	"16-24 år"	"2013"	8	16	349
"Menn"	"16-24 år"	"2014"	6	14	346
"Menn"	"16-24 år"	"2015"	6	16	600
"Menn"	"16-24 år"	"2016"	6	17	596
"Menn"	"16-24 år"	"2017"	5	16	595
"Menn"	"16-24 år"	"2018"	5	17	568
"Menn"	"16-24 år"	"2019"	2	22	599
"Menn"	"16-24 år"	"2020"	2	17	540
"Menn"	"16-24 år"	"2021"	2	18	524
"Menn"	"16-24 år"	"2022"	3	22	456
"Menn"	"16-24 år"	"2023"	4	18	449
"Menn"	"16-24 år"	"2024"	2	24	338
"Menn"	"16-24 år"	"2025"	1	24	327
"Menn"	"25-34 år"	"1973"	54	11	..
"Menn"	"25-34 år"	"1974"	53	11	..
"Menn"	"25-34 år"	"1975"	53	10	..
"Menn"	"25-34 år"	"1976"	50	12	..
"Menn"	"25-34 år"	"1977"	50	13	..
"Menn"	"25-34 år"	"1978"	50	14	..
"Menn"	"25-34 år"	"1979"	48	13	..
"Menn"	"25-34 år"	"1980"	46	13	..
"Menn"	"25-34 år"	"1981"	43	13	..
"Menn"	"25-34 år"	"1982"	44	12	..
"Menn"	"25-34 år"	"1983"	43	11	..
"Menn"	"25-34 år"	"1984"	44	12	..
"Menn"	"25-34 år"	"1985"	45	13	..
"Menn"	"25-34 år"	"1986"	45	13	..
"Menn"	"25-34 år"	"1987"	44	11	..
"Menn"	"25-34 år"	"1988"	42	11	..
"Menn"	"25-34 år"	"1989"	41	11	..
"Menn"	"25-34 år"	"1990"	41	11	..
"Menn"	"25-34 år"	"1991"	41	12	..
"Menn"	"25-34 år"	"1992"	40	15	185
"Menn"	"25-34 år"	"1993"	39	15	183
"Menn"	"25-34 år"	"1994"	41	11	349
"Menn"	"25-34 år"	"1995"	36	15	460
"Menn"	"25-34 år"	"1996"	34	15	557
"Menn"	"25-34 år"	"1997"	35	15	573
"Menn"	"25-34 år"	"1998"	38	12	549
"Menn"	"25-34 år"	"1999"	33	12	509
"Menn"	"25-34 år"	"2000"	29	15	530
"Menn"	"25-34 år"	"2001"	33	14	492
"Menn"	"25-34 år"	"2002"	27	16	557
"Menn"	"25-34 år"	"2003"	26	15	536
"Menn"	"25-34 år"	"2004"	28	12	511
"Menn"	"25-34 år"	"2005"	24	18	479
"Menn"	"25-34 år"	"2006"	22	15	494
"Menn"	"25-34 år"	"2007"	19	13	415
"Menn"	"25-34 år"	"2008"	17	15	357
"Menn"	"25-34 år"	"2009"	21	17	346
"Menn"	"25-34 år"	"2010"	21	15	298
"Menn"	"25-34 år"	"2011"	16	17	312
"Menn"	"25-34 år"	"2012"	14	16	301
"Menn"	"25-34 år"	"2013"	12	14	317
"Menn"	"25-34 år"	"2014"	11	15	302
"Menn"	"25-34 år"	"2015"	11	14	574
"Menn"	"25-34 år"	"2016"	10	15	493
"Menn"	"25-34 år"	"2017"	9	15	543
"Menn"	"25-34 år"	"2018"	10	13	572
"Menn"	"25-34 år"	"2019"	5	15	539
"Menn"	"25-34 år"	"2020"	5	14	563
"Menn"	"25-34 år"	"2021"	6	10	553
"Menn"	"25-34 år"	"2022"	4	14	489
"Menn"	"25-34 år"	"2023"	5	14	503
"Menn"	"25-34 år"	"2024"	4	18	406
"Menn"	"25-34 år"	"2025"	4	13	374
"Menn"	"35-44 år"	"1973"	56	7	..
"Menn"	"35-44 år"	"1974"	53	8	..
"Menn"	"35-44 år"	"1975"	50	9	..
"Menn"	"35-44 år"	"1976"	48	10	..
"Menn"	"35-44 år"	"1977"	48	12	..
"Menn"	"35-44 år"	"1978"	46	12	..
"Menn"	"35-44 år"	"1979"	44	11	..
"Menn"	"35-44 år"	"1980"	43	10	..
"Menn"	"35-44 år"	"1981"	43	10	..
"Menn"	"35-44 år"	"1982"	45	11	..
"Menn"	"35-44 år"	"1983"	46	11	..
"Menn"	"35-44 år"	"1984"	47	10	..
"Menn"	"35-44 år"	"1985"	45	10	..
"Menn"	"35-44 år"	"1986"	43	11	..
"Menn"	"35-44 år"	"1987"	44	10	..
"Menn"	"35-44 år"	"1988"	45	10	..
"Menn"	"35-44 år"	"1989"	44	11	..
"Menn"	"35-44 år"	"1990"	43	11	..
"Menn"	"35-44 år"	"1991"	42	10	..
"Menn"	"35-44 år"	"1992"	42	9	214
"Menn"	"35-44 år"	"1993"	41	17	193
"Menn"	"35-44 år"	"1994"	43	11	360
"Menn"	"35-44 år"	"1995"	38	14	465
"Menn"	"35-44 år"	"1996"	37	15	547
"Menn"	"35-44 år"	"1997"	37	12	542
"Menn"	"35-44 år"	"1998"	35	11	551
"Menn"	"35-44 år"	"1999"	35	14	545
"Menn"	"35-44 år"	"2000"	36	11	521
"Menn"	"35-44 år"	"2001"	28	13	492
"Menn"	"35-44 år"	"2002"	30	13	538
"Menn"	"35-44 år"	"2003"	31	12	564
"Menn"	"35-44 år"	"2004"	28	14	527
"Menn"	"35-44 år"	"2005"	28	11	528
"Menn"	"35-44 år"	"2006"	24	12	490
"Menn"	"35-44 år"	"2007"	25	11	508
"Menn"	"35-44 år"	"2008"	24	11	484
"Menn"	"35-44 år"	"2009"	20	11	453
"Menn"	"35-44 år"	"2010"	17	11	448
"Menn"	"35-44 år"	"2011"	15	13	424
"Menn"	"35-44 år"	"2012"	16	14	407
"Menn"	"35-44 år"	"2013"	16	11	441
"Menn"	"35-44 år"	"2014"	13	10	384
"Menn"	"35-44 år"	"2015"	13	10	523
"Menn"	"35-44 år"	"2016"	13	7	499
"Menn"	"35-44 år"	"2017"	14	12	491
"Menn"	"35-44 år"	"2018"	11	10	491
"Menn"	"35-44 år"	"2019"	12	10	466
"Menn"	"35-44 år"	"2020"	11	7	483
"Menn"	"35-44 år"	"2021"	7	6	407
"Menn"	"35-44 år"	"2022"	9	6	418
"Menn"	"35-44 år"	"2023"	7	9	413
"Menn"	"35-44 år"	"2024"	9	10	441
"Menn"	"35-44 år"	"2025"	7	8	359
"Menn"	"45-54 år"	"1973"	59	5	..
"Menn"	"45-54 år"	"1974"	59	5	..
"Menn"	"45-54 år"	"1975"	60	6	..
"Menn"	"45-54 år"	"1976"	56	7	..
"Menn"	"45-54 år"	"1977"	52	7	..
"Menn"	"45-54 år"	"1978"	47	7	..
"Menn"	"45-54 år"	"1979"	46	7	..
"Menn"	"45-54 år"	"1980"	46	6	..
"Menn"	"45-54 år"	"1981"	43	5	..
"Menn"	"45-54 år"	"1982"	43	6	..
"Menn"	"45-54 år"	"1983"	42	6	..
"Menn"	"45-54 år"	"1984"	44	7	..
"Menn"	"45-54 år"	"1985"	43	7	..
"Menn"	"45-54 år"	"1986"	43	7	..
"Menn"	"45-54 år"	"1987"	44	7	..
"Menn"	"45-54 år"	"1988"	42	7	..
"Menn"	"45-54 år"	"1989"	40	8	..
"Menn"	"45-54 år"	"1990"	38	8	..
"Menn"	"45-54 år"	"1991"	40	8	..
"Menn"	"45-54 år"	"1992"	46	7	151
"Menn"	"45-54 år"	"1993"	42	11	144
"Menn"	"45-54 år"	"1994"	34	7	259
"Menn"	"45-54 år"	"1995"	35	13	380
"Menn"	"45-54 år"	"1996"	39	10	478
"Menn"	"45-54 år"	"1997"	37	11	502
"Menn"	"45-54 år"	"1998"	37	10	490
"Menn"	"45-54 år"	"1999"	37	8	496
"Menn"	"45-54 år"	"2000"	38	9	497
"Menn"	"45-54 år"	"2001"	36	10	501
"Menn"	"45-54 år"	"2002"	32	12	513
"Menn"	"45-54 år"	"2003"	31	10	429
"Menn"	"45-54 år"	"2004"	27	9	455
"Menn"	"45-54 år"	"2005"	30	7	454
"Menn"	"45-54 år"	"2006"	27	6	432
"Menn"	"45-54 år"	"2007"	26	10	458
"Menn"	"45-54 år"	"2008"	26	9	431
"Menn"	"45-54 år"	"2009"	24	11	487
"Menn"	"45-54 år"	"2010"	24	11	411
"Menn"	"45-54 år"	"2011"	21	8	419
"Menn"	"45-54 år"	"2012"	22	8	442
"Menn"	"45-54 år"	"2013"	18	9	465
"Menn"	"45-54 år"	"2014"	17	10	420
"Menn"	"45-54 år"	"2015"	19	7	582
"Menn"	"45-54 år"	"2016"	16	7	547
"Menn"	"45-54 år"	"2017"	14	6	575
"Menn"	"45-54 år"	"2018"	15	8	571
"Menn"	"45-54 år"	"2019"	12	9	549
"Menn"	"45-54 år"	"2020"	10	7	558
"Menn"	"45-54 år"	"2021"	10	5	496
"Menn"	"45-54 år"	"2022"	10	7	480
"Menn"	"45-54 år"	"2023"	10	6	423
"Menn"	"45-54 år"	"2024"	10	7	396
"Menn"	"45-54 år"	"2025"	11	7	350
"Menn"	"55-64 år"	"1973"	54	7	..
"Menn"	"55-64 år"	"1974"	54	7	..
"Menn"	"55-64 år"	"1975"	52	7	..
"Menn"	"55-64 år"	"1976"	49	6	..
"Menn"	"55-64 år"	"1977"	46	5	..
"Menn"	"55-64 år"	"1978"	46	6	..
"Menn"	"55-64 år"	"1979"	46	6	..
"Menn"	"55-64 år"	"1980"	43	7	..
"Menn"	"55-64 år"	"1981"	41	7	..
"Menn"	"55-64 år"	"1982"	42	6	..
"Menn"	"55-64 år"	"1983"	45	4	..
"Menn"	"55-64 år"	"1984"	47	4	..
"Menn"	"55-64 år"	"1985"	43	4	..
"Menn"	"55-64 år"	"1986"	42	4	..
"Menn"	"55-64 år"	"1987"	41	5	..
"Menn"	"55-64 år"	"1988"	43	6	..
"Menn"	"55-64 år"	"1989"	41	7	..
"Menn"	"55-64 år"	"1990"	37	7	..
"Menn"	"55-64 år"	"1991"	34	7	..
"Menn"	"55-64 år"	"1992"	36	7	122
"Menn"	"55-64 år"	"1993"	40	7	106
"Menn"	"55-64 år"	"1994"	34	6	197
"Menn"	"55-64 år"	"1995"	30	10	237
"Menn"	"55-64 år"	"1996"	31	11	323
"Menn"	"55-64 år"	"1997"	30	9	305
"Menn"	"55-64 år"	"1998"	27	6	296
"Menn"	"55-64 år"	"1999"	28	8	307
"Menn"	"55-64 år"	"2000"	26	9	329
"Menn"	"55-64 år"	"2001"	31	6	339
"Menn"	"55-64 år"	"2002"	28	10	423
"Menn"	"55-64 år"	"2003"	28	10	348
"Menn"	"55-64 år"	"2004"	25	10	335
"Menn"	"55-64 år"	"2005"	29	8	375
"Menn"	"55-64 år"	"2006"	30	7	366
"Menn"	"55-64 år"	"2007"	22	8	437
"Menn"	"55-64 år"	"2008"	24	5	391
"Menn"	"55-64 år"	"2009"	23	5	401
"Menn"	"55-64 år"	"2010"	23	8	388
"Menn"	"55-64 år"	"2011"	23	8	425
"Menn"	"55-64 år"	"2012"	19	9	393
"Menn"	"55-64 år"	"2013"	20	6	410
"Menn"	"55-64 år"	"2014"	22	9	404
"Menn"	"55-64 år"	"2015"	17	6	503
"Menn"	"55-64 år"	"2016"	17	6	482
"Menn"	"55-64 år"	"2017"	16	6	461
"Menn"	"55-64 år"	"2018"	15	5	479
"Menn"	"55-64 år"	"2019"	12	6	456
"Menn"	"55-64 år"	"2020"	17	7	510
"Menn"	"55-64 år"	"2021"	15	6	501
"Menn"	"55-64 år"	"2022"	12	6	423
"Menn"	"55-64 år"	"2023"	14	7	453
"Menn"	"55-64 år"	"2024"	12	6	394
"Menn"	"55-64 år"	"2025"	13	4	377
"Menn"	"65-79 år"	"1973"	41	10	..
"Menn"	"65-79 år"	"1974"	41	9	..
"Menn"	"65-79 år"	"1975"	41	7	..
"Menn"	"65-79 år"	"1976"	38	7	..
"Menn"	"65-79 år"	"1977"	38	7	..
"Menn"	"65-79 år"	"1978"	38	6	..
"Menn"	"65-79 år"	"1979"	40	5	..
"Menn"	"65-79 år"	"1980"	38	5	..
"Menn"	"65-79 år"	"1981"	38	4	..
"Menn"	"65-79 år"	"1982"	38	5	..
"Menn"	"65-79 år"	"1983"	39	4	..
"Menn"	"65-79 år"	"1984"	38	4	..
"Menn"	"65-79 år"	"1985"	36	5	..
"Menn"	"65-79 år"	"1986"	36	5	..
"Menn"	"65-79 år"	"1987"	37	6	..
"Menn"	"65-79 år"	"1988"	37	5	..
"Menn"	"65-79 år"	"1989"	36	5	..
"Menn"	"65-79 år"	"1990"	32	4	..
"Menn"	"65-79 år"	"1991"	28	6	..
"Menn"	"65-79 år"	"1992"	30	7	167
"Menn"	"65-79 år"	"1993"	25	5	121
"Menn"	"65-79 år"	"1994"	22	7	236
"Menn"	"65-79 år"	"1995"	25	8	279
"Menn"	"65-79 år"	"1996"	26	5	321
"Menn"	"65-79 år"	"1997"	32	3	271
"Menn"	"65-79 år"	"1998"	27	4	309
"Menn"	"65-79 år"	"1999"	24	3	336
"Menn"	"65-79 år"	"2000"	22	6	337
"Menn"	"65-79 år"	"2001"	24	3	334
"Menn"	"65-79 år"	"2002"	22	4	336
"Menn"	"65-79 år"	"2003"	22	3	336
"Menn"	"65-79 år"	"2004"	20	10	335
"Menn"	"65-79 år"	"2005"	17	5	330
"Menn"	"65-79 år"	"2006"	17	3	330
"Menn"	"65-79 år"	"2007"	14	6	318
"Menn"	"65-79 år"	"2008"	15	4	298
"Menn"	"65-79 år"	"2009"	17	3	333
"Menn"	"65-79 år"	"2010"	16	3	300
"Menn"	"65-79 år"	"2011"	13	3	369
"Menn"	"65-79 år"	"2012"	15	4	386
"Menn"	"65-79 år"	"2013"	14	4	365
"Menn"	"65-79 år"	"2014"	15	4	412
"Menn"	"65-79 år"	"2015"	14	4	476
"Menn"	"65-79 år"	"2016"	13	4	473
"Menn"	"65-79 år"	"2017"	12	5	509
"Menn"	"65-79 år"	"2018"	13	3	483
"Menn"	"65-79 år"	"2019"	10	2	527
"Menn"	"65-79 år"	"2020"	11	5	510
"Menn"	"65-79 år"	"2021"	11	4	498
"Menn"	"65-79 år"	"2022"	8	2	509
"Menn"	"65-79 år"	"2023"	9	5	495
"Menn"	"65-79 år"	"2024"	10	3	444
"Menn"	"65-79 år"	"2025"	9	4	442
