"07199: Spotpris metaller, etter måned og statistikkvariabel"

"måned";"Aluminium (kr per tonn)"
"1990M01";9987.9
"1990M02";9360.1
"1990M03";10287.5
"1990M04";9983.1
"1990M05";9859.3
"1990M06";10139.8
"1990M07";9752.9
"1990M08";10811.5
"1990M09";12295.6
"1990M10";11537.4
"1990M11";9208.9
"1990M12";8854.0
"1991M01";8971.2
"1991M02";8718.8
"1991M03";9333.0
"1991M04";9273.2
"1991M05";8710.4
"1991M06";8960.4
"1991M07";9053.6
"1991M08";8560.9
"1991M09";8083.6
"1991M10";7650.8
"1991M11";7230.6
"1991M12";6730.8
"1992M01";7293.0
"1992M02";8034.0
"1992M03";8313.3
"1992M04";8478.9
"1992M05";8258.6
"1992M06";7825.9
"1992M07";7668.0
"1992M08";7494.7
"1992M09";7381.1
"1992M10";7089.1
"1992M11";7474.6
"1992M12";8051.6
"1993M01";8325.9
"1993M02";8393.3
"1993M03";8037.3
"1993M04";7510.9
"1993M05";7641.6
"1993M06";8034.9
"1993M07";8717.2
"1993M08";8686.7
"1993M09";7914.6
"1993M10";7754.8
"1993M11";7625.2
"1993M12";8086.8
"1994M01";8541.7
"1994M02";9435.1
"1994M03";9477.4
"1994M04";9423.7
"1994M05";9494.5
"1994M06";9868.1
"1994M07";10280.9
"1994M08";9562.0
"1994M09";10672.3
"1994M10";11094.6
"1994M11";12630.9
"1994M12";12739.5
"1995M01";13803.2
"1995M02";12882.7
"1995M03";11149.6
"1995M04";11478.8
"1995M05";11194.7
"1995M06";10947.2
"1995M07";11500.5
"1995M08";11954.6
"1995M09";11240.1
"1995M10";10452.8
"1995M11";10303.9
"1995M12";10519.8
"1996M01";10198.2
"1996M02";10181.6
"1996M03";10360.8
"1996M04";9946.0
"1996M05";10120.8
"1996M06";9716.7
"1996M07";9451.6
"1996M08";9353.7
"1996M09";9115.9
"1996M10";8651.5
"1996M11";8716.7
"1996M12";9664.7
"1997M01";10164.5
"1997M02";10413.1
"1997M03";11158.1
"1997M04";10910.7
"1997M05";11452.4
"1997M06";11267.2
"1997M07";11805.7
"1997M08";13150.8
"1997M09";11739.8
"1997M10";11355.9
"1997M11";11245.6
"1997M12";11076.7
"1998M01";11100.3
"1998M02";10729.5
"1998M03";9664.8
"1998M04";9690.7
"1998M05";9396.3
"1998M06";9302.6
"1998M07";9494.3
"1998M08";8872.6
"1998M09";8756.9
"1998M10";8289.8
"1998M11";8069.2
"1998M12";7971.9
"1999M01";7651.7
"1999M02";7915.7
"1999M03";8224.2
"1999M04";9012.2
"1999M05";9543.8
"1999M06";9453.6
"1999M07";9814.1
"1999M08";9672.2
"1999M09";10059.5
"1999M10";9826.7
"1999M11";9983.6
"1999M12";10335.2
"2000M01";11120.9
"2000M02";11148.6
"2000M03";10755.3
"2000M04";10034.8
"2000M05";10694.5
"2000M06";10345.1
"2000M07";10719.2
"2000M08";10595.3
"2000M09";11166.5
"2000M10";10822.9
"2000M11";10568.4
"2000M12";10697.0
"2001M01";10160.9
"2001M02";11198.7
"2001M03";11344.5
"2001M04";11253.0
"2001M05";11269.8
"2001M06";11142.2
"2001M07";10794.4
"2001M08";10357.8
"2001M09";9977.9
"2001M10";9662.1
"2001M11";9684.1
"2001M12";9676.1
"2002M01";9690.4
"2002M02";10461.8
"2002M03";10973.4
"2002M04";10781.3
"2002M05";9865.6
"2002M06";9519.1
"2002M07";9505.5
"2002M08";9601.5
"2002M09";9303.1
"2002M10";9177.0
"2002M11";9596.8
"2002M12";9544.1
"2003M01";9458.2
"2003M02";10215.2
"2003M03";10568.6
"2003M04";10145.4
"2003M05";9382.1
"2003M06";9495.0
"2003M07";9991.2
"2003M08";10371.6
"2003M09";10130.2
"2003M10";9804.5
"2003M11";9686.9
"2003M12";9693.8
"2004M01";10041.7
"2004M02";10752.5
"2004M03";10865.5
"2004M04";10984.4
"2004M05";10322.3
"2004M06";10479.0
"2004M07";10633.0
"2004M08";10406.4
"2004M09";10519.3
"2004M10";10520.8
"2004M11";10200.8
"2004M12";10231.5
"2005M01";10317.2
"2005M02";10696.8
"2005M03";10609.5
"2005M04";10591.1
"2005M05";9974.9
"2005M06";10041.5
"2005M07";10308.4
"2005M08";10838.6
"2005M09";10199.7
"2005M10";10588.9
"2005M11";11148.3
"2005M12";12694.8
"2006M01";13356.6
"2006M02";15528.2
"2006M03";15575.6
"2006M04";15582.7
"2006M05";15896.6
"2006M06";14372.6
"2006M07";14353.1
"2006M08";13642.6
"2006M09";14187.0
"2006M10";14681.8
"2006M11";14338.8
"2006M12";14100.2
"2007M01";14011.4
"2007M02";13378.5
"2007M03";13423.7
"2007M04";13363.5
"2007M05";13177.0
"2007M06";12928.1
"2007M07";12487.3
"2007M08";12466.6
"2007M09";12119.4
"2007M10";11798.0
"2007M11";12527.9
"2007M12";12529.4
"2008M01";12537.4
"2008M02";13466.1
"2008M03";13548.0
"2008M04";13879.6
"2008M05";13452.7
"2008M06";13469.3
"2008M07";13252.8
"2008M08";13071.7
"2008M09";12766.9
"2008M10";11250.6
"2008M11";9420.0
"2008M12";7836.3
"2009M01";7686.9
"2009M02";7486.2
"2009M03";7844.3
"2009M04";8554.7
"2009M05";7826.9
"2009M06";8334.6
"2009M07";9460.3
"2009M08";10504.9
"2009M09";9872.7
"2009M10";9491.2
"2009M11";9901.8
"2009M12";10852.1
"2010M01";11248.6
"2010M02";11190.8
"2010M03";12011.4
"2010M04";12673.7
"2010M05";12020.8
"2010M06";11902.4
"2010M07";12566.4
"2010M08";13451.5
"2010M09";13351.4
"2010M10";12973.8
"2010M11";13164.0
"2010M12";13478.6
"2011M01";13292.3
"2011M02";13370.4
"2011M03";13312.5
"2011M04";13110.9
"2011M05";13177.4
"2011M06";12800.2
"2011M07";12663.6
"2011M08";12455.6
"2011M09";12775.1
"2011M10";12226.5
"2011M11";11403.5
"2011M12";11412.0
"2012M01";12708.6
"2012M02";12641.2
"2012M03";12449.9
"2012M04";11730.4
"2012M05";11793.9
"2012M06";11374.5
"2012M07";11405.7
"2012M08";10893.0
"2012M09";11755.0
"2012M10";11170.6
"2012M11";11134.0
"2012M12";11694.5
"2013M01";11376.9
"2013M02";11369.9
"2013M03";11026.4
"2013M04";10786.0
"2013M05";10645.9
"2013M06";10720.1
"2013M07";10676.9
"2013M08";10801.9
"2013M09";10444.0
"2013M10";10796.7
"2013M11";10628.1
"2013M12";10624.2
"2014M01";10682.9
"2014M02";10415.6
"2014M03";10248.5
"2014M04";10757.0
"2014M05";10387.7
"2014M06";11077.4
"2014M07";12069.1
"2014M08";12592.1
"2014M09";12646.6
"2014M10";12756.1
"2014M11";13995.4
"2014M12";13765.9
"2015M01";14000.8
"2015M02";13970.3
"2015M03";14246.1
"2015M04";14247.6
"2015M05";13938.1
"2015M06";13514.0
"2015M07";13647.5
"2015M08";13909.7
"2015M09";13936.4
"2015M10";13743.8
"2015M11";13539.1
"2015M12";13834.2
"2016M01";13799.4
"2016M02";13422.1
"2016M03";13440.5
"2016M04";12743.2
"2016M05";12603.5
"2016M06";12719.6
"2016M07";12898.3
"2016M08";13120.6
"2016M09";12796.6
"2016M10";12695.3
"2016M11";13361.5
"2016M12";14062.0
"2017M01";13386.4
"2017M02";13445.9
"2017M03";14329.6
"2017M04";14436.5
"2017M05";14143.7
"2017M06";13595.0
"2017M07";13312.0
"2017M08";13657.2
"2017M09";13667.4
"2017M10";14459.8
"2017M11";15535.4
"2017M12";14924.8
"2018M01";14450.0
"2018M02";14295.7
"2018M03";14274.0
"2018M04";14811.9
"2018M05";15107.2
"2018M06";13803.0
"2018M07";14282.3
"2018M08";13484.0
"2018M09";12260.8
"2018M10";11234.5
"2018M11";11418.3
"2018M12";12282.9
"2019M01";12089.3
"2019M02";12668.0
"2019M03";12360.2
"2019M04";11711.1
"2019M05";11560.1
"2019M06";10560.2
"2019M07";10848.6
"2019M08";10785.8
"2019M09";10593.2
"2019M10";11319.4
"2019M11";12087.1
"2019M12";12288.7
"2020M01";12329.5
"2020M02";12581.0
"2020M03";12922.6
"2020M04";12201.0
"2020M05";12135.9
"2020M06";11532.6
"2020M07";11612.1
"2020M08";11791.2
"2020M09";13466.0
"2020M10";14098.3
"2020M11";14573.4
"2020M12";16304.4
"2021M01";16676.4
"2021M02";17666.3
"2021M03";18651.6
"2021M04";16531.4
"2021M05";17262.7
"2021M06";17886.4
"2021M07";19612.6
"2021M08";19898.2
"2021M09";21349.3
"2021M10";22757.0
"2021M11";21526.5
"2021M12";20721.8
"2022M01";20700.0
"2022M02";23085.8
"2022M03";25130.0
"2022M04";23336.0
"2022M05";19011.1
"2022M06";17646.6
"2022M07";16813.2
"2022M08";17035.5
"2022M09";18029.9
"2022M10";18267.6
"2022M11";17920.7
"2022M12";18760.8
"2023M01";20845.0
"2023M02";21332.7
"2023M03";21195.3
"2023M04";20410.3
"2023M05";20966.5
"2023M06";21040.9
"2023M07";18675.4
"2023M08";16646.9
"2023M09";16064.5
"2023M10";16949.8
"2023M11";18242.9
