dato,DKK,GBP
2020-04-01,150.97,12.7385
2020-04-02,150.47,12.8046
2020-04-03,150.8,12.8205
2020-04-06,152.52,12.9698
2020-04-07,148.57,12.5941
2020-04-08,149.97,12.728
2020-04-14,151.59,12.9644
2020-04-15,153.41,13.1033
2020-04-16,152.97,13.0956
2020-04-17,151.26,12.974
2020-04-20,151.1,12.9029
2020-04-21,153.98,13.0326
2020-04-22,156.56,13.282
2020-04-23,154.42,13.207
2020-04-24,153.91,13.1186
2020-04-27,153.52,13.1227
2020-04-28,151.24,12.952
2020-04-29,151.17,12.9012
2020-04-30,149.95,12.8692
2020-05-04,151.81,12.8877
2020-05-05,149.75,12.8337
2020-05-06,148.62,12.7102
2020-05-07,147.99,12.6209
2020-05-08,148.39,12.6458
2020-05-11,148.08,12.5701
2020-05-12,148.19,12.5913
2020-05-13,146.71,12.395
2020-05-14,148.31,12.4977
2020-05-15,148.26,12.4601
2020-05-18,147.1,12.3005
2020-05-19,146.39,12.1911
2020-05-20,145.87,12.1718
2020-05-22,146.26,12.1789
2020-05-25,146.66,12.2167
2020-05-26,146.12,12.2576
2020-05-27,145.18,12.0858
2020-05-28,145.62,12.098
2020-05-29,144.72,11.975
2020-06-02,143.27,11.9886
2020-06-03,143.23,11.9887
2020-06-04,142.24,11.8245
2020-06-05,141.36,11.7837
2020-06-08,140.3,11.7303
2020-06-09,141.37,11.8288
2020-06-10,141.35,11.8457
2020-06-11,143.8,11.9556
2020-06-12,145.5,12.0994
2020-06-15,146.05,12.1468
2020-06-16,144.03,12.0162
2020-06-17,143.58,11.9678
2020-06-18,143.63,11.8944
2020-06-19,143.7,11.8375
2020-06-22,144.86,11.9548
2020-06-23,144.02,11.8443
2020-06-24,144.85,11.9498
2020-06-25,145.9,12.0653
2020-06-26,146.06,12.0177
2020-06-29,146.27,11.9088
2020-06-30,146.42,11.9593
2020-07-01,144.56,11.9137
2020-07-02,143.44,11.8452
2020-07-03,143.29,11.8481
2020-07-06,142.54,11.7361
2020-07-07,142.81,11.8057
2020-07-08,143.48,11.8863
2020-07-09,142.51,11.8424
2020-07-10,143.88,11.9642
2020-07-13,143.25,11.8582
2020-07-14,143.87,11.7991
2020-07-15,142.72,11.7379
2020-07-16,142.57,11.6807
2020-07-17,142.36,11.6378
2020-07-20,142.4,11.7096
2020-07-21,140.95,11.6521
2020-07-22,141.51,11.5605
2020-07-23,142.52,11.6314
2020-07-24,143.68,11.755
2020-07-27,143.32,11.6798
2020-07-28,143.68,11.7558
2020-07-29,143.19,11.791
2020-07-30,144.05,11.8772
2020-07-31,144.17,11.9178
2020-08-03,143.94,11.9081
2020-08-04,144.46,11.9077
2020-08-05,143.05,11.808
2020-08-06,143.0,11.8332
2020-08-07,142.9,11.7771
2020-08-10,142.71,11.7897
2020-08-11,141.88,11.7603
2020-08-12,141.61,11.6566
2020-08-13,141.19,11.6349
2020-08-14,141.54,11.689
2020-08-17,141.16,11.5994
2020-08-18,141.02,11.6194
2020-08-19,141.64,11.6725
2020-08-20,142.47,11.7627
2020-08-21,142.28,11.8002
2020-08-24,142.66,11.7758
2020-08-25,142.01,11.7503
2020-08-26,141.87,11.7742
2020-08-27,141.31,11.7511
2020-08-28,140.65,11.7025
2020-08-31,140.45,11.6679
2020-09-01,140.23,11.7312
2020-09-02,139.84,11.7132
2020-09-03,141.55,11.8152
2020-09-04,142.16,11.8408
2020-09-07,141.72,11.7385
2020-09-08,143.42,11.7976
2020-09-09,144.01,11.7472
2020-09-10,143.63,11.6683
2020-09-11,143.85,11.5821
2020-09-14,143.73,11.5992
2020-09-15,143.78,11.6144
2020-09-16,143.3,11.661
2020-09-17,144.14,11.7162
2020-09-18,144.53,11.7762
2020-09-21,146.27,11.8811
2020-09-22,147.18,11.9386
2020-09-23,147.71,11.9647
2020-09-24,149.17,12.1698
2020-09-25,149.66,12.2007
2020-09-28,148.51,12.2177
2020-09-29,148.46,12.1525
2020-09-30,149.08,12.1673
2020-10-01,146.56,12.0226
2020-10-02,146.53,12.0256
2020-10-05,146.31,11.9871
2020-10-06,145.96,11.9268
2020-10-07,146.88,11.9581
2020-10-08,146.51,11.9776
2020-10-09,145.96,11.9147
2020-10-12,145.0,11.9125
2020-10-13,145.0,11.9132
2020-10-14,145.38,11.9717
2020-10-15,147.36,12.1144
2020-10-16,147.23,12.0519
2020-10-19,147.12,12.0844
2020-10-20,147.39,12.0113
2020-10-21,146.87,12.0452
2020-10-22,146.92,12.1105
2020-10-23,146.73,12.0406
2020-10-26,147.11,12.0616
2020-10-27,145.68,11.9489
2020-10-28,147.37,12.0991
2020-10-29,149.73,12.3294
2020-10-30,148.98,12.2982
2020-11-02,149.26,12.3403
2020-11-03,147.86,12.228
2020-11-04,147.16,12.1821
2020-11-05,145.7,11.9956
2020-11-06,146.59,12.076
2020-11-09,143.81,11.8706
2020-11-10,143.22,11.955
2020-11-11,143.45,12.0057
2020-11-12,144.59,11.9933
2020-11-13,145.19,12.0561
2020-11-16,144.08,11.9474
2020-11-17,144.58,12.0202
2020-11-18,143.75,11.9852
2020-11-19,143.49,11.9604
2020-11-20,143.13,11.9263
2020-11-23,143.55,12.0267
2020-11-24,143.46,11.9948
2020-11-25,141.75,11.8354
2020-11-26,142.04,11.8598
2020-11-27,141.95,11.8099
2020-11-30,141.93,11.7547
2020-12-01,142.43,11.8074
2020-12-02,143.75,11.8248
2020-12-03,143.84,11.8495
2020-12-04,143.22,11.8072
2020-12-07,142.85,11.6569
2020-12-08,142.78,11.6611
2020-12-09,142.1,11.7514
2020-12-10,143.77,11.7453
2020-12-11,143.72,11.5899
2020-12-14,142.21,11.6685
2020-12-15,142.61,11.6901
2020-12-16,142.16,11.7608
2020-12-17,141.15,11.6619
2020-12-18,141.36,11.5783
2020-12-21,143.17,11.6273
2020-12-22,142.39,11.6226
2020-12-23,142.83,11.7131
2020-12-28,142.16,11.6929
2020-12-29,141.84,11.6109
2020-12-30,141.77,11.6791
2020-12-31,140.71,11.6462
2021-01-04,140.42,11.5839
2021-01-05,140.77,11.5919
2021-01-06,139.54,11.4536
2021-01-07,139.04,11.4686
2021-01-08,138.31,11.413
2021-01-11,139.41,11.49
2021-01-12,139.5,11.6016
2021-01-13,138.98,11.6191
2021-01-14,138.6,11.5926
2021-01-15,138.64,11.5885
2021-01-18,139.61,11.6599
2021-01-19,139.02,11.6075
2021-01-20,138.78,11.6561
2021-01-21,137.8,11.5671
2021-01-22,138.85,11.6018
2021-01-25,139.07,11.6529
2021-01-26,139.63,11.7109
2021-01-27,140.57,11.8282
2021-01-28,141.47,11.8738
2021-01-29,139.07,11.7025
2021-02-01,139.69,11.7789
2021-02-02,139.11,11.7471
2021-02-03,139.21,11.7466
2021-02-04,139.01,11.7889
2021-02-05,138.6,11.7741
2021-02-08,138.14,11.6955
2021-02-09,137.94,11.6806
2021-02-10,137.52,11.6691
2021-02-11,137.93,11.6911
2021-02-12,138.31,11.7204
2021-02-15,137.11,11.6897
2021-02-16,137.07,11.6723
2021-02-17,137.31,11.7425
2021-02-18,137.41,11.807
2021-02-19,137.28,11.8018
2021-02-22,138.75,11.9248
2021-02-23,138.76,11.956
2021-02-24,137.81,11.9125
2021-02-25,137.53,11.8363
2021-02-26,139.87,11.9481
2021-03-01,139.32,11.9689
2021-03-02,137.92,11.8653
2021-03-03,137.77,11.8645
2021-03-04,137.97,11.8923
2021-03-05,137.31,11.832
2021-03-08,136.88,11.873
2021-03-09,135.6,11.7658
2021-03-10,135.56,11.7697
2021-03-11,135.69,11.7789
2021-03-12,135.63,11.7508
2021-03-15,135.81,11.788
2021-03-16,135.86,11.755
2021-03-17,136.11,11.8146
2021-03-18,135.9,11.8093
2021-03-19,137.19,11.8953
2021-03-22,136.35,11.758
2021-03-23,136.88,11.808
2021-03-24,136.58,11.7754
2021-03-25,136.7,11.8108
2021-03-26,136.17,11.8426
2021-03-29,135.47,11.8348
2021-03-30,135.29,11.7844
2021-03-31,134.4,11.7306
2021-04-06,135.48,11.8053
2021-04-07,135.19,11.6813
2021-04-08,135.5,11.6792
2021-04-09,135.98,11.67
2021-04-12,135.73,11.6669
2021-04-13,136.71,11.7275
2021-04-14,135.46,11.5908
2021-04-15,135.04,11.5769
2021-04-16,134.71,11.5424
2021-04-19,134.11,11.5492
2021-04-20,134.42,11.5841
2021-04-21,135.04,11.6432
2021-04-22,135.11,11.5681
2021-04-23,135.06,11.5563
2021-04-26,134.96,11.5387
2021-04-27,134.58,11.5165
2021-04-28,134.21,11.4723
2021-04-29,133.33,11.4078
2021-04-30,133.85,11.4586
2021-05-03,134.69,11.5341
2021-05-04,134.64,11.5389
2021-05-05,134.28,11.5734
2021-05-06,135.23,11.5973
2021-05-07,134.65,11.5338
2021-05-10,134.49,11.6025
2021-05-11,134.91,11.6634
2021-05-12,134.83,11.6859
2021-05-14,134.58,11.6253
2021-05-18,134.64,11.6427
2021-05-19,135.9,11.7192
2021-05-20,136.86,11.7795
2021-05-21,136.39,11.8109
2021-05-25,137.12,11.7779
2021-05-26,136.87,11.7896
2021-05-27,137.1,11.8456
2021-05-28,136.88,11.8685
2021-05-31,137.41,11.8799
2021-06-01,135.97,11.7185
2021-06-02,136.35,11.7728
2021-06-03,136.49,11.8086
2021-06-04,136.56,11.852
2021-06-07,135.11,11.7079
2021-06-08,135.12,11.6702
2021-06-09,135.17,11.6809
2021-06-10,135.98,11.718
2021-06-11,135.59,11.7639
2021-06-14,135.59,11.7381
2021-06-15,135.58,11.7032
2021-06-16,136.09,11.7917
2021-06-17,137.12,11.9232
2021-06-18,138.33,11.9914
2021-06-21,138.07,11.9847
2021-06-22,137.44,11.9446
2021-06-23,136.8,11.9067
2021-06-24,136.82,11.8463
2021-06-25,136.3,11.7929
2021-06-28,136.84,11.8729
2021-06-29,137.02,11.8552
2021-06-30,136.79,11.8544
2021-07-01,137.31,11.8681
2021-07-02,137.67,11.9037
2021-07-05,136.87,11.8809
2021-07-06,137.37,11.9544
2021-07-07,137.81,11.9854
2021-07-08,140.03,12.0904
2021-07-09,138.98,12.0519
2021-07-12,138.86,12.0697
2021-07-13,138.59,12.0542
2021-07-14,138.92,12.1327
2021-07-15,139.57,12.1852
2021-07-16,139.66,12.1782
2021-07-19,141.68,12.2659
2021-07-20,142.74,12.2676
2021-07-21,142.24,12.2515
2021-07-22,139.54,12.1308
2021-07-23,139.91,12.1652
2021-07-26,140.2,12.1999
2021-07-27,140.41,12.2128
2021-07-28,140.95,12.3189
2021-07-29,139.82,12.223
2021-07-30,140.37,12.2627
2021-08-02,140.51,12.2143
2021-08-03,140.29,12.2246
2021-08-04,140.59,12.2779
2021-08-05,140.4,12.2749
2021-08-06,140.15,12.2855
2021-08-09,141.03,12.3765
2021-08-10,140.75,12.3782
2021-08-11,140.57,12.3436
2021-08-12,139.51,12.2435
2021-08-13,139.51,12.1929
2021-08-16,139.91,12.2593
2021-08-17,139.83,12.187
2021-08-18,140.14,12.2348
2021-08-19,141.79,12.33
2021-08-20,142.53,12.3615
2021-08-23,141.01,12.2462
2021-08-24,139.85,12.153
2021-08-25,139.66,12.1349
2021-08-26,139.33,12.0879
2021-08-27,139.28,12.0853
2021-08-30,137.7,11.9414
2021-08-31,137.98,11.9476
2021-09-01,138.02,11.9531
2021-09-02,138.43,11.9814
2021-09-03,138.16,11.9685
2021-09-06,138.15,11.9855
2021-09-07,138.5,11.9596
2021-09-08,138.04,11.9537
2021-09-09,138.04,11.9979
2021-09-10,137.2,11.9667
2021-09-13,137.01,11.9696
2021-09-14,136.83,11.9335
2021-09-15,136.39,11.8604
2021-09-16,136.22,11.9133
2021-09-17,136.11,11.8562
2021-09-20,137.75,11.9515
2021-09-21,136.94,11.8605
2021-09-22,136.18,11.7753
2021-09-23,135.63,11.7972
2021-09-24,135.67,11.7721
2021-09-27,135.36,11.7835
2021-09-28,135.85,11.7533
2021-09-29,136.4,11.7337
2021-09-30,136.7,11.8125
2021-10-01,134.73,11.6988
2021-10-04,134.15,11.6649
2021-10-05,133.31,11.6416
2021-10-06,133.38,11.6782
2021-10-07,133.59,11.6895
2021-10-08,132.85,11.6451
2021-10-11,132.88,11.6497
2021-10-12,132.52,11.6345
2021-10-13,132.45,11.6086
2021-10-14,131.61,11.573
2021-10-15,131.21,11.5713
2021-10-18,131.24,11.5639
2021-10-19,130.82,11.5503
2021-10-20,130.95,11.5304
2021-10-21,130.45,11.5156
2021-10-22,130.47,11.5059
2021-10-25,130.51,11.5072
2021-10-26,130.16,11.5028
2021-10-27,130.88,11.5188
2021-10-28,131.02,11.552
2021-10-29,131.06,11.5392
2021-11-01,130.88,11.5126
2021-11-02,131.61,11.5261
2021-11-03,132.57,11.6254
2021-11-04,132.55,11.5513
2021-11-05,132.94,11.5586
2021-11-08,132.75,11.5521
2021-11-09,132.51,11.5431
2021-11-10,132.9,11.5547
2021-11-11,134.05,11.6551
2021-11-12,133.8,11.6377
2021-11-15,133.34,11.6448
2021-11-16,132.94,11.6952
2021-11-17,132.99,11.7606
2021-11-18,133.84,11.8236
2021-11-19,135.12,11.9725
2021-11-22,135.43,12.0009
2021-11-23,135.43,11.9629
2021-11-24,134.82,11.945
2021-11-25,135.36,11.9408
2021-11-26,136.64,12.0082
2021-11-29,137.35,12.0757
2021-11-30,138.22,12.069
2021-12-01,137.43,12.0229
2021-12-02,138.46,12.094
2021-12-03,138.34,12.0961
2021-12-06,138.43,12.0927
2021-12-07,137.03,11.9977
2021-12-08,135.77,11.794
2021-12-09,136.56,11.8439
2021-12-10,136.27,11.8722
2021-12-13,136.63,11.9305
2021-12-14,137.81,12.0071
2021-12-15,137.54,12.0355
2021-12-16,136.44,11.9595
2021-12-17,136.87,11.9452
2021-12-20,137.05,11.9612
2021-12-21,136.48,11.9006
2021-12-22,135.3,11.8508
2021-12-23,134.63,11.886
2021-12-27,135.02,11.9062
2021-12-28,134.11,11.8374
2021-12-29,134.31,11.8746
2021-12-30,134.07,11.8793
2021-12-31,134.32,11.8875
2022-01-03,134.46,11.8872
2022-01-04,134.63,11.9757
2022-01-05,134.0,11.9302
2022-01-06,134.89,12.0046
2022-01-07,134.83,12.0206
2022-01-10,134.78,12.021
2022-01-11,134.62,11.9994
2022-01-12,133.4,11.9117
2022-01-13,133.5,11.8898
2022-01-14,134.2,11.9585
2022-01-17,133.87,11.9205
2022-01-18,133.88,11.908
2022-01-19,133.53,11.9479
2022-01-20,133.8,11.9592
2022-01-21,135.06,12.0195
2022-01-24,136.55,12.1282
2022-01-25,136.2,12.111
2022-01-26,134.53,11.9959
2022-01-27,134.23,11.9834
2022-01-28,134.7,12.0537
2022-01-31,134.49,12.0362
2022-02-01,133.91,11.933
2022-02-02,133.4,11.8986
2022-02-03,133.82,11.9634
2022-02-04,135.0,11.8784
2022-02-07,135.21,11.8862
2022-02-08,135.36,11.9434
2022-02-09,135.13,11.9382
2022-02-10,135.33,11.952
2022-02-11,135.39,11.9979
2022-02-14,135.32,12.0274
2022-02-15,135.57,12.0448
2022-02-16,135.86,12.0437
2022-02-17,136.06,12.1238
2022-02-18,136.41,12.1624
2022-02-21,136.75,12.2137
2022-02-22,135.79,12.0712
2022-02-23,134.88,12.0215
2022-02-24,135.58,12.0866
2022-02-25,134.05,11.9126
2022-02-28,133.68,11.9048
2022-03-01,132.57,11.8379
2022-03-02,132.85,11.8616
2022-03-03,132.28,11.8901
2022-03-04,132.21,11.9384
2022-03-07,132.15,11.9002
2022-03-08,131.55,11.772
2022-03-09,131.62,11.7243
2022-03-10,133.32,11.7838
2022-03-11,131.76,11.6748
2022-03-14,132.5,11.7486
2022-03-15,132.36,11.7176
2022-03-16,131.68,11.6669
2022-03-17,131.38,11.5994
2022-03-18,130.26,11.5508
2022-03-21,129.79,11.5279
2022-03-22,129.34,11.5626
2022-03-23,129.64,11.5784
2022-03-24,127.59,11.397
2022-03-25,127.96,11.4182
2022-03-28,127.87,11.3725
2022-03-29,129.05,11.3684
2022-03-30,129.58,11.3995
2022-03-31,130.56,11.4794
2022-04-01,129.9,11.4835
2022-04-04,128.37,11.3826
2022-04-05,128.26,11.4263
2022-04-06,128.43,11.4436
2022-04-07,128.53,11.4554
2022-04-08,127.84,11.4066
2022-04-11,128.37,11.4081
2022-04-12,128.26,11.4307
2022-04-13,128.66,11.4905
2022-04-19,128.01,11.4795
2022-04-20,128.27,11.504
2022-04-21,128.74,11.4685
2022-04-22,129.37,11.4692
2022-04-25,130.42,11.5046
2022-04-26,131.66,11.6412
2022-04-27,131.49,11.6176
2022-04-28,133.01,11.7356
2022-04-29,131.06,11.6228
2022-05-02,133.41,11.842
2022-05-03,133.18,11.7782
2022-05-04,133.1,11.7635
2022-05-05,132.33,11.558
2022-05-06,134.15,11.6564
2022-05-09,135.22,11.8007
2022-05-10,137.55,11.9534
2022-05-11,136.83,11.9205
2022-05-12,138.28,12.0641
2022-05-13,137.13,11.9888
2022-05-16,137.32,12.0158
2022-05-18,137.23,12.0615
2022-05-19,138.54,12.1686
2022-05-20,137.89,12.0986
2022-05-23,137.77,12.092
2022-05-24,138.27,11.9988
2022-05-25,138.03,12.041
2022-05-27,136.83,11.9929
2022-05-30,136.11,11.8915
2022-05-31,135.74,11.8611
2022-06-01,135.01,11.7943
2022-06-02,135.56,11.837
2022-06-03,135.81,11.8274
2022-06-07,136.89,11.9303
2022-06-08,136.31,11.8487
2022-06-09,136.87,11.8873
2022-06-10,136.44,11.9338
2022-06-13,138.74,12.0235
2022-06-14,139.71,12.0059
2022-06-15,139.62,12.0318
2022-06-16,140.6,12.2254
2022-06-17,140.52,12.2251
2022-06-20,139.92,12.1385
2022-06-21,138.83,12.0083
2022-06-22,141.21,12.2309
2022-06-23,140.82,12.2061
2022-06-24,140.25,12.1653
2022-06-27,139.88,12.0742
2022-06-28,138.95,11.971
2022-06-29,138.54,11.9204
2022-06-30,139.11,12.0584
2022-07-01,139.33,11.9623
2022-07-04,138.4,11.9774
2022-07-05,138.25,11.9809
2022-07-06,138.17,11.999
2022-07-07,138.31,12.0921
2022-07-08,137.9,12.1334
2022-07-11,138.4,12.1824
2022-07-12,138.1,12.1139
2022-07-13,137.64,12.1402
2022-07-14,137.77,12.1258
2022-07-15,138.07,12.0915
2022-07-18,137.78,12.1066
2022-07-19,136.68,11.9292
2022-07-20,136.09,11.8954
2022-07-21,136.68,11.8943
2022-07-22,136.34,11.9212
2022-07-25,135.27,11.8737
2022-07-26,134.46,11.8386
2022-07-27,133.73,11.8327
2022-07-28,132.97,11.8421
2022-07-29,132.69,11.7601
2022-08-01,132.48,11.7847
2022-08-02,133.42,11.8694
2022-08-03,132.67,11.8073
2022-08-04,133.11,11.7611
2022-08-05,134.14,11.8455
2022-08-08,133.6,11.8107
2022-08-09,133.54,11.7564
2022-08-10,133.23,11.715
2022-08-11,131.78,11.5921
2022-08-12,131.9,11.5835
2022-08-15,132.72,11.699
2022-08-16,132.35,11.6873
2022-08-17,132.34,11.6887
2022-08-18,132.12,11.6461
2022-08-19,132.33,11.587
2022-08-22,131.4,11.5428
2022-08-23,131.01,11.5526
2022-08-24,129.55,11.4329
2022-08-25,129.62,11.4363
2022-08-26,129.97,11.4281
2022-08-29,131.32,11.4347
2022-08-30,131.16,11.3904
2022-08-31,133.64,11.552
2022-09-01,134.63,11.5793
2022-09-02,134.51,11.5677
2022-09-05,133.38,11.4857
2022-09-06,133.05,11.5397
2022-09-07,133.78,11.4996
2022-09-08,135.3,11.6109
2022-09-09,134.25,11.4939
2022-09-12,134.09,11.4912
2022-09-13,134.45,11.5203
2022-09-14,135.98,11.691
2022-09-15,136.09,11.6414
2022-09-16,137.14,11.6688
2022-09-19,138.26,11.7134
2022-09-20,138.14,11.7547
2022-09-21,138.32,11.7774
2022-09-22,137.63,11.7299
2022-09-23,137.61,11.6025
2022-09-26,139.29,11.5862
2022-09-27,139.14,11.5904
2022-09-28,140.62,11.5851
2022-09-29,140.55,11.6799
2022-09-30,142.32,11.9862
2022-10-03,142.07,12.1345
2022-10-04,141.06,12.0215
2022-10-05,140.96,12.0057
2022-10-06,140.18,11.9062
2022-10-07,140.49,11.9586
2022-10-10,138.98,11.7837
2022-10-11,140.12,11.885
2022-10-12,139.98,11.8562
2022-10-13,139.17,11.9664
2022-10-14,138.92,11.9004
2022-10-17,139.04,11.9907
2022-10-18,139.16,11.9096
2022-10-19,139.57,11.9346
2022-10-20,139.83,11.921
2022-10-21,140.24,11.8907
2022-10-24,139.71,11.9352
2022-10-25,139.69,11.9241
2022-10-26,139.02,11.9405
2022-10-27,139.03,11.9223
2022-10-28,137.99,11.9246
2022-10-31,138.4,11.964
2022-11-01,136.81,11.8333
2022-11-02,137.56,11.8918
2022-11-03,139.11,11.8704
2022-11-04,137.09,11.6622
2022-11-07,137.86,11.7697
2022-11-08,138.21,11.7644
2022-11-09,138.77,11.7597
2022-11-10,139.3,11.8691
2022-11-11,137.98,11.7246
2022-11-14,138.67,11.786
2022-11-15,139.23,11.8427
2022-11-16,139.37,11.8509
2022-11-17,141.13,12.0011
2022-11-18,140.97,12.0442
2022-11-21,141.04,12.086
2022-11-22,140.43,12.0944
2022-11-23,139.38,12.0019
2022-11-24,139.08,12.0367
2022-11-25,138.49,11.991
2022-11-28,139.36,11.9668
2022-11-29,138.92,11.9828
2022-11-30,138.03,11.8685
2022-12-01,137.81,11.9577
2022-12-02,137.97,11.9521
2022-12-05,138.99,12.0074
2022-12-06,140.37,12.1165
2022-12-07,141.51,12.1812
2022-12-08,141.0,12.1589
2022-12-09,141.63,12.2565
2022-12-12,141.91,12.2722
2022-12-13,140.71,12.207
2022-12-14,139.29,12.0323
2022-12-15,139.83,12.0673
2022-12-16,140.94,12.0176
2022-12-19,141.2,12.0555
2022-12-20,141.28,12.0071
2022-12-21,140.24,11.9005
2022-12-22,140.01,11.7996
2022-12-23,140.46,11.865
2022-12-27,141.05,11.875
2022-12-28,140.52,11.8666
2022-12-29,141.87,11.9143
2022-12-30,141.38,11.8541
2023-01-02,141.36,11.8622
2023-01-03,141.56,11.9571
2023-01-04,144.38,12.1917
2023-01-05,144.2,12.1455
2023-01-06,145.31,12.2147
2023-01-09,142.67,12.0512
2023-01-10,143.58,12.0893
2023-01-11,144.38,12.1097
2023-01-12,144.15,12.0902
2023-01-13,143.77,12.0434
2023-01-16,143.76,12.0491
2023-01-17,144.47,12.1297
2023-01-18,143.22,12.1733
2023-01-19,144.44,12.2604
2023-01-20,144.02,12.23
2023-01-23,143.61,12.1445
2023-01-24,144.08,12.1303
2023-01-25,145.06,12.2265
2023-01-26,144.68,12.2372
2023-01-27,144.67,12.2433
2023-01-30,145.09,12.2673
2023-01-31,146.64,12.3855
2023-02-01,145.93,12.2798
2023-02-02,147.24,12.2675
2023-02-03,147.47,12.3006
2023-02-06,148.36,12.369
2023-02-07,149.5,12.453
2023-02-08,148.16,12.4167
2023-02-09,146.63,12.3282
2023-02-10,146.03,12.3047
2023-02-13,145.28,12.2578
2023-02-14,145.98,12.3436
2023-02-15,146.54,12.293
2023-02-16,147.02,12.321
2023-02-17,147.92,12.392
2023-02-20,147.3,12.3603
2023-02-21,147.02,12.4502
2023-02-22,147.28,12.4697
2023-02-23,147.18,12.4285
2023-02-24,146.93,12.3939
2023-02-27,147.31,12.4482
2023-02-28,147.38,12.5099
2023-03-01,148.28,12.4602
2023-03-02,148.96,12.4852
2023-03-03,148.65,12.4941
2023-03-06,149.29,12.5363
2023-03-07,150.4,12.5815
2023-03-08,150.79,12.5968
2023-03-09,151.46,12.6911
2023-03-10,151.7,12.792
2023-03-13,152.99,12.8882
2023-03-14,152.26,12.8728
2023-03-15,152.33,12.9982
2023-03-16,153.72,13.0366
2023-03-17,153.42,13.0553
2023-03-20,153.4,13.0436
2023-03-21,151.92,12.8503
2023-03-22,152.16,12.8883
2023-03-23,151.5,12.747
2023-03-24,151.73,12.8571
2023-03-27,152.16,12.9108
2023-03-28,152.02,12.8773
2023-03-29,151.69,12.8432
2023-03-30,152.46,12.8817
2023-03-31,152.97,12.9595
2023-04-03,151.02,12.8164
2023-04-04,150.77,12.864
2023-04-05,153.01,12.9999
2023-04-11,154.94,13.1568
2023-04-12,154.01,13.0336
2023-04-13,153.77,13.0107
2023-04-14,153.03,12.8924
2023-04-17,152.5,12.8591
2023-04-18,153.9,13.0101
2023-04-19,154.78,13.0902
2023-04-20,155.71,13.1635
2023-04-21,156.33,13.154
2023-04-24,156.27,13.166
2023-04-25,156.92,13.1931
2023-04-26,157.27,13.2362
2023-04-27,157.15,13.2469
2023-04-28,158.19,13.3913
2023-05-02,157.8,13.386
2023-05-03,159.51,13.4663
2023-05-04,158.76,13.4388
2023-05-05,156.91,13.3781
2023-05-08,155.1,13.2417
2023-05-09,155.47,13.3061
2023-05-10,155.06,13.3027
2023-05-11,154.64,13.2703
2023-05-12,156.15,13.3659
2023-05-15,155.54,13.3225
2023-05-16,155.95,13.3578
2023-05-19,157.1,13.4742
2023-05-22,158.12,13.5602
2023-05-23,158.34,13.5551
2023-05-24,158.67,13.5844
2023-05-25,157.98,13.5604
2023-05-26,158.71,13.6175
2023-05-30,159.42,13.7492
2023-05-31,161.18,13.8933
2023-06-01,160.68,13.9438
2023-06-02,159.02,13.7845
2023-06-05,158.79,13.7014
2023-06-06,159.44,13.7945
2023-06-07,158.37,13.7228
2023-06-08,157.83,13.6542
2023-06-09,155.86,13.5346
2023-06-12,156.12,13.5787
2023-06-13,155.97,13.5393
2023-06-14,153.98,13.4293
2023-06-15,154.35,13.4446
2023-06-16,154.58,13.4815
2023-06-19,156.16,13.6435
2023-06-20,157.27,13.6696
2023-06-21,157.72,13.6867
2023-06-22,155.72,13.4692
2023-06-23,159.18,13.8707
2023-06-26,157.24,13.6333
2023-06-27,157.86,13.6717
2023-06-28,158.99,13.7
2023-06-29,157.96,13.6163
2023-06-30,157.16,13.6366
2023-07-03,157.04,13.6014
2023-07-04,155.69,13.535
2023-07-05,156.35,13.5911
2023-07-06,156.22,13.6408
2023-07-07,157.13,13.7266
2023-07-10,155.19,13.4878
2023-07-11,153.66,13.4555
2023-07-12,152.04,13.2716
2023-07-13,150.93,13.1474
2023-07-14,150.51,13.0979
2023-07-17,150.89,13.0914
2023-07-18,152.19,13.2103
2023-07-19,151.21,12.9616
2023-07-20,149.72,12.8342
2023-07-21,150.02,12.8913
2023-07-24,150.21,12.9618
2023-07-25,149.78,12.955
2023-07-26,150.3,13.0696
2023-07-27,149.33,12.9563
2023-07-28,149.85,13.0528
2023-07-31,150.02,13.0362
2023-08-01,150.45,13.0565
2023-08-02,149.78,12.9728
2023-08-03,151.33,13.0412
2023-08-04,150.12,12.9776
2023-08-07,149.61,12.9388
2023-08-08,151.58,13.1096
2023-08-09,150.4,13.0034
2023-08-10,150.02,12.9511
2023-08-11,153.3,13.2182
2023-08-14,153.45,13.2622
2023-08-15,153.93,13.3448
2023-08-16,153.69,13.3726
2023-08-17,154.31,13.4651
2023-08-18,155.41,13.545
2023-08-21,154.59,13.4782
2023-08-22,154.55,13.5066
2023-08-23,155.28,13.5115
2023-08-24,155.32,13.5172
2023-08-25,154.53,13.4489
2023-08-28,155.25,13.4831
2023-08-29,155.17,13.469
2023-08-30,154.92,13.4381
2023-08-31,155.39,13.5094
2023-09-01,154.12,13.428
2023-09-04,154.31,13.443
2023-09-05,154.88,13.4956
2023-09-06,154.12,13.4405
2023-09-07,153.9,13.365
2023-09-08,153.13,13.3224
2023-09-11,153.17,13.338
2023-09-12,153.54,13.3302
2023-09-13,153.84,13.3326
2023-09-14,154.2,13.3773
2023-09-15,153.17,13.3003
2023-09-18,155.18,13.4301
2023-09-19,154.13,13.3203
2023-09-20,154.06,13.2694
2023-09-21,154.63,13.2933
2023-09-22,153.27,13.1655
2023-09-25,153.28,13.1432
2023-09-26,153.4,13.1464
2023-09-27,152.36,13.0872
2023-09-28,151.77,13.1074
2023-09-29,150.91,13.0161
2023-10-02,151.81,13.0703
2023-10-03,153.19,13.1672
2023-10-04,154.36,13.2969
2023-10-05,155.14,13.3599
2023-10-06,155.67,13.4193
2023-10-09,153.98,13.2718
2023-10-10,154.18,13.3077
2023-10-11,154.16,13.3256
2023-10-12,154.46,13.3509
2023-10-13,154.41,13.3264
2023-10-16,154.4,13.3075
2023-10-17,155.15,13.3333
2023-10-18,155.41,13.3876
2023-10-19,156.75,13.43
2023-10-20,156.54,13.3934
2023-10-23,158.08,13.5377
2023-10-24,158.42,13.5886
2023-10-25,158.6,13.5695
2023-10-26,158.85,13.5999
2023-10-27,158.48,13.5924
2023-10-30,157.97,13.4988
2023-10-31,159.06,13.5905
2023-11-01,158.03,13.5672
2023-11-02,159.1,13.6009
2023-11-03,158.84,13.6274
2023-11-06,158.52,13.6467
2023-11-07,159.86,13.7263
2023-11-08,159.97,13.7109
2023-11-09,160.0,13.6844
2023-11-10,159.2,13.5787
2023-11-13,159.21,13.6274
2023-11-14,160.13,13.6937
2023-11-15,157.48,13.472
2023-11-16,157.76,13.4455
2023-11-17,158.36,13.5145
2023-11-20,157.18,13.3744
2023-11-21,156.53,13.3637
2023-11-22,156.97,13.4459
2023-11-23,157.07,13.4702
2023-11-24,157.39,13.5162
2023-11-27,156.72,13.4809
2023-11-28,157.14,13.4952
2023-11-29,156.86,13.5181
2023-11-30,157.21,13.5698
2023-12-01,156.93,13.5952
2023-12-04,156.62,13.6123
2023-12-05,158.08,13.7495
2023-12-06,158.21,13.7788
2023-12-07,157.66,13.7067
2023-12-08,157.29,13.6854
2023-12-11,158.19,13.7824
2023-12-12,157.95,13.7068
2023-12-13,158.58,13.7308
2023-12-14,154.47,13.4
2023-12-15,153.57,13.3393
2023-12-18,152.23,13.1557
2023-12-19,152.43,13.2011
2023-12-20,151.4,13.0432
2023-12-21,151.76,13.035
2023-12-22,151.16,13.0054
2023-12-27,150.71,12.9397
2023-12-28,151.08,12.9365
2023-12-29,150.82,12.9342
2024-01-02,151.33,13.0204
2024-01-03,151.78,13.0912
2024-01-04,151.29,13.0792
2024-01-05,151.63,13.118
2024-01-08,152.28,13.1886
2024-01-09,151.63,13.1583
2024-01-10,151.4,13.1261
2024-01-11,151.92,13.1503
2024-01-12,151.23,13.1198
2024-01-15,151.68,13.1444
2024-01-16,151.96,13.1665
2024-01-17,153.29,13.323
2024-01-18,153.49,13.3445
2024-01-19,153.0,13.2945
2024-01-22,153.4,13.3696
2024-01-23,153.27,13.3693
2024-01-24,153.09,13.3448
2024-01-25,152.77,13.3163
2024-01-26,152.01,13.2749
2024-01-29,151.67,13.261
2024-01-30,152.1,13.2413
2024-01-31,152.26,13.2861
2024-02-01,152.48,13.317
2024-02-02,152.76,13.3551
2024-02-05,153.77,13.3945
2024-02-06,153.58,13.4074
2024-02-07,152.52,13.3357
2024-02-08,153.05,13.3664
2024-02-09,152.93,13.3415
2024-02-12,151.85,13.2567
2024-02-13,151.61,13.2812
2024-02-14,152.11,13.2979
2024-02-15,152.4,13.2668
2024-02-16,152.33,13.265
2024-02-19,151.64,13.2297
2024-02-20,151.96,13.2238
2024-02-21,152.05,13.2383
2024-02-22,152.35,13.2625
2024-02-23,152.78,13.3454
2024-02-26,153.32,13.3674
2024-02-27,153.33,13.3509
2024-02-28,153.84,13.4048
2024-02-29,154.17,13.4166
2024-03-01,153.51,13.3699
2024-03-04,153.38,13.3584
2024-03-05,153.94,13.4143
2024-03-06,153.84,13.4132
2024-03-07,152.83,13.3349
2024-03-08,152.11,13.3143
2024-03-11,153.46,13.4266
2024-03-12,153.78,13.4186
2024-03-13,153.95,13.4352
2024-03-14,153.78,13.4243
2024-03-15,154.49,13.4885
2024-03-18,154.97,13.5124
2024-03-19,155.54,13.5742
2024-03-20,155.19,13.5449
2024-03-21,154.78,13.4725
2024-03-22,155.76,13.5404
2024-03-25,155.59,13.5417
2024-03-26,155.87,13.5429
2024-03-27,156.64,13.621
2024-04-02,156.98,13.692
2024-04-03,156.3,13.6012
2024-04-04,155.69,13.5363
2024-04-05,155.68,13.5378
2024-04-08,155.39,13.5095
2024-04-09,155.42,13.5333
2024-04-10,155.06,13.5257
2024-04-11,155.73,13.5843
2024-04-12,155.32,13.5641
2024-04-15,155.83,13.6128
2024-04-16,156.48,13.664
2024-04-17,156.76,13.6956
2024-04-18,157.31,13.7075
2024-04-19,157.66,13.7409
2024-04-22,157.05,13.5744
2024-04-23,157.24,13.6328
2024-04-24,157.33,13.6518
2024-04-25,157.05,13.6726
2024-04-26,158.23,13.7775
2024-04-29,158.0,13.783
2024-04-30,158.41,13.8223
2024-05-02,158.78,13.8453
2024-05-03,156.98,13.6819
2024-05-06,156.41,13.6193
2024-05-07,156.82,13.6332
2024-05-08,157.6,13.6577
2024-05-10,156.47,13.5652
2024-05-13,156.55,13.5778
2024-05-14,156.57,13.5858
2024-05-15,156.12,13.5706
2024-05-16,156.03,13.5609
2024-05-21,155.23,13.5569
2024-05-22,155.26,13.603
2024-05-23,154.33,13.521
2024-05-24,154.07,13.4856
2024-05-27,152.98,13.4184
2024-05-28,152.88,13.4074
2024-05-29,153.03,13.4113
2024-05-30,152.91,13.4029
2024-05-31,152.61,13.3345
2024-06-03,152.68,13.3707
2024-06-04,154.03,13.4938
2024-06-05,153.84,13.4924
2024-06-06,154.17,13.5154
2024-06-07,153.95,13.4945
2024-06-10,154.33,13.6132
2024-06-11,154.07,13.6476
2024-06-12,153.74,13.5927
2024-06-13,153.25,13.5335
2024-06-14,152.84,13.5414
2024-06-17,153.96,13.5812
2024-06-18,153.46,13.5415
2024-06-19,152.21,13.4438
2024-06-20,151.4,13.3607
2024-06-21,151.09,13.3306
2024-06-24,152.15,13.3943
2024-06-25,151.84,13.4097
2024-06-26,152.76,13.4921
2024-06-27,152.82,13.4744
2024-06-28,152.82,13.465
2024-07-01,153.27,13.4821
2024-07-02,153.9,13.5443
2024-07-03,153.62,13.5313
2024-07-04,152.86,13.4669
2024-07-05,153.47,13.5298
2024-07-08,153.61,13.5736
2024-07-09,154.02,13.5979
2024-07-10,155.58,13.7332
2024-07-11,156.46,13.8456
2024-07-12,156.85,13.9267
2024-07-15,157.42,13.9758
2024-07-16,157.91,14.0159
2024-07-17,157.62,14.0112
2024-07-18,157.47,13.9566
2024-07-19,158.5,14.0312
2024-07-22,159.7,14.1501
2024-07-23,160.35,14.2299
2024-07-24,160.04,14.2212
2024-07-25,161.91,14.3361
2024-07-26,159.96,14.1471
2024-07-29,159.67,14.1271
2024-07-30,159.32,14.1093
2024-07-31,158.37,14.0051
2024-08-01,157.43,13.9295
2024-08-02,159.86,14.0341
2024-08-05,162.33,14.1023
2024-08-06,160.8,13.9544
2024-08-07,157.87,13.7295
2024-08-08,159.24,13.8019
2024-08-09,158.53,13.8021
2024-08-12,157.78,13.7627
2024-08-13,158.09,13.8044
2024-08-14,157.69,13.7166
2024-08-15,157.41,13.719
2024-08-16,158.39,13.8832
2024-08-19,157.27,13.7659
2024-08-20,156.55,13.7128
2024-08-21,156.58,13.6959
2024-08-22,157.71,13.8546
2024-08-23,158.17,13.9285
2024-08-26,157.87,13.9152
2024-08-27,157.13,13.8836
2024-08-28,157.01,13.9159
2024-08-29,156.07,13.8295
2024-08-30,156.35,13.8635
2024-09-02,157.27,13.9281
2024-09-03,157.73,13.993
2024-09-04,158.23,14.0122
2024-09-05,158.01,13.9822
2024-09-06,158.15,14.0006
2024-09-09,160.03,14.1534
2024-09-10,159.5,14.1245
2024-09-11,159.96,14.1476
2024-09-12,159.93,14.1298
2024-09-13,158.78,14.0272
2024-09-16,157.86,13.9776
2024-09-17,157.98,13.9876
2024-09-18,157.82,13.9808
2024-09-19,156.42,13.898
2024-09-20,157.3,13.9828
2024-09-23,156.69,13.9922
2024-09-24,155.72,13.9534
2024-09-25,156.67,13.9672
2024-09-26,158.06,14.1278
2024-09-27,157.67,14.1082
2024-09-30,157.79,14.082
2024-10-01,157.29,14.1003
2024-10-02,156.5,14.0158
2024-10-03,157.11,13.9091
2024-10-04,156.67,13.9541
2024-10-07,156.31,13.8897
2024-10-08,156.71,13.95
2024-10-09,158.02,14.0745
2024-10-10,158.09,14.0908
2024-10-11,157.34,14.0246
2024-10-14,157.43,14.0399
2024-10-15,157.7,14.1155
2024-10-16,158.18,14.1158
2024-10-17,159.15,14.2274
2024-10-18,158.38,14.2025
2024-10-21,158.71,14.2087
2024-10-22,158.54,14.1865
2024-10-23,158.92,14.2547
2024-10-24,158.39,14.1996
2024-10-25,158.42,14.1792
2024-10-28,159.71,14.3018
2024-10-29,158.76,14.2634
2024-10-30,159.22,14.2385
2024-10-31,160.03,14.2544
2024-11-01,160.4,14.2384
2024-11-04,160.19,14.2114
2024-11-05,160.35,14.2517
2024-11-06,159.7,14.3097
2024-11-07,157.54,14.1233
2024-11-08,157.88,14.1529
2024-11-11,158.05,14.2556
2024-11-12,157.37,14.1709
2024-11-13,157.71,14.1039
2024-11-14,157.64,14.1406
2024-11-15,156.84,14.0183
2024-11-18,157.08,14.0223
2024-11-19,156.31,13.9404
2024-11-20,156.1,13.965
2024-11-21,155.79,13.9541
2024-11-22,155.11,13.903
2024-11-25,155.34,13.8819
2024-11-26,156.62,13.9932
2024-11-27,156.74,14.0168
2024-11-28,156.4,14.0142
2024-11-29,156.62,14.0382
2024-12-02,156.32,14.0643
2024-12-03,155.91,13.9901
2024-12-04,155.82,14.0293
2024-12-05,156.34,14.0821
2024-12-06,157.47,14.1748
2024-12-09,157.47,14.1821
2024-12-10,157.31,14.2105
2024-12-11,157.05,14.2036
2024-12-12,156.26,14.1384
2024-12-13,156.58,14.0599
2024-12-16,157.08,14.125
2024-12-17,157.71,14.2333
2024-12-18,157.65,14.2535
2024-12-19,158.34,14.3299
2024-12-20,159.07,14.3054
2024-12-23,158.29,14.2262
2024-12-27,158.76,14.2524
2024-12-30,158.79,14.2803
2024-12-31,158.16,14.2249
2025-01-02,157.1,14.0972
2025-01-03,157.01,14.1132
2025-01-06,156.98,14.0912
2025-01-07,157.37,14.1573
2025-01-08,157.33,14.0738
2025-01-09,157.63,14.0327
2025-01-10,157.59,14.0478
2025-01-13,156.95,13.9128
2025-01-14,157.08,13.9041
2025-01-15,156.86,13.881
2025-01-16,156.77,13.8818
2025-01-17,157.61,13.9237
2025-01-20,157.7,13.9104
2025-01-21,158.38,13.9758
2025-01-22,157.51,13.9139
2025-01-23,157.23,13.8875
2025-01-24,157.47,13.9191
2025-01-27,158.25,14.0412
2025-01-28,157.83,14.0441
2025-01-29,157.83,14.0684
2025-01-30,157.63,14.0545
2025-01-31,157.3,14.0385
2025-02-03,156.98,14.0899
2025-02-04,157.1,14.0898
2025-02-05,156.43,14.045
2025-02-06,156.29,13.9309
2025-02-07,155.83,13.9467
2025-02-10,155.19,13.8978
2025-02-11,155.21,13.887
2025-02-12,156.36,13.9936
2025-02-13,157.06,14.0608
2025-02-14,156.21,14.0017
2025-02-17,156.06,14.0035
2025-02-18,156.32,14.0428
2025-02-19,155.91,14.0382
2025-02-20,155.64,14.0166
2025-02-21,155.91,14.0515
2025-02-24,155.97,14.0474
2025-02-25,156.36,14.0684
2025-02-26,156.73,14.1062
2025-02-27,156.89,14.154
2025-02-28,157.2,14.1929
2025-03-03,156.81,14.1706
2025-03-04,158.31,14.2629
2025-03-05,158.47,14.1557
2025-03-06,157.07,13.9826
2025-03-07,157.65,13.9842
2025-03-10,156.47,13.9185
2025-03-11,155.98,13.7886
2025-03-12,155.63,13.8068
2025-03-13,155.45,13.8431
2025-03-14,155.76,13.8033
2025-03-17,154.52,13.7199
2025-03-18,154.53,13.6956
2025-03-19,154.24,13.6837
2025-03-20,154.2,13.7442
2025-03-21,152.84,13.6107
2025-03-24,152.56,13.6016
2025-03-25,151.6,13.5332
2025-03-26,152.25,13.583
2025-03-27,152.05,13.6147
2025-03-28,151.36,13.5488
2025-03-31,152.96,13.6624
