"Etternavn","Fornavn","Brukernavn","Student-ID",
"Aadde","Petter","petteaad","109744",
"Aas","Edvard Tynes","edvardta","109765",
"Adolfsen","Simon Anker","simonado","109719",
"Amundsen","Albert Bakke","alberbam","109372",
"Amundsen","Amanda Oddli","amandaam","545602",
"Askedal","Andrè Lensberg","andrelas","599260",
"Austad","Margit Valderhaug","margitva","109357",
"Austjord","Tuva Hansen","tuvahaus","104516",
"Biering","Morten Alexander","mortebie","560370",
"Bjørdal","Louise","louisbj","568361",
"Bjørkavåg","Sevrin Relling","sevrinrb","590917",
"Bjørshol","Ola Lønøy","olalb","109701",
"Bloszyk","Nikodem","nikodemb","109342",
"Brandvik","Preben Finseth","prebenfb","121277",
"Brekke","Tonje Aaland","tonjeab","121266",
"Dahle","Martin Oddnes","martioda","109394",
"Dang","Elisa Nhi","elisanda","121935",
"Daniel","Marit Røli","maritrd","109736",
"Drabløs","Amalie Larsen","amalield","588418",
"Døscher","Helene Eriksen","helendo","108440",
"Eika","Sebastian","sebasei","109756",
"Elveseter","Glenn Are Nerland","gaelvese","109766",
"Farhoud","Mohammad Samir","mohamsf","537903",
"Fjeldberg","Ida Byfuglien","idabfj","109339",
"Fjæran","Sturla","sturlfja","542506",
"Flataukan","Amund Wadseth","amundwfl","106619",
"Flem","Veronica Johnsen","veronijf","104580",
"Flø","Erik Kleven","erikkfl","109769",
"Frey","Marcus","marcusfr","558732",
"Frorud","Victor Labrå","victorlf","109358",
"Gammersvik","Mathias","mathigam","104531",
"Gillund","Thomas Eikeseth","thomaegi","128387",
"Gjelsten","Eivind Korshamn","eivindkg","109347",
"Gjerde","Christopher Nakharin","chrisngj","568966",
"Gjerde","Ellen Vestvik","ellenvg","562574",
"Gonilovic","Faris","farisg","109757",
"Grande","Even","evengra","109379",
"Grønli","Ida Martinsen","idamgro","590019",
"Grønmo","Christopher Reinfjord","christrg","109706",
"Haga","Emma Kristine Andersen","ekhaga","108443",
"Hagen","Joachim Klock","joachkh","109743",
"Hansen","Patrick Olai Bantilan","pohansen","109352",
"Heggen","Håkon Skram","haakshe","109724",
"Heltne","Vebjørn Telset","vebjoth","136432",
"Hennøen","Marianne","marhenn","279473",
"Henriksen","Amalie Endestad","amalihen","109385",
"Hilling","Edvard Tobias","edvardhi","109711",
"Hir","Abduljabbaar Mohamoud Ismail","amhir","568394",
"Hjelvik","Martine Elise Andersen","mehjelvi","109368",
"Hofstad","Ane Kirksæther","anekho","568319",
"Holmeset","Kamilla","kamilhol","130565",
"Homble","Sanna Helmine Kroglund","shhomble","104710",
"Humblen","Henriette Drevik","henriedh","109345",
"Husøy","Carina Sandøy","carinash","109353",
"Høstland","Emilie Dybhavn","emiliedh","561679",
"Iversen","Marie","marieiv","109359",
"Jesken","Susanne","susanjes","109380",
"Jonelaityte","Viktorija","viktojo","109734",
"Kifle","Alexander Robel","alexanrk","109392",
"Kvilhaug","Madelen Tangjerd","madeltk","109703",
"Leikanger","Camilla Brekke","camilble","104524",
"Lillemo","Sander","sandelil","109388",
"Longva","Julia Irene","juliail","109362",
"Lysø","Dennis Hoem","dennishl","109343",
"Martinsen","Asgeir","asgeim","588423",
"Meisler","Elise Espnes","eliseeme","540660",
"Midthaug","Sebastian Kalset","sebastkm","109337",
"Mjønes","Sander","sandermj","121276",
"Moa","Helene","helenmoa","109709",
"Moldskred","Filip Andreas","filipam","121263",
"Naalsund","Maria Steinsbu","mariasna","108439",
"Nilsen","Jan Håvard Vik","jhnilsen","269465",
"Omar","Khadija Mohammed","khadijao","590445",
"Pedersen","Elisabeth Dagmar","elisadp","109340",
"Pedersen","Gabriel","gabriepe","109727",
"Raheel","Aryan","aryanr","109365",
"Rajan","Purushothaman","purushr","999722",
"Rekkedal","Magnus Myrseth","magnumr","109751",
"Rise","Maria Ulfstein","mariauri","109725",
"Rosengren","Per Bjørk","perbros","109749",
"Ruud","Vilde Nielsen","vildenr","109721",
"Sagflaat","Nora Oline","noraosa","109355",
"Siem","Natalie Pedersen","natalips","109758",
"Ski","Magnus","magnski","109356",
"Skrove","Martin","martskro","109733",
"Solheim","Mikael Elliot Johansen","mesolhei","109393",
"Solli-Sæther","Ola","olasoll","590464",
"Sporstøl","Bendik","bendiksp","109723",
"Standal","Tuva Amdam","tuvaasta","109740",
"Steffenssen","Julie Sigrid Brunvoll","jsbsteff","486955",
"Stene","Malin Simonsen","malinsst","104776",
"Straksyte","Goda","godast","109731",
"Strøm","Frida Malene","fridamst","109338",
"Strømsholm","Ellen","ellestr","590440",
"Strømshoved","Eirik","eirstro","590907",
"Stuedahl","Louisa","louisas","109346",
"Svarstad","Simen Stene","simenssv","109748",
"Svenslid","Anna Akerø","annaasv","109363",
"Tronskar","Fredrik Holter","fredrht","590444",
"Tunheim","Victoria Dybvik","victordt","109764",
"Ulstein","Christian Teige","chrisuls","507888",
"Ulstein","Markus","markusul","109728",
"Ulvestad","Andreas Hovden","andrhul","109389",
"Vatne","Silje Eiken","siljeeva","108447",
"Zahl-Brathaug","Saga","sagaz","590413",
"Årdal","Per Olav","peroaar","109370",
