DATAFLOW,LAST UPDATE,freq,na_item,s_adj,unit,geo,TIME_PERIOD,OBS_VALUE,OBS_FLAG
ESTAT:TEINA010(1.0),24/10/24 23:00:00,Q,B1GQ,SCA,MIO_EUR_SCA,AT,2021-Q3,105003.0,
ESTAT:TEINA010(1.0),24/10/24 23:00:00,Q,B1GQ,SCA,MIO_EUR_SCA,AT,2021-Q4,105145.6,
ESTAT:TEINA010(1.0),24/10/24 23:00:00,Q,B1GQ,SCA,MIO_EUR_SCA,AT,2022-Q1,107582.7,
ESTAT:TEINA010(1.0),24/10/24 23:00:00,Q,B1GQ,SCA,MIO_EUR_SCA,AT,2022-Q2,111270.0,
ESTAT:TEINA010(1.0),24/10/24 23:00:00,Q,B1GQ,SCA,MIO_EUR_SCA,AT,2022-Q3,113568.9,
ESTAT:TEINA010(1.0),24/10/24 23:00:00,Q,B1GQ,SCA,MIO_EUR_SCA,AT,2022-Q4,114854.1,
ESTAT:TEINA010(1.0),24/10/24 23:00:00,Q,B1GQ,SCA,MIO_EUR_SCA,AT,2023-Q1,119320.8,
ESTAT:TEINA010(1.0),24/10/24 23:00:00,Q,B1GQ,SCA,MIO_EUR_SCA,AT,2023-Q2,119083.6,
ESTAT:TEINA010(1.0),24/10/24 23:00:00,Q,B1GQ,SCA,MIO_EUR_SCA,AT,2023-Q3,119663.7,
ESTAT:TEINA010(1.0),24/10/24 23:00:00,Q,B1GQ,SCA,MIO_EUR_SCA,AT,2023-Q4,120548.2,
ESTAT:TEINA010(1.0),24/10/24 23:00:00,Q,B1GQ,SCA,MIO_EUR_SCA,AT,2024-Q1,121775.0,
ESTAT:TEINA010(1.0),24/10/24 23:00:00,Q,B1GQ,SCA,MIO_EUR_SCA,AT,2024-Q2,122253.6,
ESTAT:TEINA010(1.0),24/10/24 23:00:00,Q,B1GQ,SCA,MIO_EUR_SCA,BE,2021-Q3,128937.0,
ESTAT:TEINA010(1.0),24/10/24 23:00:00,Q,B1GQ,SCA,MIO_EUR_SCA,BE,2021-Q4,132271.0,
ESTAT:TEINA010(1.0),24/10/24 23:00:00,Q,B1GQ,SCA,MIO_EUR_SCA,BE,2022-Q1,134704.0,p
ESTAT:TEINA010(1.0),24/10/24 23:00:00,Q,B1GQ,SCA,MIO_EUR_SCA,BE,2022-Q2,137665.0,p
ESTAT:TEINA010(1.0),24/10/24 23:00:00,Q,B1GQ,SCA,MIO_EUR_SCA,BE,2022-Q3,139907.0,p
ESTAT:TEINA010(1.0),24/10/24 23:00:00,Q,B1GQ,SCA,MIO_EUR_SCA,BE,2022-Q4,141937.0,p
ESTAT:TEINA010(1.0),24/10/24 23:00:00,Q,B1GQ,SCA,MIO_EUR_SCA,BE,2023-Q1,144888.0,p
ESTAT:TEINA010(1.0),24/10/24 23:00:00,Q,B1GQ,SCA,MIO_EUR_SCA,BE,2023-Q2,145074.0,p
ESTAT:TEINA010(1.0),24/10/24 23:00:00,Q,B1GQ,SCA,MIO_EUR_SCA,BE,2023-Q3,146911.0,p
ESTAT:TEINA010(1.0),24/10/24 23:00:00,Q,B1GQ,SCA,MIO_EUR_SCA,BE,2023-Q4,147825.0,p
ESTAT:TEINA010(1.0),24/10/24 23:00:00,Q,B1GQ,SCA,MIO_EUR_SCA,BE,2024-Q1,149643.0,p
ESTAT:TEINA010(1.0),24/10/24 23:00:00,Q,B1GQ,SCA,MIO_EUR_SCA,BE,2024-Q2,150981.0,p
ESTAT:TEINA010(1.0),24/10/24 23:00:00,Q,B1GQ,SCA,MIO_EUR_SCA,BG,2021-Q3,18276.2,
ESTAT:TEINA010(1.0),24/10/24 23:00:00,Q,B1GQ,SCA,MIO_EUR_SCA,BG,2021-Q4,18770.4,
ESTAT:TEINA010(1.0),24/10/24 23:00:00,Q,B1GQ,SCA,MIO_EUR_SCA,BG,2022-Q1,19903.3,
ESTAT:TEINA010(1.0),24/10/24 23:00:00,Q,B1GQ,SCA,MIO_EUR_SCA,BG,2022-Q2,20873.1,
ESTAT:TEINA010(1.0),24/10/24 23:00:00,Q,B1GQ,SCA,MIO_EUR_SCA,BG,2022-Q3,21910.1,
ESTAT:TEINA010(1.0),24/10/24 23:00:00,Q,B1GQ,SCA,MIO_EUR_SCA,BG,2022-Q4,23026.4,
ESTAT:TEINA010(1.0),24/10/24 23:00:00,Q,B1GQ,SCA,MIO_EUR_SCA,BG,2023-Q1,23387.3,
ESTAT:TEINA010(1.0),24/10/24 23:00:00,Q,B1GQ,SCA,MIO_EUR_SCA,BG,2023-Q2,23247.3,
ESTAT:TEINA010(1.0),24/10/24 23:00:00,Q,B1GQ,SCA,MIO_EUR_SCA,BG,2023-Q3,23467.5,
ESTAT:TEINA010(1.0),24/10/24 23:00:00,Q,B1GQ,SCA,MIO_EUR_SCA,BG,2023-Q4,24576.0,
ESTAT:TEINA010(1.0),24/10/24 23:00:00,Q,B1GQ,SCA,MIO_EUR_SCA,BG,2024-Q1,25278.3,p
ESTAT:TEINA010(1.0),24/10/24 23:00:00,Q,B1GQ,SCA,MIO_EUR_SCA,BG,2024-Q2,25804.5,p
ESTAT:TEINA010(1.0),24/10/24 23:00:00,Q,B1GQ,SCA,MIO_EUR_SCA,CH,2021-Q3,175041.5,
ESTAT:TEINA010(1.0),24/10/24 23:00:00,Q,B1GQ,SCA,MIO_EUR_SCA,CH,2021-Q4,181130.3,
ESTAT:TEINA010(1.0),24/10/24 23:00:00,Q,B1GQ,SCA,MIO_EUR_SCA,CH,2022-Q1,187087.5,
ESTAT:TEINA010(1.0),24/10/24 23:00:00,Q,B1GQ,SCA,MIO_EUR_SCA,CH,2022-Q2,192837.5,
ESTAT:TEINA010(1.0),24/10/24 23:00:00,Q,B1GQ,SCA,MIO_EUR_SCA,CH,2022-Q3,204627.0,
ESTAT:TEINA010(1.0),24/10/24 23:00:00,Q,B1GQ,SCA,MIO_EUR_SCA,CH,2022-Q4,203301.1,
ESTAT:TEINA010(1.0),24/10/24 23:00:00,Q,B1GQ,SCA,MIO_EUR_SCA,CH,2023-Q1,202369.2,
ESTAT:TEINA010(1.0),24/10/24 23:00:00,Q,B1GQ,SCA,MIO_EUR_SCA,CH,2023-Q2,204619.4,
ESTAT:TEINA010(1.0),24/10/24 23:00:00,Q,B1GQ,SCA,MIO_EUR_SCA,CH,2023-Q3,209086.9,
ESTAT:TEINA010(1.0),24/10/24 23:00:00,Q,B1GQ,SCA,MIO_EUR_SCA,CH,2023-Q4,211491.7,
ESTAT:TEINA010(1.0),24/10/24 23:00:00,Q,B1GQ,SCA,MIO_EUR_SCA,CH,2024-Q1,215942.8,
ESTAT:TEINA010(1.0),24/10/24 23:00:00,Q,B1GQ,SCA,MIO_EUR_SCA,CH,2024-Q2,212107.0,
ESTAT:TEINA010(1.0),24/10/24 23:00:00,Q,B1GQ,SCA,MIO_EUR_SCA,CY,2021-Q3,6460.0,
ESTAT:TEINA010(1.0),24/10/24 23:00:00,Q,B1GQ,SCA,MIO_EUR_SCA,CY,2021-Q4,6823.1,
ESTAT:TEINA010(1.0),24/10/24 23:00:00,Q,B1GQ,SCA,MIO_EUR_SCA,CY,2022-Q1,7119.0,
ESTAT:TEINA010(1.0),24/10/24 23:00:00,Q,B1GQ,SCA,MIO_EUR_SCA,CY,2022-Q2,7224.5,
ESTAT:TEINA010(1.0),24/10/24 23:00:00,Q,B1GQ,SCA,MIO_EUR_SCA,CY,2022-Q3,7498.8,
ESTAT:TEINA010(1.0),24/10/24 23:00:00,Q,B1GQ,SCA,MIO_EUR_SCA,CY,2022-Q4,7573.7,
ESTAT:TEINA010(1.0),24/10/24 23:00:00,Q,B1GQ,SCA,MIO_EUR_SCA,CY,2023-Q1,7678.4,
ESTAT:TEINA010(1.0),24/10/24 23:00:00,Q,B1GQ,SCA,MIO_EUR_SCA,CY,2023-Q2,7729.0,
ESTAT:TEINA010(1.0),24/10/24 23:00:00,Q,B1GQ,SCA,MIO_EUR_SCA,CY,2023-Q3,7905.5,
ESTAT:TEINA010(1.0),24/10/24 23:00:00,Q,B1GQ,SCA,MIO_EUR_SCA,CY,2023-Q4,8027.1,
ESTAT:TEINA010(1.0),24/10/24 23:00:00,Q,B1GQ,SCA,MIO_EUR_SCA,CY,2024-Q1,8170.1,
ESTAT:TEINA010(1.0),24/10/24 23:00:00,Q,B1GQ,SCA,MIO_EUR_SCA,CY,2024-Q2,8328.3,
ESTAT:TEINA010(1.0),24/10/24 23:00:00,Q,B1GQ,SCA,MIO_EUR_SCA,CZ,2021-Q3,63002.6,
ESTAT:TEINA010(1.0),24/10/24 23:00:00,Q,B1GQ,SCA,MIO_EUR_SCA,CZ,2021-Q4,64150.5,
ESTAT:TEINA010(1.0),24/10/24 23:00:00,Q,B1GQ,SCA,MIO_EUR_SCA,CZ,2022-Q1,68942.1,
ESTAT:TEINA010(1.0),24/10/24 23:00:00,Q,B1GQ,SCA,MIO_EUR_SCA,CZ,2022-Q2,70534.2,
ESTAT:TEINA010(1.0),24/10/24 23:00:00,Q,B1GQ,SCA,MIO_EUR_SCA,CZ,2022-Q3,72921.6,
ESTAT:TEINA010(1.0),24/10/24 23:00:00,Q,B1GQ,SCA,MIO_EUR_SCA,CZ,2022-Q4,74552.2,
ESTAT:TEINA010(1.0),24/10/24 23:00:00,Q,B1GQ,SCA,MIO_EUR_SCA,CZ,2023-Q1,79004.5,
ESTAT:TEINA010(1.0),24/10/24 23:00:00,Q,B1GQ,SCA,MIO_EUR_SCA,CZ,2023-Q2,80897.3,
ESTAT:TEINA010(1.0),24/10/24 23:00:00,Q,B1GQ,SCA,MIO_EUR_SCA,CZ,2023-Q3,79292.8,
ESTAT:TEINA010(1.0),24/10/24 23:00:00,Q,B1GQ,SCA,MIO_EUR_SCA,CZ,2023-Q4,78576.9,
ESTAT:TEINA010(1.0),24/10/24 23:00:00,Q,B1GQ,SCA,MIO_EUR_SCA,CZ,2024-Q1,78372.1,
ESTAT:TEINA010(1.0),24/10/24 23:00:00,Q,B1GQ,SCA,MIO_EUR_SCA,CZ,2024-Q2,80124.9,
ESTAT:TEINA010(1.0),24/10/24 23:00:00,Q,B1GQ,SCA,MIO_EUR_SCA,DE,2021-Q3,928453.0,p
ESTAT:TEINA010(1.0),24/10/24 23:00:00,Q,B1GQ,SCA,MIO_EUR_SCA,DE,2021-Q4,944587.0,p
ESTAT:TEINA010(1.0),24/10/24 23:00:00,Q,B1GQ,SCA,MIO_EUR_SCA,DE,2022-Q1,962521.0,p
ESTAT:TEINA010(1.0),24/10/24 23:00:00,Q,B1GQ,SCA,MIO_EUR_SCA,DE,2022-Q2,979029.0,p
ESTAT:TEINA010(1.0),24/10/24 23:00:00,Q,B1GQ,SCA,MIO_EUR_SCA,DE,2022-Q3,993638.0,p
ESTAT:TEINA010(1.0),24/10/24 23:00:00,Q,B1GQ,SCA,MIO_EUR_SCA,DE,2022-Q4,1012073.0,p
ESTAT:TEINA010(1.0),24/10/24 23:00:00,Q,B1GQ,SCA,MIO_EUR_SCA,DE,2023-Q1,1029719.0,p
ESTAT:TEINA010(1.0),24/10/24 23:00:00,Q,B1GQ,SCA,MIO_EUR_SCA,DE,2023-Q2,1041192.0,p
ESTAT:TEINA010(1.0),24/10/24 23:00:00,Q,B1GQ,SCA,MIO_EUR_SCA,DE,2023-Q3,1052400.0,p
ESTAT:TEINA010(1.0),24/10/24 23:00:00,Q,B1GQ,SCA,MIO_EUR_SCA,DE,2023-Q4,1063813.0,p
ESTAT:TEINA010(1.0),24/10/24 23:00:00,Q,B1GQ,SCA,MIO_EUR_SCA,DE,2024-Q1,1069813.0,p
ESTAT:TEINA010(1.0),24/10/24 23:00:00,Q,B1GQ,SCA,MIO_EUR_SCA,DE,2024-Q2,1078677.0,p
ESTAT:TEINA010(1.0),24/10/24 23:00:00,Q,B1GQ,SCA,MIO_EUR_SCA,DK,2021-Q3,87208.0,
ESTAT:TEINA010(1.0),24/10/24 23:00:00,Q,B1GQ,SCA,MIO_EUR_SCA,DK,2021-Q4,91335.8,
ESTAT:TEINA010(1.0),24/10/24 23:00:00,Q,B1GQ,SCA,MIO_EUR_SCA,DK,2022-Q1,91786.2,
ESTAT:TEINA010(1.0),24/10/24 23:00:00,Q,B1GQ,SCA,MIO_EUR_SCA,DK,2022-Q2,95170.5,
ESTAT:TEINA010(1.0),24/10/24 23:00:00,Q,B1GQ,SCA,MIO_EUR_SCA,DK,2022-Q3,98593.7,
ESTAT:TEINA010(1.0),24/10/24 23:00:00,Q,B1GQ,SCA,MIO_EUR_SCA,DK,2022-Q4,96762.3,
ESTAT:TEINA010(1.0),24/10/24 23:00:00,Q,B1GQ,SCA,MIO_EUR_SCA,DK,2023-Q1,95799.7,
ESTAT:TEINA010(1.0),24/10/24 23:00:00,Q,B1GQ,SCA,MIO_EUR_SCA,DK,2023-Q2,93683.2,
ESTAT:TEINA010(1.0),24/10/24 23:00:00,Q,B1GQ,SCA,MIO_EUR_SCA,DK,2023-Q3,92904.8,
ESTAT:TEINA010(1.0),24/10/24 23:00:00,Q,B1GQ,SCA,MIO_EUR_SCA,DK,2023-Q4,94040.7,
ESTAT:TEINA010(1.0),24/10/24 23:00:00,Q,B1GQ,SCA,MIO_EUR_SCA,DK,2024-Q1,95149.8,
ESTAT:TEINA010(1.0),24/10/24 23:00:00,Q,B1GQ,SCA,MIO_EUR_SCA,DK,2024-Q2,96630.8,
ESTAT:TEINA010(1.0),24/10/24 23:00:00,Q,B1GQ,SCA,MIO_EUR_SCA,EA,2021-Q3,3187247.2,
ESTAT:TEINA010(1.0),24/10/24 23:00:00,Q,B1GQ,SCA,MIO_EUR_SCA,EA,2021-Q4,3246876.8,
ESTAT:TEINA010(1.0),24/10/24 23:00:00,Q,B1GQ,SCA,MIO_EUR_SCA,EA,2022-Q1,3313351.4,
ESTAT:TEINA010(1.0),24/10/24 23:00:00,Q,B1GQ,SCA,MIO_EUR_SCA,EA,2022-Q2,3382569.3,
ESTAT:TEINA010(1.0),24/10/24 23:00:00,Q,B1GQ,SCA,MIO_EUR_SCA,EA,2022-Q3,3445011.7,
ESTAT:TEINA010(1.0),24/10/24 23:00:00,Q,B1GQ,SCA,MIO_EUR_SCA,EA,2022-Q4,3505964.1,
ESTAT:TEINA010(1.0),24/10/24 23:00:00,Q,B1GQ,SCA,MIO_EUR_SCA,EA,2023-Q1,3594359.3,
ESTAT:TEINA010(1.0),24/10/24 23:00:00,Q,B1GQ,SCA,MIO_EUR_SCA,EA,2023-Q2,3635757.4,
ESTAT:TEINA010(1.0),24/10/24 23:00:00,Q,B1GQ,SCA,MIO_EUR_SCA,EA,2023-Q3,3665016.0,
ESTAT:TEINA010(1.0),24/10/24 23:00:00,Q,B1GQ,SCA,MIO_EUR_SCA,EA,2023-Q4,3706721.1,
ESTAT:TEINA010(1.0),24/10/24 23:00:00,Q,B1GQ,SCA,MIO_EUR_SCA,EA,2024-Q1,3742614.9,
ESTAT:TEINA010(1.0),24/10/24 23:00:00,Q,B1GQ,SCA,MIO_EUR_SCA,EA,2024-Q2,3768686.8,
ESTAT:TEINA010(1.0),24/10/24 23:00:00,Q,B1GQ,SCA,MIO_EUR_SCA,EA19,2021-Q3,3187247.2,
ESTAT:TEINA010(1.0),24/10/24 23:00:00,Q,B1GQ,SCA,MIO_EUR_SCA,EA19,2021-Q4,3246876.8,
ESTAT:TEINA010(1.0),24/10/24 23:00:00,Q,B1GQ,SCA,MIO_EUR_SCA,EA19,2022-Q1,3313351.4,
ESTAT:TEINA010(1.0),24/10/24 23:00:00,Q,B1GQ,SCA,MIO_EUR_SCA,EA19,2022-Q2,3382569.3,
ESTAT:TEINA010(1.0),24/10/24 23:00:00,Q,B1GQ,SCA,MIO_EUR_SCA,EA19,2022-Q3,3445011.7,
ESTAT:TEINA010(1.0),24/10/24 23:00:00,Q,B1GQ,SCA,MIO_EUR_SCA,EA19,2022-Q4,3505964.1,
ESTAT:TEINA010(1.0),24/10/24 23:00:00,Q,B1GQ,SCA,MIO_EUR_SCA,EA19,2023-Q1,3575661.2,
ESTAT:TEINA010(1.0),24/10/24 23:00:00,Q,B1GQ,SCA,MIO_EUR_SCA,EA19,2023-Q2,3616380.8,
ESTAT:TEINA010(1.0),24/10/24 23:00:00,Q,B1GQ,SCA,MIO_EUR_SCA,EA19,2023-Q3,3645260.4,
ESTAT:TEINA010(1.0),24/10/24 23:00:00,Q,B1GQ,SCA,MIO_EUR_SCA,EA19,2023-Q4,3686503.0,
ESTAT:TEINA010(1.0),24/10/24 23:00:00,Q,B1GQ,SCA,MIO_EUR_SCA,EA19,2024-Q1,3721830.3,
ESTAT:TEINA010(1.0),24/10/24 23:00:00,Q,B1GQ,SCA,MIO_EUR_SCA,EA19,2024-Q2,3747450.2,
ESTAT:TEINA010(1.0),24/10/24 23:00:00,Q,B1GQ,SCA,MIO_EUR_SCA,EA20,2021-Q3,3202056.9,
ESTAT:TEINA010(1.0),24/10/24 23:00:00,Q,B1GQ,SCA,MIO_EUR_SCA,EA20,2021-Q4,3262265.5,
ESTAT:TEINA010(1.0),24/10/24 23:00:00,Q,B1GQ,SCA,MIO_EUR_SCA,EA20,2022-Q1,3329358.6,
ESTAT:TEINA010(1.0),24/10/24 23:00:00,Q,B1GQ,SCA,MIO_EUR_SCA,EA20,2022-Q2,3399185.3,
ESTAT:TEINA010(1.0),24/10/24 23:00:00,Q,B1GQ,SCA,MIO_EUR_SCA,EA20,2022-Q3,3462191.7,
ESTAT:TEINA010(1.0),24/10/24 23:00:00,Q,B1GQ,SCA,MIO_EUR_SCA,EA20,2022-Q4,3523772.4,
ESTAT:TEINA010(1.0),24/10/24 23:00:00,Q,B1GQ,SCA,MIO_EUR_SCA,EA20,2023-Q1,3594359.3,
ESTAT:TEINA010(1.0),24/10/24 23:00:00,Q,B1GQ,SCA,MIO_EUR_SCA,EA20,2023-Q2,3635757.4,
ESTAT:TEINA010(1.0),24/10/24 23:00:00,Q,B1GQ,SCA,MIO_EUR_SCA,EA20,2023-Q3,3665016.0,
ESTAT:TEINA010(1.0),24/10/24 23:00:00,Q,B1GQ,SCA,MIO_EUR_SCA,EA20,2023-Q4,3706721.1,
ESTAT:TEINA010(1.0),24/10/24 23:00:00,Q,B1GQ,SCA,MIO_EUR_SCA,EA20,2024-Q1,3742614.9,
ESTAT:TEINA010(1.0),24/10/24 23:00:00,Q,B1GQ,SCA,MIO_EUR_SCA,EA20,2024-Q2,3768686.8,
ESTAT:TEINA010(1.0),24/10/24 23:00:00,Q,B1GQ,SCA,MIO_EUR_SCA,EE,2021-Q3,7959.7,
ESTAT:TEINA010(1.0),24/10/24 23:00:00,Q,B1GQ,SCA,MIO_EUR_SCA,EE,2021-Q4,8314.3,
ESTAT:TEINA010(1.0),24/10/24 23:00:00,Q,B1GQ,SCA,MIO_EUR_SCA,EE,2022-Q1,8727.2,
ESTAT:TEINA010(1.0),24/10/24 23:00:00,Q,B1GQ,SCA,MIO_EUR_SCA,EE,2022-Q2,8958.0,
ESTAT:TEINA010(1.0),24/10/24 23:00:00,Q,B1GQ,SCA,MIO_EUR_SCA,EE,2022-Q3,9310.6,
ESTAT:TEINA010(1.0),24/10/24 23:00:00,Q,B1GQ,SCA,MIO_EUR_SCA,EE,2022-Q4,9390.3,
ESTAT:TEINA010(1.0),24/10/24 23:00:00,Q,B1GQ,SCA,MIO_EUR_SCA,EE,2023-Q1,9479.3,
ESTAT:TEINA010(1.0),24/10/24 23:00:00,Q,B1GQ,SCA,MIO_EUR_SCA,EE,2023-Q2,9499.6,
ESTAT:TEINA010(1.0),24/10/24 23:00:00,Q,B1GQ,SCA,MIO_EUR_SCA,EE,2023-Q3,9527.4,
ESTAT:TEINA010(1.0),24/10/24 23:00:00,Q,B1GQ,SCA,MIO_EUR_SCA,EE,2023-Q4,9657.6,
ESTAT:TEINA010(1.0),24/10/24 23:00:00,Q,B1GQ,SCA,MIO_EUR_SCA,EE,2024-Q1,9581.8,
ESTAT:TEINA010(1.0),24/10/24 23:00:00,Q,B1GQ,SCA,MIO_EUR_SCA,EE,2024-Q2,9766.7,
ESTAT:TEINA010(1.0),24/10/24 23:00:00,Q,B1GQ,SCA,MIO_EUR_SCA,EL,2021-Q3,46098.7,p
ESTAT:TEINA010(1.0),24/10/24 23:00:00,Q,B1GQ,SCA,MIO_EUR_SCA,EL,2021-Q4,48126.9,p
ESTAT:TEINA010(1.0),24/10/24 23:00:00,Q,B1GQ,SCA,MIO_EUR_SCA,EL,2022-Q1,49923.4,p
ESTAT:TEINA010(1.0),24/10/24 23:00:00,Q,B1GQ,SCA,MIO_EUR_SCA,EL,2022-Q2,50960.8,p
ESTAT:TEINA010(1.0),24/10/24 23:00:00,Q,B1GQ,SCA,MIO_EUR_SCA,EL,2022-Q3,52009.8,p
ESTAT:TEINA010(1.0),24/10/24 23:00:00,Q,B1GQ,SCA,MIO_EUR_SCA,EL,2022-Q4,52942.9,p
ESTAT:TEINA010(1.0),24/10/24 23:00:00,Q,B1GQ,SCA,MIO_EUR_SCA,EL,2023-Q1,53959.3,p
ESTAT:TEINA010(1.0),24/10/24 23:00:00,Q,B1GQ,SCA,MIO_EUR_SCA,EL,2023-Q2,55009.9,p
ESTAT:TEINA010(1.0),24/10/24 23:00:00,Q,B1GQ,SCA,MIO_EUR_SCA,EL,2023-Q3,55388.1,p
ESTAT:TEINA010(1.0),24/10/24 23:00:00,Q,B1GQ,SCA,MIO_EUR_SCA,EL,2023-Q4,55691.8,p
ESTAT:TEINA010(1.0),24/10/24 23:00:00,Q,B1GQ,SCA,MIO_EUR_SCA,EL,2024-Q1,56738.4,p
ESTAT:TEINA010(1.0),24/10/24 23:00:00,Q,B1GQ,SCA,MIO_EUR_SCA,EL,2024-Q2,57827.9,p
ESTAT:TEINA010(1.0),24/10/24 23:00:00,Q,B1GQ,SCA,MIO_EUR_SCA,ES,2021-Q3,310566.0,
ESTAT:TEINA010(1.0),24/10/24 23:00:00,Q,B1GQ,SCA,MIO_EUR_SCA,ES,2021-Q4,325087.0,
ESTAT:TEINA010(1.0),24/10/24 23:00:00,Q,B1GQ,SCA,MIO_EUR_SCA,ES,2022-Q1,331851.0,p
ESTAT:TEINA010(1.0),24/10/24 23:00:00,Q,B1GQ,SCA,MIO_EUR_SCA,ES,2022-Q2,338571.0,p
ESTAT:TEINA010(1.0),24/10/24 23:00:00,Q,B1GQ,SCA,MIO_EUR_SCA,ES,2022-Q3,344745.0,p
ESTAT:TEINA010(1.0),24/10/24 23:00:00,Q,B1GQ,SCA,MIO_EUR_SCA,ES,2022-Q4,358462.0,p
ESTAT:TEINA010(1.0),24/10/24 23:00:00,Q,B1GQ,SCA,MIO_EUR_SCA,ES,2023-Q1,369227.0,p
ESTAT:TEINA010(1.0),24/10/24 23:00:00,Q,B1GQ,SCA,MIO_EUR_SCA,ES,2023-Q2,370217.0,p
ESTAT:TEINA010(1.0),24/10/24 23:00:00,Q,B1GQ,SCA,MIO_EUR_SCA,ES,2023-Q3,374050.0,p
ESTAT:TEINA010(1.0),24/10/24 23:00:00,Q,B1GQ,SCA,MIO_EUR_SCA,ES,2023-Q4,384830.0,p
ESTAT:TEINA010(1.0),24/10/24 23:00:00,Q,B1GQ,SCA,MIO_EUR_SCA,ES,2024-Q1,390990.0,p
ESTAT:TEINA010(1.0),24/10/24 23:00:00,Q,B1GQ,SCA,MIO_EUR_SCA,ES,2024-Q2,394326.0,p
ESTAT:TEINA010(1.0),24/10/24 23:00:00,Q,B1GQ,SCA,MIO_EUR_SCA,EU27_2020,2021-Q3,3753276.3,
ESTAT:TEINA010(1.0),24/10/24 23:00:00,Q,B1GQ,SCA,MIO_EUR_SCA,EU27_2020,2021-Q4,3833475.1,
ESTAT:TEINA010(1.0),24/10/24 23:00:00,Q,B1GQ,SCA,MIO_EUR_SCA,EU27_2020,2022-Q1,3913263.8,
ESTAT:TEINA010(1.0),24/10/24 23:00:00,Q,B1GQ,SCA,MIO_EUR_SCA,EU27_2020,2022-Q2,4000806.3,
ESTAT:TEINA010(1.0),24/10/24 23:00:00,Q,B1GQ,SCA,MIO_EUR_SCA,EU27_2020,2022-Q3,4076031.0,
ESTAT:TEINA010(1.0),24/10/24 23:00:00,Q,B1GQ,SCA,MIO_EUR_SCA,EU27_2020,2022-Q4,4143298.6,
ESTAT:TEINA010(1.0),24/10/24 23:00:00,Q,B1GQ,SCA,MIO_EUR_SCA,EU27_2020,2023-Q1,4232477.6,
ESTAT:TEINA010(1.0),24/10/24 23:00:00,Q,B1GQ,SCA,MIO_EUR_SCA,EU27_2020,2023-Q2,4283297.9,
ESTAT:TEINA010(1.0),24/10/24 23:00:00,Q,B1GQ,SCA,MIO_EUR_SCA,EU27_2020,2023-Q3,4313952.5,
ESTAT:TEINA010(1.0),24/10/24 23:00:00,Q,B1GQ,SCA,MIO_EUR_SCA,EU27_2020,2023-Q4,4371460.2,
ESTAT:TEINA010(1.0),24/10/24 23:00:00,Q,B1GQ,SCA,MIO_EUR_SCA,EU27_2020,2024-Q1,4420858.2,
ESTAT:TEINA010(1.0),24/10/24 23:00:00,Q,B1GQ,SCA,MIO_EUR_SCA,EU27_2020,2024-Q2,4457251.4,
ESTAT:TEINA010(1.0),24/10/24 23:00:00,Q,B1GQ,SCA,MIO_EUR_SCA,FI,2021-Q3,62967.0,
ESTAT:TEINA010(1.0),24/10/24 23:00:00,Q,B1GQ,SCA,MIO_EUR_SCA,FI,2021-Q4,64311.0,
ESTAT:TEINA010(1.0),24/10/24 23:00:00,Q,B1GQ,SCA,MIO_EUR_SCA,FI,2022-Q1,65104.0,
ESTAT:TEINA010(1.0),24/10/24 23:00:00,Q,B1GQ,SCA,MIO_EUR_SCA,FI,2022-Q2,66169.0,
ESTAT:TEINA010(1.0),24/10/24 23:00:00,Q,B1GQ,SCA,MIO_EUR_SCA,FI,2022-Q3,67118.0,
ESTAT:TEINA010(1.0),24/10/24 23:00:00,Q,B1GQ,SCA,MIO_EUR_SCA,FI,2022-Q4,67733.0,
ESTAT:TEINA010(1.0),24/10/24 23:00:00,Q,B1GQ,SCA,MIO_EUR_SCA,FI,2023-Q1,68324.0,
ESTAT:TEINA010(1.0),24/10/24 23:00:00,Q,B1GQ,SCA,MIO_EUR_SCA,FI,2023-Q2,68819.0,
ESTAT:TEINA010(1.0),24/10/24 23:00:00,Q,B1GQ,SCA,MIO_EUR_SCA,FI,2023-Q3,68274.0,
ESTAT:TEINA010(1.0),24/10/24 23:00:00,Q,B1GQ,SCA,MIO_EUR_SCA,FI,2023-Q4,67903.0,
ESTAT:TEINA010(1.0),24/10/24 23:00:00,Q,B1GQ,SCA,MIO_EUR_SCA,FI,2024-Q1,68908.0,
ESTAT:TEINA010(1.0),24/10/24 23:00:00,Q,B1GQ,SCA,MIO_EUR_SCA,FI,2024-Q2,69056.0,
ESTAT:TEINA010(1.0),24/10/24 23:00:00,Q,B1GQ,SCA,MIO_EUR_SCA,FR,2021-Q3,637319.3,
ESTAT:TEINA010(1.0),24/10/24 23:00:00,Q,B1GQ,SCA,MIO_EUR_SCA,FR,2021-Q4,644018.8,
ESTAT:TEINA010(1.0),24/10/24 23:00:00,Q,B1GQ,SCA,MIO_EUR_SCA,FR,2022-Q1,649972.3,
ESTAT:TEINA010(1.0),24/10/24 23:00:00,Q,B1GQ,SCA,MIO_EUR_SCA,FR,2022-Q2,656131.7,
ESTAT:TEINA010(1.0),24/10/24 23:00:00,Q,B1GQ,SCA,MIO_EUR_SCA,FR,2022-Q3,669368.3,
ESTAT:TEINA010(1.0),24/10/24 23:00:00,Q,B1GQ,SCA,MIO_EUR_SCA,FR,2022-Q4,678534.4,
ESTAT:TEINA010(1.0),24/10/24 23:00:00,Q,B1GQ,SCA,MIO_EUR_SCA,FR,2023-Q1,691445.0,
ESTAT:TEINA010(1.0),24/10/24 23:00:00,Q,B1GQ,SCA,MIO_EUR_SCA,FR,2023-Q2,704780.7,
ESTAT:TEINA010(1.0),24/10/24 23:00:00,Q,B1GQ,SCA,MIO_EUR_SCA,FR,2023-Q3,710664.4,
ESTAT:TEINA010(1.0),24/10/24 23:00:00,Q,B1GQ,SCA,MIO_EUR_SCA,FR,2023-Q4,719472.4,
ESTAT:TEINA010(1.0),24/10/24 23:00:00,Q,B1GQ,SCA,MIO_EUR_SCA,FR,2024-Q1,724420.6,
ESTAT:TEINA010(1.0),24/10/24 23:00:00,Q,B1GQ,SCA,MIO_EUR_SCA,FR,2024-Q2,727277.5,
ESTAT:TEINA010(1.0),24/10/24 23:00:00,Q,B1GQ,SCA,MIO_EUR_SCA,HR,2021-Q3,14796.3,
ESTAT:TEINA010(1.0),24/10/24 23:00:00,Q,B1GQ,SCA,MIO_EUR_SCA,HR,2021-Q4,15369.8,
ESTAT:TEINA010(1.0),24/10/24 23:00:00,Q,B1GQ,SCA,MIO_EUR_SCA,HR,2022-Q1,15992.1,
ESTAT:TEINA010(1.0),24/10/24 23:00:00,Q,B1GQ,SCA,MIO_EUR_SCA,HR,2022-Q2,16603.1,
ESTAT:TEINA010(1.0),24/10/24 23:00:00,Q,B1GQ,SCA,MIO_EUR_SCA,HR,2022-Q3,17168.4,
ESTAT:TEINA010(1.0),24/10/24 23:00:00,Q,B1GQ,SCA,MIO_EUR_SCA,HR,2022-Q4,17796.8,
ESTAT:TEINA010(1.0),24/10/24 23:00:00,Q,B1GQ,SCA,MIO_EUR_SCA,HR,2023-Q1,18684.7,p
ESTAT:TEINA010(1.0),24/10/24 23:00:00,Q,B1GQ,SCA,MIO_EUR_SCA,HR,2023-Q2,19362.0,p
ESTAT:TEINA010(1.0),24/10/24 23:00:00,Q,B1GQ,SCA,MIO_EUR_SCA,HR,2023-Q3,19739.5,p
ESTAT:TEINA010(1.0),24/10/24 23:00:00,Q,B1GQ,SCA,MIO_EUR_SCA,HR,2023-Q4,20199.2,p
ESTAT:TEINA010(1.0),24/10/24 23:00:00,Q,B1GQ,SCA,MIO_EUR_SCA,HR,2024-Q1,20762.1,p
ESTAT:TEINA010(1.0),24/10/24 23:00:00,Q,B1GQ,SCA,MIO_EUR_SCA,HR,2024-Q2,21211.0,p
ESTAT:TEINA010(1.0),24/10/24 23:00:00,Q,B1GQ,SCA,MIO_EUR_SCA,HU,2021-Q3,39311.7,
ESTAT:TEINA010(1.0),24/10/24 23:00:00,Q,B1GQ,SCA,MIO_EUR_SCA,HU,2021-Q4,40972.6,
ESTAT:TEINA010(1.0),24/10/24 23:00:00,Q,B1GQ,SCA,MIO_EUR_SCA,HU,2022-Q1,42913.1,
ESTAT:TEINA010(1.0),24/10/24 23:00:00,Q,B1GQ,SCA,MIO_EUR_SCA,HU,2022-Q2,42244.8,
ESTAT:TEINA010(1.0),24/10/24 23:00:00,Q,B1GQ,SCA,MIO_EUR_SCA,HU,2022-Q3,41760.8,
ESTAT:TEINA010(1.0),24/10/24 23:00:00,Q,B1GQ,SCA,MIO_EUR_SCA,HU,2022-Q4,42287.8,
ESTAT:TEINA010(1.0),24/10/24 23:00:00,Q,B1GQ,SCA,MIO_EUR_SCA,HU,2023-Q1,46153.7,p
ESTAT:TEINA010(1.0),24/10/24 23:00:00,Q,B1GQ,SCA,MIO_EUR_SCA,HU,2023-Q2,49845.0,p
ESTAT:TEINA010(1.0),24/10/24 23:00:00,Q,B1GQ,SCA,MIO_EUR_SCA,HU,2023-Q3,49876.4,p
ESTAT:TEINA010(1.0),24/10/24 23:00:00,Q,B1GQ,SCA,MIO_EUR_SCA,HU,2023-Q4,50884.1,p
ESTAT:TEINA010(1.0),24/10/24 23:00:00,Q,B1GQ,SCA,MIO_EUR_SCA,HU,2024-Q1,51162.2,p
ESTAT:TEINA010(1.0),24/10/24 23:00:00,Q,B1GQ,SCA,MIO_EUR_SCA,HU,2024-Q2,52061.8,p
ESTAT:TEINA010(1.0),24/10/24 23:00:00,Q,B1GQ,SCA,MIO_EUR_SCA,IE,2021-Q3,115585.4,
ESTAT:TEINA010(1.0),24/10/24 23:00:00,Q,B1GQ,SCA,MIO_EUR_SCA,IE,2021-Q4,115683.5,
ESTAT:TEINA010(1.0),24/10/24 23:00:00,Q,B1GQ,SCA,MIO_EUR_SCA,IE,2022-Q1,122902.9,
ESTAT:TEINA010(1.0),24/10/24 23:00:00,Q,B1GQ,SCA,MIO_EUR_SCA,IE,2022-Q2,129252.6,
ESTAT:TEINA010(1.0),24/10/24 23:00:00,Q,B1GQ,SCA,MIO_EUR_SCA,IE,2022-Q3,135173.3,
ESTAT:TEINA010(1.0),24/10/24 23:00:00,Q,B1GQ,SCA,MIO_EUR_SCA,IE,2022-Q4,133184.5,
ESTAT:TEINA010(1.0),24/10/24 23:00:00,Q,B1GQ,SCA,MIO_EUR_SCA,IE,2023-Q1,128110.7,
ESTAT:TEINA010(1.0),24/10/24 23:00:00,Q,B1GQ,SCA,MIO_EUR_SCA,IE,2023-Q2,128944.6,
ESTAT:TEINA010(1.0),24/10/24 23:00:00,Q,B1GQ,SCA,MIO_EUR_SCA,IE,2023-Q3,126232.4,
ESTAT:TEINA010(1.0),24/10/24 23:00:00,Q,B1GQ,SCA,MIO_EUR_SCA,IE,2023-Q4,127200.8,
ESTAT:TEINA010(1.0),24/10/24 23:00:00,Q,B1GQ,SCA,MIO_EUR_SCA,IE,2024-Q1,128020.2,
ESTAT:TEINA010(1.0),24/10/24 23:00:00,Q,B1GQ,SCA,MIO_EUR_SCA,IE,2024-Q2,127387.5,
ESTAT:TEINA010(1.0),24/10/24 23:00:00,Q,B1GQ,SCA,MIO_EUR_SCA,IT,2021-Q3,470205.8,
ESTAT:TEINA010(1.0),24/10/24 23:00:00,Q,B1GQ,SCA,MIO_EUR_SCA,IT,2021-Q4,476640.2,
ESTAT:TEINA010(1.0),24/10/24 23:00:00,Q,B1GQ,SCA,MIO_EUR_SCA,IT,2022-Q1,484421.1,
ESTAT:TEINA010(1.0),24/10/24 23:00:00,Q,B1GQ,SCA,MIO_EUR_SCA,IT,2022-Q2,497617.6,
ESTAT:TEINA010(1.0),24/10/24 23:00:00,Q,B1GQ,SCA,MIO_EUR_SCA,IT,2022-Q3,502942.7,
ESTAT:TEINA010(1.0),24/10/24 23:00:00,Q,B1GQ,SCA,MIO_EUR_SCA,IT,2022-Q4,510955.3,
ESTAT:TEINA010(1.0),24/10/24 23:00:00,Q,B1GQ,SCA,MIO_EUR_SCA,IT,2023-Q1,525467.0,
ESTAT:TEINA010(1.0),24/10/24 23:00:00,Q,B1GQ,SCA,MIO_EUR_SCA,IT,2023-Q2,531555.7,
ESTAT:TEINA010(1.0),24/10/24 23:00:00,Q,B1GQ,SCA,MIO_EUR_SCA,IT,2023-Q3,535193.3,
ESTAT:TEINA010(1.0),24/10/24 23:00:00,Q,B1GQ,SCA,MIO_EUR_SCA,IT,2023-Q4,536599.0,
ESTAT:TEINA010(1.0),24/10/24 23:00:00,Q,B1GQ,SCA,MIO_EUR_SCA,IT,2024-Q1,541115.4,
ESTAT:TEINA010(1.0),24/10/24 23:00:00,Q,B1GQ,SCA,MIO_EUR_SCA,IT,2024-Q2,542334.5,
ESTAT:TEINA010(1.0),24/10/24 23:00:00,Q,B1GQ,SCA,MIO_EUR_SCA,LT,2021-Q3,14428.0,
ESTAT:TEINA010(1.0),24/10/24 23:00:00,Q,B1GQ,SCA,MIO_EUR_SCA,LT,2021-Q4,15036.5,
ESTAT:TEINA010(1.0),24/10/24 23:00:00,Q,B1GQ,SCA,MIO_EUR_SCA,LT,2022-Q1,16050.3,
ESTAT:TEINA010(1.0),24/10/24 23:00:00,Q,B1GQ,SCA,MIO_EUR_SCA,LT,2022-Q2,16706.9,
ESTAT:TEINA010(1.0),24/10/24 23:00:00,Q,B1GQ,SCA,MIO_EUR_SCA,LT,2022-Q3,17261.8,
ESTAT:TEINA010(1.0),24/10/24 23:00:00,Q,B1GQ,SCA,MIO_EUR_SCA,LT,2022-Q4,17428.8,
ESTAT:TEINA010(1.0),24/10/24 23:00:00,Q,B1GQ,SCA,MIO_EUR_SCA,LT,2023-Q1,18073.0,
ESTAT:TEINA010(1.0),24/10/24 23:00:00,Q,B1GQ,SCA,MIO_EUR_SCA,LT,2023-Q2,18436.5,
ESTAT:TEINA010(1.0),24/10/24 23:00:00,Q,B1GQ,SCA,MIO_EUR_SCA,LT,2023-Q3,18617.3,
ESTAT:TEINA010(1.0),24/10/24 23:00:00,Q,B1GQ,SCA,MIO_EUR_SCA,LT,2023-Q4,18676.7,
ESTAT:TEINA010(1.0),24/10/24 23:00:00,Q,B1GQ,SCA,MIO_EUR_SCA,LT,2024-Q1,19032.7,
ESTAT:TEINA010(1.0),24/10/24 23:00:00,Q,B1GQ,SCA,MIO_EUR_SCA,LT,2024-Q2,19466.2,
ESTAT:TEINA010(1.0),24/10/24 23:00:00,Q,B1GQ,SCA,MIO_EUR_SCA,LU,2021-Q3,18168.4,
ESTAT:TEINA010(1.0),24/10/24 23:00:00,Q,B1GQ,SCA,MIO_EUR_SCA,LU,2021-Q4,19219.0,
ESTAT:TEINA010(1.0),24/10/24 23:00:00,Q,B1GQ,SCA,MIO_EUR_SCA,LU,2022-Q1,19166.2,
ESTAT:TEINA010(1.0),24/10/24 23:00:00,Q,B1GQ,SCA,MIO_EUR_SCA,LU,2022-Q2,19380.5,
ESTAT:TEINA010(1.0),24/10/24 23:00:00,Q,B1GQ,SCA,MIO_EUR_SCA,LU,2022-Q3,19640.7,
ESTAT:TEINA010(1.0),24/10/24 23:00:00,Q,B1GQ,SCA,MIO_EUR_SCA,LU,2022-Q4,19568.1,
ESTAT:TEINA010(1.0),24/10/24 23:00:00,Q,B1GQ,SCA,MIO_EUR_SCA,LU,2023-Q1,19799.6,
ESTAT:TEINA010(1.0),24/10/24 23:00:00,Q,B1GQ,SCA,MIO_EUR_SCA,LU,2023-Q2,20081.9,
ESTAT:TEINA010(1.0),24/10/24 23:00:00,Q,B1GQ,SCA,MIO_EUR_SCA,LU,2023-Q3,19832.7,
ESTAT:TEINA010(1.0),24/10/24 23:00:00,Q,B1GQ,SCA,MIO_EUR_SCA,LU,2023-Q4,19937.4,
ESTAT:TEINA010(1.0),24/10/24 23:00:00,Q,B1GQ,SCA,MIO_EUR_SCA,LU,2024-Q1,20306.2,p
ESTAT:TEINA010(1.0),24/10/24 23:00:00,Q,B1GQ,SCA,MIO_EUR_SCA,LU,2024-Q2,20677.7,p
ESTAT:TEINA010(1.0),24/10/24 23:00:00,Q,B1GQ,SCA,MIO_EUR_SCA,LV,2021-Q3,8250.0,
ESTAT:TEINA010(1.0),24/10/24 23:00:00,Q,B1GQ,SCA,MIO_EUR_SCA,LV,2021-Q4,8492.4,
ESTAT:TEINA010(1.0),24/10/24 23:00:00,Q,B1GQ,SCA,MIO_EUR_SCA,LV,2022-Q1,8984.1,
ESTAT:TEINA010(1.0),24/10/24 23:00:00,Q,B1GQ,SCA,MIO_EUR_SCA,LV,2022-Q2,8965.4,
ESTAT:TEINA010(1.0),24/10/24 23:00:00,Q,B1GQ,SCA,MIO_EUR_SCA,LV,2022-Q3,9079.1,
ESTAT:TEINA010(1.0),24/10/24 23:00:00,Q,B1GQ,SCA,MIO_EUR_SCA,LV,2022-Q4,9066.4,
ESTAT:TEINA010(1.0),24/10/24 23:00:00,Q,B1GQ,SCA,MIO_EUR_SCA,LV,2023-Q1,9919.1,
ESTAT:TEINA010(1.0),24/10/24 23:00:00,Q,B1GQ,SCA,MIO_EUR_SCA,LV,2023-Q2,9768.5,
ESTAT:TEINA010(1.0),24/10/24 23:00:00,Q,B1GQ,SCA,MIO_EUR_SCA,LV,2023-Q3,9378.0,
ESTAT:TEINA010(1.0),24/10/24 23:00:00,Q,B1GQ,SCA,MIO_EUR_SCA,LV,2023-Q4,10026.4,
ESTAT:TEINA010(1.0),24/10/24 23:00:00,Q,B1GQ,SCA,MIO_EUR_SCA,LV,2024-Q1,9837.9,
ESTAT:TEINA010(1.0),24/10/24 23:00:00,Q,B1GQ,SCA,MIO_EUR_SCA,LV,2024-Q2,9973.2,
ESTAT:TEINA010(1.0),24/10/24 23:00:00,Q,B1GQ,SCA,MIO_EUR_SCA,ME,2021-Q3,1261.4,
ESTAT:TEINA010(1.0),24/10/24 23:00:00,Q,B1GQ,SCA,MIO_EUR_SCA,ME,2021-Q4,1318.3,
ESTAT:TEINA010(1.0),24/10/24 23:00:00,Q,B1GQ,SCA,MIO_EUR_SCA,ME,2022-Q1,1386.4,
ESTAT:TEINA010(1.0),24/10/24 23:00:00,Q,B1GQ,SCA,MIO_EUR_SCA,ME,2022-Q2,1458.4,
ESTAT:TEINA010(1.0),24/10/24 23:00:00,Q,B1GQ,SCA,MIO_EUR_SCA,ME,2022-Q3,1496.0,
ESTAT:TEINA010(1.0),24/10/24 23:00:00,Q,B1GQ,SCA,MIO_EUR_SCA,ME,2022-Q4,1580.4,
ESTAT:TEINA010(1.0),24/10/24 23:00:00,Q,B1GQ,SCA,MIO_EUR_SCA,ME,2023-Q1,1657.1,
ESTAT:TEINA010(1.0),24/10/24 23:00:00,Q,B1GQ,SCA,MIO_EUR_SCA,ME,2023-Q2,1730.5,
ESTAT:TEINA010(1.0),24/10/24 23:00:00,Q,B1GQ,SCA,MIO_EUR_SCA,ME,2023-Q3,1765.1,
ESTAT:TEINA010(1.0),24/10/24 23:00:00,Q,B1GQ,SCA,MIO_EUR_SCA,ME,2023-Q4,1791.9,
ESTAT:TEINA010(1.0),24/10/24 23:00:00,Q,B1GQ,SCA,MIO_EUR_SCA,ME,2024-Q1,1824.3,p
ESTAT:TEINA010(1.0),24/10/24 23:00:00,Q,B1GQ,SCA,MIO_EUR_SCA,ME,2024-Q2,1865.4,p
ESTAT:TEINA010(1.0),24/10/24 23:00:00,Q,B1GQ,SCA,MIO_EUR_SCA,MK,2021-Q3,2973.6,
ESTAT:TEINA010(1.0),24/10/24 23:00:00,Q,B1GQ,SCA,MIO_EUR_SCA,MK,2021-Q4,3037.2,
ESTAT:TEINA010(1.0),24/10/24 23:00:00,Q,B1GQ,SCA,MIO_EUR_SCA,MK,2022-Q1,3231.3,p
ESTAT:TEINA010(1.0),24/10/24 23:00:00,Q,B1GQ,SCA,MIO_EUR_SCA,MK,2022-Q2,3231.3,p
ESTAT:TEINA010(1.0),24/10/24 23:00:00,Q,B1GQ,SCA,MIO_EUR_SCA,MK,2022-Q3,3263.3,p
ESTAT:TEINA010(1.0),24/10/24 23:00:00,Q,B1GQ,SCA,MIO_EUR_SCA,MK,2022-Q4,3294.9,p
ESTAT:TEINA010(1.0),24/10/24 23:00:00,Q,B1GQ,SCA,MIO_EUR_SCA,MK,2023-Q1,3326.4,e
ESTAT:TEINA010(1.0),24/10/24 23:00:00,Q,B1GQ,SCA,MIO_EUR_SCA,MK,2023-Q2,3325.4,e
ESTAT:TEINA010(1.0),24/10/24 23:00:00,Q,B1GQ,SCA,MIO_EUR_SCA,MK,2023-Q3,3458.2,e
ESTAT:TEINA010(1.0),24/10/24 23:00:00,Q,B1GQ,SCA,MIO_EUR_SCA,MK,2023-Q4,3521.5,e
ESTAT:TEINA010(1.0),24/10/24 23:00:00,Q,B1GQ,SCA,MIO_EUR_SCA,MK,2024-Q1,3473.5,e
ESTAT:TEINA010(1.0),24/10/24 23:00:00,Q,B1GQ,SCA,MIO_EUR_SCA,MK,2024-Q2,3578.5,e
ESTAT:TEINA010(1.0),24/10/24 23:00:00,Q,B1GQ,SCA,MIO_EUR_SCA,MT,2021-Q3,4257.0,
ESTAT:TEINA010(1.0),24/10/24 23:00:00,Q,B1GQ,SCA,MIO_EUR_SCA,MT,2021-Q4,4369.2,
ESTAT:TEINA010(1.0),24/10/24 23:00:00,Q,B1GQ,SCA,MIO_EUR_SCA,MT,2022-Q1,4270.7,
ESTAT:TEINA010(1.0),24/10/24 23:00:00,Q,B1GQ,SCA,MIO_EUR_SCA,MT,2022-Q2,4520.0,
ESTAT:TEINA010(1.0),24/10/24 23:00:00,Q,B1GQ,SCA,MIO_EUR_SCA,MT,2022-Q3,4622.7,
ESTAT:TEINA010(1.0),24/10/24 23:00:00,Q,B1GQ,SCA,MIO_EUR_SCA,MT,2022-Q4,4816.1,
ESTAT:TEINA010(1.0),24/10/24 23:00:00,Q,B1GQ,SCA,MIO_EUR_SCA,MT,2023-Q1,4857.5,
ESTAT:TEINA010(1.0),24/10/24 23:00:00,Q,B1GQ,SCA,MIO_EUR_SCA,MT,2023-Q2,5100.0,
ESTAT:TEINA010(1.0),24/10/24 23:00:00,Q,B1GQ,SCA,MIO_EUR_SCA,MT,2023-Q3,5299.0,
ESTAT:TEINA010(1.0),24/10/24 23:00:00,Q,B1GQ,SCA,MIO_EUR_SCA,MT,2023-Q4,5380.1,
ESTAT:TEINA010(1.0),24/10/24 23:00:00,Q,B1GQ,SCA,MIO_EUR_SCA,MT,2024-Q1,5432.4,
ESTAT:TEINA010(1.0),24/10/24 23:00:00,Q,B1GQ,SCA,MIO_EUR_SCA,MT,2024-Q2,5493.8,
ESTAT:TEINA010(1.0),24/10/24 23:00:00,Q,B1GQ,SCA,MIO_EUR_SCA,NL,2021-Q3,227751.9,
ESTAT:TEINA010(1.0),24/10/24 23:00:00,Q,B1GQ,SCA,MIO_EUR_SCA,NL,2021-Q4,230899.6,
ESTAT:TEINA010(1.0),24/10/24 23:00:00,Q,B1GQ,SCA,MIO_EUR_SCA,NL,2022-Q1,238968.0,
ESTAT:TEINA010(1.0),24/10/24 23:00:00,Q,B1GQ,SCA,MIO_EUR_SCA,NL,2022-Q2,245713.5,
ESTAT:TEINA010(1.0),24/10/24 23:00:00,Q,B1GQ,SCA,MIO_EUR_SCA,NL,2022-Q3,251726.8,
ESTAT:TEINA010(1.0),24/10/24 23:00:00,Q,B1GQ,SCA,MIO_EUR_SCA,NL,2022-Q4,257271.1,
ESTAT:TEINA010(1.0),24/10/24 23:00:00,Q,B1GQ,SCA,MIO_EUR_SCA,NL,2023-Q1,261381.6,
ESTAT:TEINA010(1.0),24/10/24 23:00:00,Q,B1GQ,SCA,MIO_EUR_SCA,NL,2023-Q2,265390.9,
ESTAT:TEINA010(1.0),24/10/24 23:00:00,Q,B1GQ,SCA,MIO_EUR_SCA,NL,2023-Q3,268872.7,
ESTAT:TEINA010(1.0),24/10/24 23:00:00,Q,B1GQ,SCA,MIO_EUR_SCA,NL,2023-Q4,271962.2,
ESTAT:TEINA010(1.0),24/10/24 23:00:00,Q,B1GQ,SCA,MIO_EUR_SCA,NL,2024-Q1,277057.8,
ESTAT:TEINA010(1.0),24/10/24 23:00:00,Q,B1GQ,SCA,MIO_EUR_SCA,NL,2024-Q2,281373.4,
ESTAT:TEINA010(1.0),24/10/24 23:00:00,Q,B1GQ,SCA,MIO_EUR_SCA,NO,2021-Q3,106567.7,
ESTAT:TEINA010(1.0),24/10/24 23:00:00,Q,B1GQ,SCA,MIO_EUR_SCA,NO,2021-Q4,125219.8,
ESTAT:TEINA010(1.0),24/10/24 23:00:00,Q,B1GQ,SCA,MIO_EUR_SCA,NO,2022-Q1,135316.3,
ESTAT:TEINA010(1.0),24/10/24 23:00:00,Q,B1GQ,SCA,MIO_EUR_SCA,NO,2022-Q2,140387.0,
ESTAT:TEINA010(1.0),24/10/24 23:00:00,Q,B1GQ,SCA,MIO_EUR_SCA,NO,2022-Q3,159059.1,
ESTAT:TEINA010(1.0),24/10/24 23:00:00,Q,B1GQ,SCA,MIO_EUR_SCA,NO,2022-Q4,129872.3,
ESTAT:TEINA010(1.0),24/10/24 23:00:00,Q,B1GQ,SCA,MIO_EUR_SCA,NO,2023-Q1,120455.4,
ESTAT:TEINA010(1.0),24/10/24 23:00:00,Q,B1GQ,SCA,MIO_EUR_SCA,NO,2023-Q2,109682.5,
ESTAT:TEINA010(1.0),24/10/24 23:00:00,Q,B1GQ,SCA,MIO_EUR_SCA,NO,2023-Q3,108190.4,
ESTAT:TEINA010(1.0),24/10/24 23:00:00,Q,B1GQ,SCA,MIO_EUR_SCA,NO,2023-Q4,110949.3,
ESTAT:TEINA010(1.0),24/10/24 23:00:00,Q,B1GQ,SCA,MIO_EUR_SCA,NO,2024-Q1,112376.2,
ESTAT:TEINA010(1.0),24/10/24 23:00:00,Q,B1GQ,SCA,MIO_EUR_SCA,NO,2024-Q2,115306.5,
ESTAT:TEINA010(1.0),24/10/24 23:00:00,Q,B1GQ,SCA,MIO_EUR_SCA,PL,2021-Q3,145979.5,
ESTAT:TEINA010(1.0),24/10/24 23:00:00,Q,B1GQ,SCA,MIO_EUR_SCA,PL,2021-Q4,149624.6,
ESTAT:TEINA010(1.0),24/10/24 23:00:00,Q,B1GQ,SCA,MIO_EUR_SCA,PL,2022-Q1,156425.0,
ESTAT:TEINA010(1.0),24/10/24 23:00:00,Q,B1GQ,SCA,MIO_EUR_SCA,PL,2022-Q2,162065.1,
ESTAT:TEINA010(1.0),24/10/24 23:00:00,Q,B1GQ,SCA,MIO_EUR_SCA,PL,2022-Q3,165618.0,
ESTAT:TEINA010(1.0),24/10/24 23:00:00,Q,B1GQ,SCA,MIO_EUR_SCA,PL,2022-Q4,171042.1,
ESTAT:TEINA010(1.0),24/10/24 23:00:00,Q,B1GQ,SCA,MIO_EUR_SCA,PL,2023-Q1,177684.6,
ESTAT:TEINA010(1.0),24/10/24 23:00:00,Q,B1GQ,SCA,MIO_EUR_SCA,PL,2023-Q2,186770.8,
ESTAT:TEINA010(1.0),24/10/24 23:00:00,Q,B1GQ,SCA,MIO_EUR_SCA,PL,2023-Q3,189981.0,
ESTAT:TEINA010(1.0),24/10/24 23:00:00,Q,B1GQ,SCA,MIO_EUR_SCA,PL,2023-Q4,196735.0,
ESTAT:TEINA010(1.0),24/10/24 23:00:00,Q,B1GQ,SCA,MIO_EUR_SCA,PL,2024-Q1,201824.0,
ESTAT:TEINA010(1.0),24/10/24 23:00:00,Q,B1GQ,SCA,MIO_EUR_SCA,PL,2024-Q2,207107.8,
ESTAT:TEINA010(1.0),24/10/24 23:00:00,Q,B1GQ,SCA,MIO_EUR_SCA,PT,2021-Q3,55311.9,
ESTAT:TEINA010(1.0),24/10/24 23:00:00,Q,B1GQ,SCA,MIO_EUR_SCA,PT,2021-Q4,56704.3,
ESTAT:TEINA010(1.0),24/10/24 23:00:00,Q,B1GQ,SCA,MIO_EUR_SCA,PT,2022-Q1,58685.9,
ESTAT:TEINA010(1.0),24/10/24 23:00:00,Q,B1GQ,SCA,MIO_EUR_SCA,PT,2022-Q2,60176.9,
ESTAT:TEINA010(1.0),24/10/24 23:00:00,Q,B1GQ,SCA,MIO_EUR_SCA,PT,2022-Q3,61605.8,
ESTAT:TEINA010(1.0),24/10/24 23:00:00,Q,B1GQ,SCA,MIO_EUR_SCA,PT,2022-Q4,63488.5,
ESTAT:TEINA010(1.0),24/10/24 23:00:00,Q,B1GQ,SCA,MIO_EUR_SCA,PT,2023-Q1,65732.5,e
ESTAT:TEINA010(1.0),24/10/24 23:00:00,Q,B1GQ,SCA,MIO_EUR_SCA,PT,2023-Q2,66405.0,e
ESTAT:TEINA010(1.0),24/10/24 23:00:00,Q,B1GQ,SCA,MIO_EUR_SCA,PT,2023-Q3,67211.6,e
ESTAT:TEINA010(1.0),24/10/24 23:00:00,Q,B1GQ,SCA,MIO_EUR_SCA,PT,2023-Q4,68035.2,e
ESTAT:TEINA010(1.0),24/10/24 23:00:00,Q,B1GQ,SCA,MIO_EUR_SCA,PT,2024-Q1,69719.3,e
ESTAT:TEINA010(1.0),24/10/24 23:00:00,Q,B1GQ,SCA,MIO_EUR_SCA,PT,2024-Q2,70431.3,e
ESTAT:TEINA010(1.0),24/10/24 23:00:00,Q,B1GQ,SCA,MIO_EUR_SCA,RO,2021-Q3,61628.9,
ESTAT:TEINA010(1.0),24/10/24 23:00:00,Q,B1GQ,SCA,MIO_EUR_SCA,RO,2021-Q4,63173.2,
ESTAT:TEINA010(1.0),24/10/24 23:00:00,Q,B1GQ,SCA,MIO_EUR_SCA,RO,2022-Q1,66975.2,
ESTAT:TEINA010(1.0),24/10/24 23:00:00,Q,B1GQ,SCA,MIO_EUR_SCA,RO,2022-Q2,69756.7,
ESTAT:TEINA010(1.0),24/10/24 23:00:00,Q,B1GQ,SCA,MIO_EUR_SCA,RO,2022-Q3,71986.3,
ESTAT:TEINA010(1.0),24/10/24 23:00:00,Q,B1GQ,SCA,MIO_EUR_SCA,RO,2022-Q4,73055.4,
ESTAT:TEINA010(1.0),24/10/24 23:00:00,Q,B1GQ,SCA,MIO_EUR_SCA,RO,2023-Q1,79007.5,p
ESTAT:TEINA010(1.0),24/10/24 23:00:00,Q,B1GQ,SCA,MIO_EUR_SCA,RO,2023-Q2,79399.3,p
ESTAT:TEINA010(1.0),24/10/24 23:00:00,Q,B1GQ,SCA,MIO_EUR_SCA,RO,2023-Q3,81598.8,p
ESTAT:TEINA010(1.0),24/10/24 23:00:00,Q,B1GQ,SCA,MIO_EUR_SCA,RO,2023-Q4,84322.5,p
ESTAT:TEINA010(1.0),24/10/24 23:00:00,Q,B1GQ,SCA,MIO_EUR_SCA,RO,2024-Q1,86112.9,p
ESTAT:TEINA010(1.0),24/10/24 23:00:00,Q,B1GQ,SCA,MIO_EUR_SCA,RO,2024-Q2,88863.2,p
ESTAT:TEINA010(1.0),24/10/24 23:00:00,Q,B1GQ,SCA,MIO_EUR_SCA,RS,2021-Q3,13544.9,
ESTAT:TEINA010(1.0),24/10/24 23:00:00,Q,B1GQ,SCA,MIO_EUR_SCA,RS,2021-Q4,14021.0,
ESTAT:TEINA010(1.0),24/10/24 23:00:00,Q,B1GQ,SCA,MIO_EUR_SCA,RS,2022-Q1,14227.6,
ESTAT:TEINA010(1.0),24/10/24 23:00:00,Q,B1GQ,SCA,MIO_EUR_SCA,RS,2022-Q2,14881.9,
ESTAT:TEINA010(1.0),24/10/24 23:00:00,Q,B1GQ,SCA,MIO_EUR_SCA,RS,2022-Q3,15263.0,
ESTAT:TEINA010(1.0),24/10/24 23:00:00,Q,B1GQ,SCA,MIO_EUR_SCA,RS,2022-Q4,15901.9,
ESTAT:TEINA010(1.0),24/10/24 23:00:00,Q,B1GQ,SCA,MIO_EUR_SCA,RS,2023-Q1,16625.4,
ESTAT:TEINA010(1.0),24/10/24 23:00:00,Q,B1GQ,SCA,MIO_EUR_SCA,RS,2023-Q2,17136.8,
ESTAT:TEINA010(1.0),24/10/24 23:00:00,Q,B1GQ,SCA,MIO_EUR_SCA,RS,2023-Q3,17510.2,
ESTAT:TEINA010(1.0),24/10/24 23:00:00,Q,B1GQ,SCA,MIO_EUR_SCA,RS,2023-Q4,18200.9,
ESTAT:TEINA010(1.0),24/10/24 23:00:00,Q,B1GQ,SCA,MIO_EUR_SCA,RS,2024-Q1,18211.3,
ESTAT:TEINA010(1.0),24/10/24 23:00:00,Q,B1GQ,SCA,MIO_EUR_SCA,RS,2024-Q2,18768.3,
ESTAT:TEINA010(1.0),24/10/24 23:00:00,Q,B1GQ,SCA,MIO_EUR_SCA,SE,2021-Q3,133977.3,
ESTAT:TEINA010(1.0),24/10/24 23:00:00,Q,B1GQ,SCA,MIO_EUR_SCA,SE,2021-Q4,141171.7,
ESTAT:TEINA010(1.0),24/10/24 23:00:00,Q,B1GQ,SCA,MIO_EUR_SCA,SE,2022-Q1,134766.3,
ESTAT:TEINA010(1.0),24/10/24 23:00:00,Q,B1GQ,SCA,MIO_EUR_SCA,SE,2022-Q2,138880.8,
ESTAT:TEINA010(1.0),24/10/24 23:00:00,Q,B1GQ,SCA,MIO_EUR_SCA,SE,2022-Q3,139331.2,
ESTAT:TEINA010(1.0),24/10/24 23:00:00,Q,B1GQ,SCA,MIO_EUR_SCA,SE,2022-Q4,137742.5,
ESTAT:TEINA010(1.0),24/10/24 23:00:00,Q,B1GQ,SCA,MIO_EUR_SCA,SE,2023-Q1,136965.7,
ESTAT:TEINA010(1.0),24/10/24 23:00:00,Q,B1GQ,SCA,MIO_EUR_SCA,SE,2023-Q2,134285.4,
ESTAT:TEINA010(1.0),24/10/24 23:00:00,Q,B1GQ,SCA,MIO_EUR_SCA,SE,2023-Q3,132872.4,
ESTAT:TEINA010(1.0),24/10/24 23:00:00,Q,B1GQ,SCA,MIO_EUR_SCA,SE,2023-Q4,136900.9,
ESTAT:TEINA010(1.0),24/10/24 23:00:00,Q,B1GQ,SCA,MIO_EUR_SCA,SE,2024-Q1,141648.0,
ESTAT:TEINA010(1.0),24/10/24 23:00:00,Q,B1GQ,SCA,MIO_EUR_SCA,SE,2024-Q2,139280.1,
ESTAT:TEINA010(1.0),24/10/24 23:00:00,Q,B1GQ,SCA,MIO_EUR_SCA,SI,2021-Q3,13143.8,
ESTAT:TEINA010(1.0),24/10/24 23:00:00,Q,B1GQ,SCA,MIO_EUR_SCA,SI,2021-Q4,13594.1,
ESTAT:TEINA010(1.0),24/10/24 23:00:00,Q,B1GQ,SCA,MIO_EUR_SCA,SI,2022-Q1,13485.4,
ESTAT:TEINA010(1.0),24/10/24 23:00:00,Q,B1GQ,SCA,MIO_EUR_SCA,SI,2022-Q2,14024.4,
ESTAT:TEINA010(1.0),24/10/24 23:00:00,Q,B1GQ,SCA,MIO_EUR_SCA,SI,2022-Q3,14585.3,
ESTAT:TEINA010(1.0),24/10/24 23:00:00,Q,B1GQ,SCA,MIO_EUR_SCA,SI,2022-Q4,14777.4,
ESTAT:TEINA010(1.0),24/10/24 23:00:00,Q,B1GQ,SCA,MIO_EUR_SCA,SI,2023-Q1,15585.1,
ESTAT:TEINA010(1.0),24/10/24 23:00:00,Q,B1GQ,SCA,MIO_EUR_SCA,SI,2023-Q2,16022.7,
ESTAT:TEINA010(1.0),24/10/24 23:00:00,Q,B1GQ,SCA,MIO_EUR_SCA,SI,2023-Q3,16031.3,
ESTAT:TEINA010(1.0),24/10/24 23:00:00,Q,B1GQ,SCA,MIO_EUR_SCA,SI,2023-Q4,16514.9,
ESTAT:TEINA010(1.0),24/10/24 23:00:00,Q,B1GQ,SCA,MIO_EUR_SCA,SI,2024-Q1,16406.1,
ESTAT:TEINA010(1.0),24/10/24 23:00:00,Q,B1GQ,SCA,MIO_EUR_SCA,SI,2024-Q2,16487.0,
ESTAT:TEINA010(1.0),24/10/24 23:00:00,Q,B1GQ,SCA,MIO_EUR_SCA,SK,2021-Q3,25733.3,
ESTAT:TEINA010(1.0),24/10/24 23:00:00,Q,B1GQ,SCA,MIO_EUR_SCA,SK,2021-Q4,26257.1,
ESTAT:TEINA010(1.0),24/10/24 23:00:00,Q,B1GQ,SCA,MIO_EUR_SCA,SK,2022-Q1,26578.6,
ESTAT:TEINA010(1.0),24/10/24 23:00:00,Q,B1GQ,SCA,MIO_EUR_SCA,SK,2022-Q2,27198.5,
ESTAT:TEINA010(1.0),24/10/24 23:00:00,Q,B1GQ,SCA,MIO_EUR_SCA,SK,2022-Q3,27816.4,
ESTAT:TEINA010(1.0),24/10/24 23:00:00,Q,B1GQ,SCA,MIO_EUR_SCA,SK,2022-Q4,28495.2,
ESTAT:TEINA010(1.0),24/10/24 23:00:00,Q,B1GQ,SCA,MIO_EUR_SCA,SK,2023-Q1,29596.7,
ESTAT:TEINA010(1.0),24/10/24 23:00:00,Q,B1GQ,SCA,MIO_EUR_SCA,SK,2023-Q2,30416.0,
ESTAT:TEINA010(1.0),24/10/24 23:00:00,Q,B1GQ,SCA,MIO_EUR_SCA,SK,2023-Q3,31118.6,
ESTAT:TEINA010(1.0),24/10/24 23:00:00,Q,B1GQ,SCA,MIO_EUR_SCA,SK,2023-Q4,31787.5,
ESTAT:TEINA010(1.0),24/10/24 23:00:00,Q,B1GQ,SCA,MIO_EUR_SCA,SK,2024-Q1,32240.9,
ESTAT:TEINA010(1.0),24/10/24 23:00:00,Q,B1GQ,SCA,MIO_EUR_SCA,SK,2024-Q2,32707.9,
ESTAT:TEINA010(1.0),24/10/24 23:00:00,Q,B1GQ,SCA,MIO_EUR_SCA,TR,2021-Q3,184342.5,
ESTAT:TEINA010(1.0),24/10/24 23:00:00,Q,B1GQ,SCA,MIO_EUR_SCA,TR,2021-Q4,171889.4,
ESTAT:TEINA010(1.0),24/10/24 23:00:00,Q,B1GQ,SCA,MIO_EUR_SCA,TR,2022-Q1,178524.9,
ESTAT:TEINA010(1.0),24/10/24 23:00:00,Q,B1GQ,SCA,MIO_EUR_SCA,TR,2022-Q2,210759.3,
ESTAT:TEINA010(1.0),24/10/24 23:00:00,Q,B1GQ,SCA,MIO_EUR_SCA,TR,2022-Q3,226206.5,
ESTAT:TEINA010(1.0),24/10/24 23:00:00,Q,B1GQ,SCA,MIO_EUR_SCA,TR,2022-Q4,240632.1,
ESTAT:TEINA010(1.0),24/10/24 23:00:00,Q,B1GQ,SCA,MIO_EUR_SCA,TR,2023-Q1,252549.0,
ESTAT:TEINA010(1.0),24/10/24 23:00:00,Q,B1GQ,SCA,MIO_EUR_SCA,TR,2023-Q2,253839.3,
ESTAT:TEINA010(1.0),24/10/24 23:00:00,Q,B1GQ,SCA,MIO_EUR_SCA,TR,2023-Q3,253961.9,
ESTAT:TEINA010(1.0),24/10/24 23:00:00,Q,B1GQ,SCA,MIO_EUR_SCA,TR,2023-Q4,267134.4,
ESTAT:TEINA010(1.0),24/10/24 23:00:00,Q,B1GQ,SCA,MIO_EUR_SCA,TR,2024-Q1,284283.5,
ESTAT:TEINA010(1.0),24/10/24 23:00:00,Q,B1GQ,SCA,MIO_EUR_SCA,TR,2024-Q2,296995.4,
