freq,na_item,s_adj,unit,geo\TIME_PERIOD	2021-Q3 	2021-Q4 	2022-Q1 	2022-Q2 	2022-Q3 	2022-Q4 	2023-Q1 	2023-Q2 	2023-Q3 	2023-Q4 	2024-Q1 	2024-Q2 
Q,B1GQ,SCA,MIO_EUR_SCA,AT	105003.0 	105145.6 	107582.7 	111270.0 	113568.9 	114854.1 	119320.8 	119083.6 	119663.7 	120548.2 	121775.0 	122253.6 
Q,B1GQ,SCA,MIO_EUR_SCA,BE	128937.0 	132271.0 	134704.0 p	137665.0 p	139907.0 p	141937.0 p	144888.0 p	145074.0 p	146911.0 p	147825.0 p	149643.0 p	150981.0 p
Q,B1GQ,SCA,MIO_EUR_SCA,BG	18276.2 	18770.4 	19903.3 	20873.1 	21910.1 	23026.4 	23387.3 	23247.3 	23467.5 	24576.0 	25278.3 p	25804.5 p
Q,B1GQ,SCA,MIO_EUR_SCA,CH	175041.5 	181130.3 	187087.5 	192837.5 	204627.0 	203301.1 	202369.2 	204619.4 	209086.9 	211491.7 	215942.8 	212107.0 
Q,B1GQ,SCA,MIO_EUR_SCA,CY	6460.0 	6823.1 	7119.0 	7224.5 	7498.8 	7573.7 	7678.4 	7729.0 	7905.5 	8027.1 	8170.1 	8328.3 
Q,B1GQ,SCA,MIO_EUR_SCA,CZ	63002.6 	64150.5 	68942.1 	70534.2 	72921.6 	74552.2 	79004.5 	80897.3 	79292.8 	78576.9 	78372.1 	80124.9 
Q,B1GQ,SCA,MIO_EUR_SCA,DE	928453.0 p	944587.0 p	962521.0 p	979029.0 p	993638.0 p	1012073.0 p	1029719.0 p	1041192.0 p	1052400.0 p	1063813.0 p	1069813.0 p	1078677.0 p
Q,B1GQ,SCA,MIO_EUR_SCA,DK	87208.0 	91335.8 	91786.2 	95170.5 	98593.7 	96762.3 	95799.7 	93683.2 	92904.8 	94040.7 	95149.8 	96630.8 
Q,B1GQ,SCA,MIO_EUR_SCA,EA	3187247.2 	3246876.8 	3313351.4 	3382569.3 	3445011.7 	3505964.1 	3594359.3 	3635757.4 	3665016.0 	3706721.1 	3742614.9 	3768686.8 
Q,B1GQ,SCA,MIO_EUR_SCA,EA19	3187247.2 	3246876.8 	3313351.4 	3382569.3 	3445011.7 	3505964.1 	3575661.2 	3616380.8 	3645260.4 	3686503.0 	3721830.3 	3747450.2 
Q,B1GQ,SCA,MIO_EUR_SCA,EA20	3202056.9 	3262265.5 	3329358.6 	3399185.3 	3462191.7 	3523772.4 	3594359.3 	3635757.4 	3665016.0 	3706721.1 	3742614.9 	3768686.8 
Q,B1GQ,SCA,MIO_EUR_SCA,EE	7959.7 	8314.3 	8727.2 	8958.0 	9310.6 	9390.3 	9479.3 	9499.6 	9527.4 	9657.6 	9581.8 	9766.7 
Q,B1GQ,SCA,MIO_EUR_SCA,EL	46098.7 p	48126.9 p	49923.4 p	50960.8 p	52009.8 p	52942.9 p	53959.3 p	55009.9 p	55388.1 p	55691.8 p	56738.4 p	57827.9 p
Q,B1GQ,SCA,MIO_EUR_SCA,ES	310566.0 	325087.0 	331851.0 p	338571.0 p	344745.0 p	358462.0 p	369227.0 p	370217.0 p	374050.0 p	384830.0 p	390990.0 p	394326.0 p
Q,B1GQ,SCA,MIO_EUR_SCA,EU27_2020	3753276.3 	3833475.1 	3913263.8 	4000806.3 	4076031.0 	4143298.6 	4232477.6 	4283297.9 	4313952.5 	4371460.2 	4420858.2 	4457251.4 
Q,B1GQ,SCA,MIO_EUR_SCA,FI	62967.0 	64311.0 	65104.0 	66169.0 	67118.0 	67733.0 	68324.0 	68819.0 	68274.0 	67903.0 	68908.0 	69056.0 
Q,B1GQ,SCA,MIO_EUR_SCA,FR	637319.3 	644018.8 	649972.3 	656131.7 	669368.3 	678534.4 	691445.0 	704780.7 	710664.4 	719472.4 	724420.6 	727277.5 
Q,B1GQ,SCA,MIO_EUR_SCA,HR	14796.3 	15369.8 	15992.1 	16603.1 	17168.4 	17796.8 	18684.7 p	19362.0 p	19739.5 p	20199.2 p	20762.1 p	21211.0 p
Q,B1GQ,SCA,MIO_EUR_SCA,HU	39311.7 	40972.6 	42913.1 	42244.8 	41760.8 	42287.8 	46153.7 p	49845.0 p	49876.4 p	50884.1 p	51162.2 p	52061.8 p
Q,B1GQ,SCA,MIO_EUR_SCA,IE	115585.4 	115683.5 	122902.9 	129252.6 	135173.3 	133184.5 	128110.7 	128944.6 	126232.4 	127200.8 	128020.2 	127387.5 
Q,B1GQ,SCA,MIO_EUR_SCA,IT	470205.8 	476640.2 	484421.1 	497617.6 	502942.7 	510955.3 	525467.0 	531555.7 	535193.3 	536599.0 	541115.4 	542334.5 
Q,B1GQ,SCA,MIO_EUR_SCA,LT	14428.0 	15036.5 	16050.3 	16706.9 	17261.8 	17428.8 	18073.0 	18436.5 	18617.3 	18676.7 	19032.7 	19466.2 
Q,B1GQ,SCA,MIO_EUR_SCA,LU	18168.4 	19219.0 	19166.2 	19380.5 	19640.7 	19568.1 	19799.6 	20081.9 	19832.7 	19937.4 	20306.2 p	20677.7 p
Q,B1GQ,SCA,MIO_EUR_SCA,LV	8250.0 	8492.4 	8984.1 	8965.4 	9079.1 	9066.4 	9919.1 	9768.5 	9378.0 	10026.4 	9837.9 	9973.2 
Q,B1GQ,SCA,MIO_EUR_SCA,ME	1261.4 	1318.3 	1386.4 	1458.4 	1496.0 	1580.4 	1657.1 	1730.5 	1765.1 	1791.9 	1824.3 p	1865.4 p
Q,B1GQ,SCA,MIO_EUR_SCA,MK	2973.6 	3037.2 	3231.3 p	3231.3 p	3263.3 p	3294.9 p	3326.4 e	3325.4 e	3458.2 e	3521.5 e	3473.5 e	3578.5 e
Q,B1GQ,SCA,MIO_EUR_SCA,MT	4257.0 	4369.2 	4270.7 	4520.0 	4622.7 	4816.1 	4857.5 	5100.0 	5299.0 	5380.1 	5432.4 	5493.8 
Q,B1GQ,SCA,MIO_EUR_SCA,NL	227751.9 	230899.6 	238968.0 	245713.5 	251726.8 	257271.1 	261381.6 	265390.9 	268872.7 	271962.2 	277057.8 	281373.4 
Q,B1GQ,SCA,MIO_EUR_SCA,NO	106567.7 	125219.8 	135316.3 	140387.0 	159059.1 	129872.3 	120455.4 	109682.5 	108190.4 	110949.3 	112376.2 	115306.5 
Q,B1GQ,SCA,MIO_EUR_SCA,PL	145979.5 	149624.6 	156425.0 	162065.1 	165618.0 	171042.1 	177684.6 	186770.8 	189981.0 	196735.0 	201824.0 	207107.8 
Q,B1GQ,SCA,MIO_EUR_SCA,PT	55311.9 	56704.3 	58685.9 	60176.9 	61605.8 	63488.5 	65732.5 e	66405.0 e	67211.6 e	68035.2 e	69719.3 e	70431.3 e
Q,B1GQ,SCA,MIO_EUR_SCA,RO	61628.9 	63173.2 	66975.2 	69756.7 	71986.3 	73055.4 	79007.5 p	79399.3 p	81598.8 p	84322.5 p	86112.9 p	88863.2 p
Q,B1GQ,SCA,MIO_EUR_SCA,RS	13544.9 	14021.0 	14227.6 	14881.9 	15263.0 	15901.9 	16625.4 	17136.8 	17510.2 	18200.9 	18211.3 	18768.3 
Q,B1GQ,SCA,MIO_EUR_SCA,SE	133977.3 	141171.7 	134766.3 	138880.8 	139331.2 	137742.5 	136965.7 	134285.4 	132872.4 	136900.9 	141648.0 	139280.1 
Q,B1GQ,SCA,MIO_EUR_SCA,SI	13143.8 	13594.1 	13485.4 	14024.4 	14585.3 	14777.4 	15585.1 	16022.7 	16031.3 	16514.9 	16406.1 	16487.0 
Q,B1GQ,SCA,MIO_EUR_SCA,SK	25733.3 	26257.1 	26578.6 	27198.5 	27816.4 	28495.2 	29596.7 	30416.0 	31118.6 	31787.5 	32240.9 	32707.9 
Q,B1GQ,SCA,MIO_EUR_SCA,TR	184342.5 	171889.4 	178524.9 	210759.3 	226206.5 	240632.1 	252549.0 	253839.3 	253961.9 	267134.4 	284283.5 	296995.4 
