"region"	"materiale"	"behandling"	"nedstrømsløsning"	"Mengd (tonn) 2015"	"Mengd (tonn) 2016"	"Mengd (tonn) 2017"	"Mengd (tonn) 2018"	"Mengd (tonn) 2019"	"Mengd (tonn) 2020"	"Mengd (tonn) 2021"	"Mengd (tonn) 2022"	"Mengd (tonn) 2023"	"Mengd (tonn) 2024"
"EAK Landet"	"0 I alt"	"i alt"	"I alt"	2288135.5	2276919.6	2254846.6	2240096.0	2274906.3	2418459.0	2335812.0	2123818.0	2079634.0	1977455.0
"EAK Landet"	"0 I alt"	"i alt"	"Henteordning"	.	.	.	.	.	1266228.0	1266309.0	1198904.0	1146981.0	1073133.0
"EAK Landet"	"0 I alt"	"i alt"	"Gjenvinningsstasjon"	.	.	.	.	.	1152231.0	1069503.0	924914.0	932653.0	904322.0
"EAK Landet"	"0 I alt"	"Materialgjenvinning"	"I alt"	527411.3	535704.4	547123.2	545616.8	561718.4	631840.0	634584.0	586187.0	570586.0	553245.0
"EAK Landet"	"0 I alt"	"Materialgjenvinning"	"Henteordning"	.	.	.	.	.	316528.0	324945.0	298590.0	276124.0	257344.0
"EAK Landet"	"0 I alt"	"Materialgjenvinning"	"Gjenvinningsstasjon"	.	.	.	.	.	315312.0	309639.0	287597.0	294462.0	295901.0
"EAK Landet"	"0 I alt"	"Forbrenning"	"I alt"	1322783.6	1322482.2	1282927.9	1245144.3	1233566.3	1278844.0	1225980.0	1095301.0	1050310.0	973680.0
"EAK Landet"	"0 I alt"	"Forbrenning"	"Henteordning"	.	.	.	.	.	730702.0	712310.0	673384.0	637537.0	584865.0
"EAK Landet"	"0 I alt"	"Forbrenning"	"Gjenvinningsstasjon"	.	.	.	.	.	548142.0	513670.0	421917.0	412773.0	388815.0
"EAK Landet"	"0 I alt"	"Deponi"	"I alt"	67891.0	64578.9	71617.5	88539.3	99448.7	126055.0	85100.0	72972.0	71263.0	71221.0
"EAK Landet"	"0 I alt"	"Deponi"	"Henteordning"	.	.	.	.	.	2062.0	6827.0	1430.0	4.0	0.0
"EAK Landet"	"0 I alt"	"Deponi"	"Gjenvinningsstasjon"	.	.	.	.	.	123993.0	78273.0	71542.0	71259.0	71221.0
"EAK Landet"	"0 I alt"	"Biogassproduksjon"	"I alt"	93538.3	104580.9	108028.7	120089.5	160785.8	157460.0	163792.0	157247.0	170210.0	174986.0
"EAK Landet"	"0 I alt"	"Biogassproduksjon"	"Henteordning"	.	.	.	.	.	157396.0	163767.0	157224.0	169054.0	174984.0
"EAK Landet"	"0 I alt"	"Biogassproduksjon"	"Gjenvinningsstasjon"	.	.	.	.	.	64.0	25.0	23.0	1156.0	2.0
"EAK Landet"	"0 I alt"	"Kompostering"	"I alt"	245745.0	227495.4	224428.4	225738.6	203892.7	204786.0	211766.0	184764.0	200882.0	190045.0
"EAK Landet"	"0 I alt"	"Kompostering"	"Henteordning"	.	.	.	.	.	49701.0	50107.0	48062.0	54331.0	45779.0
"EAK Landet"	"0 I alt"	"Kompostering"	"Gjenvinningsstasjon"	.	.	.	.	.	155085.0	161659.0	136702.0	146551.0	144266.0
"EAK Landet"	"0 I alt"	"Annet"	"I alt"	30766.3	22077.8	20720.8	14967.4	15494.4	19474.0	14590.0	27347.0	16383.0	14278.0
"EAK Landet"	"0 I alt"	"Annet"	"Henteordning"	.	.	.	.	.	9839.0	8353.0	20214.0	9931.0	10161.0
"EAK Landet"	"0 I alt"	"Annet"	"Gjenvinningsstasjon"	.	.	.	.	.	9635.0	6237.0	7133.0	6452.0	4117.0
"EAK Landet"	"1 Restavfall"	"i alt"	"I alt"	985822.5	977103.8	943061.2	926351.3	901263.1	958339.0	918937.0	876707.0	850827.0	783477.0
"EAK Landet"	"1 Restavfall"	"i alt"	"Henteordning"	.	.	.	.	.	732198.0	704084.0	674565.0	645624.0	589323.0
"EAK Landet"	"1 Restavfall"	"i alt"	"Gjenvinningsstasjon"	.	.	.	.	.	226141.0	214853.0	202142.0	205203.0	194154.0
"EAK Landet"	"1 Restavfall"	"Materialgjenvinning"	"I alt"	.	.	.	.	.	.	.	.	.	.
"EAK Landet"	"1 Restavfall"	"Materialgjenvinning"	"Henteordning"	.	.	.	.	.	.	.	.	.	.
"EAK Landet"	"1 Restavfall"	"Materialgjenvinning"	"Gjenvinningsstasjon"	.	.	.	.	.	.	.	.	.	.
"EAK Landet"	"1 Restavfall"	"Forbrenning"	"I alt"	958731.3	956287.9	916666.9	904845.2	879968.6	920672.0	898810.0	849309.0	828342.0	761498.0
"EAK Landet"	"1 Restavfall"	"Forbrenning"	"Henteordning"	.	.	.	.	.	722486.0	692008.0	655173.0	636282.0	579474.0
"EAK Landet"	"1 Restavfall"	"Forbrenning"	"Gjenvinningsstasjon"	.	.	.	.	.	198186.0	206802.0	194136.0	192060.0	182024.0
"EAK Landet"	"1 Restavfall"	"Deponi"	"I alt"	22012.6	17747.7	20181.2	16717.0	16477.0	27172.0	11487.0	5391.0	11030.0	11380.0
"EAK Landet"	"1 Restavfall"	"Deponi"	"Henteordning"	.	.	.	.	.	1335.0	4602.0	1336.0	4.0	0.0
"EAK Landet"	"1 Restavfall"	"Deponi"	"Gjenvinningsstasjon"	.	.	.	.	.	25837.0	6885.0	4055.0	11026.0	11380.0
"EAK Landet"	"1 Restavfall"	"Biogassproduksjon"	"I alt"	.	.	.	.	.	.	.	.	.	.
"EAK Landet"	"1 Restavfall"	"Biogassproduksjon"	"Henteordning"	.	.	.	.	.	.	.	.	.	.
"EAK Landet"	"1 Restavfall"	"Biogassproduksjon"	"Gjenvinningsstasjon"	.	.	.	.	.	.	.	.	.	.
"EAK Landet"	"1 Restavfall"	"Kompostering"	"I alt"	.	.	.	.	.	.	.	.	.	.
"EAK Landet"	"1 Restavfall"	"Kompostering"	"Henteordning"	.	.	.	.	.	.	.	.	.	.
"EAK Landet"	"1 Restavfall"	"Kompostering"	"Gjenvinningsstasjon"	.	.	.	.	.	.	.	.	.	.
"EAK Landet"	"1 Restavfall"	"Annet"	"I alt"	5078.6	3068.3	6213.1	4789.2	4817.5	10495.0	8640.0	22007.0	11455.0	10599.0
"EAK Landet"	"1 Restavfall"	"Annet"	"Henteordning"	.	.	.	.	.	8377.0	7474.0	18056.0	9338.0	9849.0
"EAK Landet"	"1 Restavfall"	"Annet"	"Gjenvinningsstasjon"	.	.	.	.	.	2118.0	1166.0	3951.0	2117.0	750.0
"EAK Landet"	"2 Utsortert"	"i alt"	"I alt"	1302313.0	1299815.8	1311785.4	1313744.7	1373643.3	1460120.0	1416875.0	1247111.0	1228807.0	1193978.0
"EAK Landet"	"2 Utsortert"	"i alt"	"Henteordning"	.	.	.	.	.	534030.0	562225.0	524339.0	501357.0	483810.0
"EAK Landet"	"2 Utsortert"	"i alt"	"Gjenvinningsstasjon"	.	.	.	.	.	926090.0	854650.0	722772.0	727450.0	710168.0
"EAK Landet"	"2 Utsortert"	"Materialgjenvinning"	"I alt"	527411.3	535704.4	547123.2	545616.8	561718.4	631840.0	634584.0	586187.0	570586.0	553245.0
"EAK Landet"	"2 Utsortert"	"Materialgjenvinning"	"Henteordning"	.	.	.	.	.	316528.0	324945.0	298590.0	276124.0	257344.0
"EAK Landet"	"2 Utsortert"	"Materialgjenvinning"	"Gjenvinningsstasjon"	.	.	.	.	.	315312.0	309639.0	287597.0	294462.0	295901.0
"EAK Landet"	"2 Utsortert"	"Forbrenning"	"I alt"	364052.3	366194.3	366261.1	340299.1	353597.7	358172.0	327170.0	245992.0	221968.0	212182.0
"EAK Landet"	"2 Utsortert"	"Forbrenning"	"Henteordning"	.	.	.	.	.	8216.0	20302.0	18211.0	1255.0	5391.0
"EAK Landet"	"2 Utsortert"	"Forbrenning"	"Gjenvinningsstasjon"	.	.	.	.	.	349956.0	306868.0	227781.0	220713.0	206791.0
"EAK Landet"	"2 Utsortert"	"Deponi"	"I alt"	45878.4	46831.3	51436.3	71822.4	82971.7	98883.0	73613.0	67581.0	60233.0	59841.0
"EAK Landet"	"2 Utsortert"	"Deponi"	"Henteordning"	.	.	.	.	.	727.0	2225.0	94.0	0.0	0.0
"EAK Landet"	"2 Utsortert"	"Deponi"	"Gjenvinningsstasjon"	.	.	.	.	.	98156.0	71388.0	67487.0	60233.0	59841.0
"EAK Landet"	"2 Utsortert"	"Biogassproduksjon"	"I alt"	93538.3	104580.9	108028.7	120089.5	160785.8	157460.0	163792.0	157247.0	170210.0	174986.0
"EAK Landet"	"2 Utsortert"	"Biogassproduksjon"	"Henteordning"	.	.	.	.	.	157396.0	163767.0	157224.0	169054.0	174984.0
"EAK Landet"	"2 Utsortert"	"Biogassproduksjon"	"Gjenvinningsstasjon"	.	.	.	.	.	64.0	25.0	23.0	1156.0	2.0
"EAK Landet"	"2 Utsortert"	"Kompostering"	"I alt"	245745.0	227495.4	224428.4	225738.6	203892.7	204786.0	211766.0	184764.0	200882.0	190045.0
"EAK Landet"	"2 Utsortert"	"Kompostering"	"Henteordning"	.	.	.	.	.	49701.0	50107.0	48062.0	54331.0	45779.0
"EAK Landet"	"2 Utsortert"	"Kompostering"	"Gjenvinningsstasjon"	.	.	.	.	.	155085.0	161659.0	136702.0	146551.0	144266.0
"EAK Landet"	"2 Utsortert"	"Annet"	"I alt"	25687.7	19009.5	14507.8	10178.2	10676.9	8979.0	5950.0	5340.0	4928.0	3679.0
"EAK Landet"	"2 Utsortert"	"Annet"	"Henteordning"	.	.	.	.	.	1462.0	879.0	2158.0	593.0	312.0
"EAK Landet"	"2 Utsortert"	"Annet"	"Gjenvinningsstasjon"	.	.	.	.	.	7517.0	5071.0	3182.0	4335.0	3367.0
"EAK Landet"	"2.01 Papp"	"i alt"	"I alt"	269711.7	259955.0	251314.0	238896.8	232063.2	231706.0	222262.0	204087.0	190576.0	173400.0
"EAK Landet"	"2.01 Papp"	"i alt"	"Henteordning"	.	.	.	.	.	196172.0	186935.0	171614.0	157817.0	142085.0
"EAK Landet"	"2.01 Papp"	"i alt"	"Gjenvinningsstasjon"	.	.	.	.	.	35534.0	35327.0	32473.0	32759.0	31315.0
"EAK Landet"	"2.01 Papp"	"Materialgjenvinning"	"I alt"	267824.7	258185.7	249634.2	237931.3	231139.8	230093.0	221241.0	202610.0	189704.0	171801.0
"EAK Landet"	"2.01 Papp"	"Materialgjenvinning"	"Henteordning"	.	.	.	.	.	194632.0	186014.0	170229.0	156958.0	141002.0
"EAK Landet"	"2.01 Papp"	"Materialgjenvinning"	"Gjenvinningsstasjon"	.	.	.	.	.	35461.0	35227.0	32381.0	32746.0	30799.0
"EAK Landet"	"2.01 Papp"	"Forbrenning"	"I alt"	1887.0	1501.0	1370.0	785.3	646.0	1274.0	912.0	818.0	872.0	1584.0
"EAK Landet"	"2.01 Papp"	"Forbrenning"	"Henteordning"	.	.	.	.	.	1211.0	855.0	726.0	859.0	1068.0
"EAK Landet"	"2.01 Papp"	"Forbrenning"	"Gjenvinningsstasjon"	.	.	.	.	.	63.0	57.0	92.0	13.0	516.0
"EAK Landet"	"2.01 Papp"	"Deponi"	"I alt"	.	.	.	.	.	.	.	.	.	.
"EAK Landet"	"2.01 Papp"	"Deponi"	"Henteordning"	.	.	.	.	.	.	.	.	.	.
"EAK Landet"	"2.01 Papp"	"Deponi"	"Gjenvinningsstasjon"	.	.	.	.	.	.	.	.	.	.
"EAK Landet"	"2.01 Papp"	"Biogassproduksjon"	"I alt"	.	.	.	.	.	.	.	.	.	.
"EAK Landet"	"2.01 Papp"	"Biogassproduksjon"	"Henteordning"	.	.	.	.	.	.	.	.	.	.
"EAK Landet"	"2.01 Papp"	"Biogassproduksjon"	"Gjenvinningsstasjon"	.	.	.	.	.	.	.	.	.	.
"EAK Landet"	"2.01 Papp"	"Kompostering"	"I alt"	.	.	.	.	.	.	.	.	.	.
"EAK Landet"	"2.01 Papp"	"Kompostering"	"Henteordning"	.	.	.	.	.	.	.	.	.	.
"EAK Landet"	"2.01 Papp"	"Kompostering"	"Gjenvinningsstasjon"	.	.	.	.	.	.	.	.	.	.
"EAK Landet"	"2.01 Papp"	"Annet"	"I alt"	0.0	268.3	309.8	180.3	277.4	339.0	109.0	659.0	0.0	15.0
"EAK Landet"	"2.01 Papp"	"Annet"	"Henteordning"	.	.	.	.	.	329.0	66.0	659.0	0.0	15.0
"EAK Landet"	"2.01 Papp"	"Annet"	"Gjenvinningsstasjon"	.	.	.	.	.	10.0	43.0	0.0	0.0	0.0
"EAK Landet"	"2.02 Glass"	"i alt"	"I alt"	60125.3	62611.3	65685.2	70274.0	73789.6	71321.0	81835.0	79104.0	76117.0	73505.0
"EAK Landet"	"2.02 Glass"	"i alt"	"Henteordning"	.	.	.	.	.	64773.0	75759.0	75473.0	71804.0	70114.0
"EAK Landet"	"2.02 Glass"	"i alt"	"Gjenvinningsstasjon"	.	.	.	.	.	6548.0	6076.0	3631.0	4313.0	3391.0
"EAK Landet"	"2.02 Glass"	"Materialgjenvinning"	"I alt"	59750.3	62251.0	65559.5	70224.0	73717.2	70830.0	81547.0	78502.0	76039.0	73263.0
"EAK Landet"	"2.02 Glass"	"Materialgjenvinning"	"Henteordning"	.	.	.	.	.	64579.0	75641.0	75040.0	71736.0	69872.0
"EAK Landet"	"2.02 Glass"	"Materialgjenvinning"	"Gjenvinningsstasjon"	.	.	.	.	.	6251.0	5906.0	3462.0	4303.0	3391.0
"EAK Landet"	"2.02 Glass"	"Forbrenning"	"I alt"	.	.	.	.	.	.	.	.	.	.
"EAK Landet"	"2.02 Glass"	"Forbrenning"	"Henteordning"	.	.	.	.	.	.	.	.	.	.
"EAK Landet"	"2.02 Glass"	"Forbrenning"	"Gjenvinningsstasjon"	.	.	.	.	.	.	.	.	.	.
"EAK Landet"	"2.02 Glass"	"Deponi"	"I alt"	.	.	.	.	.	.	.	.	.	.
"EAK Landet"	"2.02 Glass"	"Deponi"	"Henteordning"	.	.	.	.	.	.	.	.	.	.
"EAK Landet"	"2.02 Glass"	"Deponi"	"Gjenvinningsstasjon"	.	.	.	.	.	.	.	.	.	.
"EAK Landet"	"2.02 Glass"	"Biogassproduksjon"	"I alt"	.	.	.	.	.	.	.	.	.	.
"EAK Landet"	"2.02 Glass"	"Biogassproduksjon"	"Henteordning"	.	.	.	.	.	.	.	.	.	.
"EAK Landet"	"2.02 Glass"	"Biogassproduksjon"	"Gjenvinningsstasjon"	.	.	.	.	.	.	.	.	.	.
"EAK Landet"	"2.02 Glass"	"Kompostering"	"I alt"	.	.	.	.	.	.	.	.	.	.
"EAK Landet"	"2.02 Glass"	"Kompostering"	"Henteordning"	.	.	.	.	.	.	.	.	.	.
"EAK Landet"	"2.02 Glass"	"Kompostering"	"Gjenvinningsstasjon"	.	.	.	.	.	.	.	.	.	.
"EAK Landet"	"2.02 Glass"	"Annet"	"I alt"	375.1	360.3	125.7	50.1	72.4	491.0	288.0	602.0	78.0	242.0
"EAK Landet"	"2.02 Glass"	"Annet"	"Henteordning"	.	.	.	.	.	194.0	118.0	433.0	68.0	242.0
"EAK Landet"	"2.02 Glass"	"Annet"	"Gjenvinningsstasjon"	.	.	.	.	.	297.0	170.0	169.0	10.0	0.0
"EAK Landet"	"2.03 Plast"	"i alt"	"I alt"	37437.1	39806.3	43874.1	46000.9	51441.6	57366.0	61437.0	52118.0	50199.0	48796.0
"EAK Landet"	"2.03 Plast"	"i alt"	"Henteordning"	.	.	.	.	.	45572.0	48422.0	41793.0	37505.0	36161.0
"EAK Landet"	"2.03 Plast"	"i alt"	"Gjenvinningsstasjon"	.	.	.	.	.	11794.0	13015.0	10325.0	12694.0	12635.0
"EAK Landet"	"2.03 Plast"	"Materialgjenvinning"	"I alt"	35821.1	38351.2	42516.8	44915.0	46654.6	52571.0	55483.0	48572.0	49349.0	47662.0
"EAK Landet"	"2.03 Plast"	"Materialgjenvinning"	"Henteordning"	.	.	.	.	.	43036.0	43616.0	39226.0	37382.0	35758.0
"EAK Landet"	"2.03 Plast"	"Materialgjenvinning"	"Gjenvinningsstasjon"	.	.	.	.	.	9535.0	11867.0	9346.0	11967.0	11904.0
"EAK Landet"	"2.03 Plast"	"Forbrenning"	"I alt"	1562.0	1374.9	1310.9	1052.5	4064.0	4639.0	5882.0	3416.0	826.0	1106.0
"EAK Landet"	"2.03 Plast"	"Forbrenning"	"Henteordning"	.	.	.	.	.	2482.0	4734.0	2455.0	123.0	397.0
"EAK Landet"	"2.03 Plast"	"Forbrenning"	"Gjenvinningsstasjon"	.	.	.	.	.	2157.0	1148.0	961.0	703.0	709.0
"EAK Landet"	"2.03 Plast"	"Deponi"	"I alt"	.	.	.	.	.	.	.	.	.	.
"EAK Landet"	"2.03 Plast"	"Deponi"	"Henteordning"	.	.	.	.	.	.	.	.	.	.
"EAK Landet"	"2.03 Plast"	"Deponi"	"Gjenvinningsstasjon"	.	.	.	.	.	.	.	.	.	.
"EAK Landet"	"2.03 Plast"	"Biogassproduksjon"	"I alt"	.	.	.	.	.	.	.	.	.	.
"EAK Landet"	"2.03 Plast"	"Biogassproduksjon"	"Henteordning"	.	.	.	.	.	.	.	.	.	.
"EAK Landet"	"2.03 Plast"	"Biogassproduksjon"	"Gjenvinningsstasjon"	.	.	.	.	.	.	.	.	.	.
"EAK Landet"	"2.03 Plast"	"Kompostering"	"I alt"	.	.	.	.	.	.	.	.	.	.
"EAK Landet"	"2.03 Plast"	"Kompostering"	"Henteordning"	.	.	.	.	.	.	.	.	.	.
"EAK Landet"	"2.03 Plast"	"Kompostering"	"Gjenvinningsstasjon"	.	.	.	.	.	.	.	.	.	.
"EAK Landet"	"2.03 Plast"	"Annet"	"I alt"	54.0	80.3	46.3	33.4	723.1	156.0	72.0	130.0	24.0	28.0
"EAK Landet"	"2.03 Plast"	"Annet"	"Henteordning"	.	.	.	.	.	54.0	72.0	112.0	0.0	6.0
"EAK Landet"	"2.03 Plast"	"Annet"	"Gjenvinningsstasjon"	.	.	.	.	.	102.0	0.0	18.0	24.0	22.0
"EAK Landet"	"2.04 Metaller"	"i alt"	"I alt"	84388.6	89561.2	91279.1	95985.5	100312.8	109633.0	101206.0	89277.0	85655.0	85514.0
"EAK Landet"	"2.04 Metaller"	"i alt"	"Henteordning"	.	.	.	.	.	11830.0	12333.0	11363.0	8796.0	8947.0
"EAK Landet"	"2.04 Metaller"	"i alt"	"Gjenvinningsstasjon"	.	.	.	.	.	97803.0	88873.0	77914.0	76859.0	76567.0
"EAK Landet"	"2.04 Metaller"	"Materialgjenvinning"	"I alt"	84327.0	89201.1	90901.7	95942.2	100251.9	109262.0	101196.0	89204.0	85655.0	85514.0
"EAK Landet"	"2.04 Metaller"	"Materialgjenvinning"	"Henteordning"	.	.	.	.	.	11823.0	12325.0	11301.0	8796.0	8947.0
"EAK Landet"	"2.04 Metaller"	"Materialgjenvinning"	"Gjenvinningsstasjon"	.	.	.	.	.	97439.0	88871.0	77903.0	76859.0	76567.0
"EAK Landet"	"2.04 Metaller"	"Forbrenning"	"I alt"	.	.	.	.	.	.	.	.	.	.
"EAK Landet"	"2.04 Metaller"	"Forbrenning"	"Henteordning"	.	.	.	.	.	.	.	.	.	.
"EAK Landet"	"2.04 Metaller"	"Forbrenning"	"Gjenvinningsstasjon"	.	.	.	.	.	.	.	.	.	.
"EAK Landet"	"2.04 Metaller"	"Deponi"	"I alt"	.	.	.	.	.	.	.	.	.	.
"EAK Landet"	"2.04 Metaller"	"Deponi"	"Henteordning"	.	.	.	.	.	.	.	.	.	.
"EAK Landet"	"2.04 Metaller"	"Deponi"	"Gjenvinningsstasjon"	.	.	.	.	.	.	.	.	.	.
"EAK Landet"	"2.04 Metaller"	"Biogassproduksjon"	"I alt"	.	.	.	.	.	.	.	.	.	.
"EAK Landet"	"2.04 Metaller"	"Biogassproduksjon"	"Henteordning"	.	.	.	.	.	.	.	.	.	.
"EAK Landet"	"2.04 Metaller"	"Biogassproduksjon"	"Gjenvinningsstasjon"	.	.	.	.	.	.	.	.	.	.
"EAK Landet"	"2.04 Metaller"	"Kompostering"	"I alt"	.	.	.	.	.	.	.	.	.	.
"EAK Landet"	"2.04 Metaller"	"Kompostering"	"Henteordning"	.	.	.	.	.	.	.	.	.	.
"EAK Landet"	"2.04 Metaller"	"Kompostering"	"Gjenvinningsstasjon"	.	.	.	.	.	.	.	.	.	.
"EAK Landet"	"2.04 Metaller"	"Annet"	"I alt"	61.6	360.1	377.4	43.3	60.9	371.0	10.0	73.0	0.0	0.0
"EAK Landet"	"2.04 Metaller"	"Annet"	"Henteordning"	.	.	.	.	.	7.0	8.0	62.0	0.0	0.0
"EAK Landet"	"2.04 Metaller"	"Annet"	"Gjenvinningsstasjon"	.	.	.	.	.	364.0	2.0	11.0	0.0	0.0
"EAK Landet"	"2.05 EE- avfall"	"i alt"	"I alt"	47952.8	49624.6	49981.0	49725.3	49481.7	51020.0	49467.0	47628.0	46688.0	44011.0
"EAK Landet"	"2.05 EE- avfall"	"i alt"	"Henteordning"	.	.	.	.	.	1885.0	1582.0	2044.0	863.0	991.0
"EAK Landet"	"2.05 EE- avfall"	"i alt"	"Gjenvinningsstasjon"	.	.	.	.	.	49135.0	47885.0	45584.0	45825.0	43020.0
"EAK Landet"	"2.05 EE- avfall"	"Materialgjenvinning"	"I alt"	46052.6	48334.6	49259.3	49679.5	48608.2	50634.0	49409.0	47204.0	46440.0	43723.0
"EAK Landet"	"2.05 EE- avfall"	"Materialgjenvinning"	"Henteordning"	.	.	.	.	.	1873.0	1548.0	1932.0	863.0	991.0
"EAK Landet"	"2.05 EE- avfall"	"Materialgjenvinning"	"Gjenvinningsstasjon"	.	.	.	.	.	48761.0	47861.0	45272.0	45577.0	42732.0
"EAK Landet"	"2.05 EE- avfall"	"Forbrenning"	"I alt"	.	.	.	.	.	.	.	.	.	.
"EAK Landet"	"2.05 EE- avfall"	"Forbrenning"	"Henteordning"	.	.	.	.	.	.	.	.	.	.
"EAK Landet"	"2.05 EE- avfall"	"Forbrenning"	"Gjenvinningsstasjon"	.	.	.	.	.	.	.	.	.	.
"EAK Landet"	"2.05 EE- avfall"	"Deponi"	"I alt"	.	.	.	.	.	.	.	.	.	.
"EAK Landet"	"2.05 EE- avfall"	"Deponi"	"Henteordning"	.	.	.	.	.	.	.	.	.	.
"EAK Landet"	"2.05 EE- avfall"	"Deponi"	"Gjenvinningsstasjon"	.	.	.	.	.	.	.	.	.	.
"EAK Landet"	"2.05 EE- avfall"	"Biogassproduksjon"	"I alt"	.	.	.	.	.	.	.	.	.	.
"EAK Landet"	"2.05 EE- avfall"	"Biogassproduksjon"	"Henteordning"	.	.	.	.	.	.	.	.	.	.
"EAK Landet"	"2.05 EE- avfall"	"Biogassproduksjon"	"Gjenvinningsstasjon"	.	.	.	.	.	.	.	.	.	.
"EAK Landet"	"2.05 EE- avfall"	"Kompostering"	"I alt"	.	.	.	.	.	.	.	.	.	.
"EAK Landet"	"2.05 EE- avfall"	"Kompostering"	"Henteordning"	.	.	.	.	.	.	.	.	.	.
"EAK Landet"	"2.05 EE- avfall"	"Kompostering"	"Gjenvinningsstasjon"	.	.	.	.	.	.	.	.	.	.
"EAK Landet"	"2.05 EE- avfall"	"Annet"	"I alt"	1900.1	1290.0	721.7	45.8	873.5	386.0	58.0	424.0	248.0	288.0
"EAK Landet"	"2.05 EE- avfall"	"Annet"	"Henteordning"	.	.	.	.	.	12.0	34.0	112.0	0.0	0.0
"EAK Landet"	"2.05 EE- avfall"	"Annet"	"Gjenvinningsstasjon"	.	.	.	.	.	374.0	24.0	312.0	248.0	288.0
"EAK Landet"	"2.06 Matavfall"	"i alt"	"I alt"	180502.5	189313.1	191540.2	200565.1	208905.0	209949.0	212094.0	202122.0	218572.0	209643.0
"EAK Landet"	"2.06 Matavfall"	"i alt"	"Henteordning"	.	.	.	.	.	209949.0	212094.0	202122.0	218572.0	209643.0
"EAK Landet"	"2.06 Matavfall"	"i alt"	"Gjenvinningsstasjon"	.	.	.	.	.	.	.	.	.	.
"EAK Landet"	"2.06 Matavfall"	"Materialgjenvinning"	"I alt"	296.5	1648.0	635.7	289.0	1.6	0.0	0.0	0.0	56.0	0.0
"EAK Landet"	"2.06 Matavfall"	"Materialgjenvinning"	"Henteordning"	.	.	.	.	.	0.0	0.0	0.0	56.0	0.0
"EAK Landet"	"2.06 Matavfall"	"Materialgjenvinning"	"Gjenvinningsstasjon"	.	.	.	.	.	.	.	.	.	.
"EAK Landet"	"2.06 Matavfall"	"Forbrenning"	"I alt"	4064.0	6042.0	3280.2	935.2	667.3	2324.0	2321.0	2357.0	145.0	1523.0
"EAK Landet"	"2.06 Matavfall"	"Forbrenning"	"Henteordning"	.	.	.	.	.	2324.0	2321.0	2357.0	145.0	1523.0
"EAK Landet"	"2.06 Matavfall"	"Forbrenning"	"Gjenvinningsstasjon"	.	.	.	.	.	.	.	.	.	.
"EAK Landet"	"2.06 Matavfall"	"Deponi"	"I alt"	.	.	.	.	.	.	.	.	.	.
"EAK Landet"	"2.06 Matavfall"	"Deponi"	"Henteordning"	.	.	.	.	.	.	.	.	.	.
"EAK Landet"	"2.06 Matavfall"	"Deponi"	"Gjenvinningsstasjon"	.	.	.	.	.	.	.	.	.	.
"EAK Landet"	"2.06 Matavfall"	"Biogassproduksjon"	"I alt"	92371.7	104579.9	108027.8	119401.4	159015.0	157396.0	163767.0	157224.0	169054.0	174984.0
"EAK Landet"	"2.06 Matavfall"	"Biogassproduksjon"	"Henteordning"	.	.	.	.	.	157396.0	163767.0	157224.0	169054.0	174984.0
"EAK Landet"	"2.06 Matavfall"	"Biogassproduksjon"	"Gjenvinningsstasjon"	.	.	.	.	.	.	.	.	.	.
"EAK Landet"	"2.06 Matavfall"	"Kompostering"	"I alt"	83710.3	76582.9	79230.9	79677.2	48899.6	49701.0	45643.0	42063.0	48948.0	33087.0
"EAK Landet"	"2.06 Matavfall"	"Kompostering"	"Henteordning"	.	.	.	.	.	49701.0	45643.0	42063.0	48948.0	33087.0
"EAK Landet"	"2.06 Matavfall"	"Kompostering"	"Gjenvinningsstasjon"	.	.	.	.	.	.	.	.	.	.
"EAK Landet"	"2.06 Matavfall"	"Annet"	"I alt"	60.0	460.2	365.6	262.2	321.5	528.0	363.0	478.0	369.0	49.0
"EAK Landet"	"2.06 Matavfall"	"Annet"	"Henteordning"	.	.	.	.	.	528.0	363.0	478.0	369.0	49.0
"EAK Landet"	"2.06 Matavfall"	"Annet"	"Gjenvinningsstasjon"	.	.	.	.	.	.	.	.	.	.
"EAK Landet"	"2.07 Treavfall"	"i alt"	"I alt"	283310.7	283915.1	282948.7	274937.6	290925.4	311669.0	280714.0	227308.0	233404.0	215915.0
"EAK Landet"	"2.07 Treavfall"	"i alt"	"Henteordning"	.	.	.	.	.	.	.	.	.	.
"EAK Landet"	"2.07 Treavfall"	"i alt"	"Gjenvinningsstasjon"	.	.	.	.	.	311669.0	280714.0	227308.0	233404.0	215915.0
"EAK Landet"	"2.07 Treavfall"	"Materialgjenvinning"	"I alt"	3632.8	4804.5	10537.9	13031.3	20857.5	55575.0	54937.0	57980.0	67957.0	75878.0
"EAK Landet"	"2.07 Treavfall"	"Materialgjenvinning"	"Henteordning"	.	.	.	.	.	.	.	.	.	.
"EAK Landet"	"2.07 Treavfall"	"Materialgjenvinning"	"Gjenvinningsstasjon"	.	.	.	.	.	55575.0	54937.0	57980.0	67957.0	75878.0
"EAK Landet"	"2.07 Treavfall"	"Forbrenning"	"I alt"	273504.7	268592.6	266773.1	257150.8	265520.7	252383.0	224084.0	166960.0	163183.0	139841.0
"EAK Landet"	"2.07 Treavfall"	"Forbrenning"	"Henteordning"	.	.	.	.	.	.	.	.	.	.
"EAK Landet"	"2.07 Treavfall"	"Forbrenning"	"Gjenvinningsstasjon"	.	.	.	.	.	252383.0	224084.0	166960.0	163183.0	139841.0
"EAK Landet"	"2.07 Treavfall"	"Deponi"	"I alt"	.	.	.	.	.	.	.	.	.	.
"EAK Landet"	"2.07 Treavfall"	"Deponi"	"Henteordning"	.	.	.	.	.	.	.	.	.	.
"EAK Landet"	"2.07 Treavfall"	"Deponi"	"Gjenvinningsstasjon"	.	.	.	.	.	.	.	.	.	.
"EAK Landet"	"2.07 Treavfall"	"Biogassproduksjon"	"I alt"	97.6	0.0	0.0	688.0	787.5	0.0	0.0	0.0	0.0	0.0
"EAK Landet"	"2.07 Treavfall"	"Biogassproduksjon"	"Henteordning"	.	.	.	.	.	.	.	.	.	.
"EAK Landet"	"2.07 Treavfall"	"Biogassproduksjon"	"Gjenvinningsstasjon"	.	.	.	.	.	0.0	0.0	0.0	0.0	0.0
"EAK Landet"	"2.07 Treavfall"	"Kompostering"	"I alt"	4663.0	4864.9	3606.3	3561.9	3249.7	2367.0	1617.0	2187.0	2028.0	169.0
"EAK Landet"	"2.07 Treavfall"	"Kompostering"	"Henteordning"	.	.	.	.	.	.	.	.	.	.
"EAK Landet"	"2.07 Treavfall"	"Kompostering"	"Gjenvinningsstasjon"	.	.	.	.	.	2367.0	1617.0	2187.0	2028.0	169.0
"EAK Landet"	"2.07 Treavfall"	"Annet"	"I alt"	1412.6	5653.0	2031.3	505.6	510.0	1344.0	76.0	181.0	236.0	27.0
"EAK Landet"	"2.07 Treavfall"	"Annet"	"Henteordning"	.	.	.	.	.	.	.	.	.	.
"EAK Landet"	"2.07 Treavfall"	"Annet"	"Gjenvinningsstasjon"	.	.	.	.	.	1344.0	76.0	181.0	236.0	27.0
"EAK Landet"	"2.08 Hageavfall"	"i alt"	"I alt"	163663.5	153134.3	148901.6	146658.5	161393.4	175404.0	180772.0	153085.0	149947.0	158738.0
"EAK Landet"	"2.08 Hageavfall"	"i alt"	"Henteordning"	.	.	.	.	.	.	20598.0	16669.0	5630.0	13305.0
"EAK Landet"	"2.08 Hageavfall"	"i alt"	"Gjenvinningsstasjon"	.	.	.	.	.	175404.0	160174.0	136416.0	144317.0	145433.0
"EAK Landet"	"2.08 Hageavfall"	"Materialgjenvinning"	"I alt"	514.5	3622.9	5533.4	689.0	5210.0	10178.0	5727.0	1363.0	203.0	1467.0
"EAK Landet"	"2.08 Hageavfall"	"Materialgjenvinning"	"Henteordning"	.	.	.	.	.	.	4533.0	21.0	203.0	613.0
"EAK Landet"	"2.08 Hageavfall"	"Materialgjenvinning"	"Gjenvinningsstasjon"	.	.	.	.	.	10178.0	1194.0	1342.0	0.0	854.0
"EAK Landet"	"2.08 Hageavfall"	"Forbrenning"	"I alt"	3795.7	2208.5	1293.6	2840.0	2156.0	13678.0	12477.0	10936.0	110.0	181.0
"EAK Landet"	"2.08 Hageavfall"	"Forbrenning"	"Henteordning"	.	.	.	.	.	.	11601.0	10473.0	0.0	0.0
"EAK Landet"	"2.08 Hageavfall"	"Forbrenning"	"Gjenvinningsstasjon"	.	.	.	.	.	13678.0	876.0	463.0	110.0	181.0
"EAK Landet"	"2.08 Hageavfall"	"Deponi"	"I alt"	.	.	.	.	.	.	.	.	.	.
"EAK Landet"	"2.08 Hageavfall"	"Deponi"	"Henteordning"	.	.	.	.	.	.	.	.	.	.
"EAK Landet"	"2.08 Hageavfall"	"Deponi"	"Gjenvinningsstasjon"	.	.	.	.	.	.	.	.	.	.
"EAK Landet"	"2.08 Hageavfall"	"Biogassproduksjon"	"I alt"	1069.0	1.0	1.0	0.0	983.2	0.0	0.0	0.0	0.0	0.0
"EAK Landet"	"2.08 Hageavfall"	"Biogassproduksjon"	"Henteordning"	.	.	.	.	.	.	0.0	0.0	0.0	0.0
"EAK Landet"	"2.08 Hageavfall"	"Biogassproduksjon"	"Gjenvinningsstasjon"	.	.	.	.	.	0.0	0.0	0.0	0.0	0.0
"EAK Landet"	"2.08 Hageavfall"	"Kompostering"	"I alt"	157351.7	146047.5	141585.8	142371.5	151659.3	151470.0	162537.0	140514.0	149540.0	156789.0
"EAK Landet"	"2.08 Hageavfall"	"Kompostering"	"Henteordning"	.	.	.	.	.	.	4464.0	5999.0	5383.0	12692.0
"EAK Landet"	"2.08 Hageavfall"	"Kompostering"	"Gjenvinningsstasjon"	.	.	.	.	.	151470.0	158073.0	134515.0	144157.0	144097.0
"EAK Landet"	"2.08 Hageavfall"	"Annet"	"I alt"	932.7	1254.3	487.9	758.0	1384.8	78.0	31.0	272.0	94.0	301.0
"EAK Landet"	"2.08 Hageavfall"	"Annet"	"Henteordning"	.	.	.	.	.	.	0.0	176.0	44.0	0.0
"EAK Landet"	"2.08 Hageavfall"	"Annet"	"Gjenvinningsstasjon"	.	.	.	.	.	78.0	31.0	96.0	50.0	301.0
"EAK Landet"	"2.09 Tekstiler"	"i alt"	"I alt"	248.9	499.3	672.5	249.2	737.3	392.0	1052.0	95.0	377.0	857.0
"EAK Landet"	"2.09 Tekstiler"	"i alt"	"Henteordning"	.	.	.	.	.	348.0	914.0	52.0	194.0	146.0
"EAK Landet"	"2.09 Tekstiler"	"i alt"	"Gjenvinningsstasjon"	.	.	.	.	.	44.0	138.0	43.0	183.0	711.0
"EAK Landet"	"2.09 Tekstiler"	"Materialgjenvinning"	"I alt"	242.0	499.3	570.3	97.8	715.8	269.0	914.0	29.0	171.0	237.0
"EAK Landet"	"2.09 Tekstiler"	"Materialgjenvinning"	"Henteordning"	.	.	.	.	.	235.0	834.0	0.0	74.0	107.0
"EAK Landet"	"2.09 Tekstiler"	"Materialgjenvinning"	"Gjenvinningsstasjon"	.	.	.	.	.	34.0	80.0	29.0	97.0	130.0
"EAK Landet"	"2.09 Tekstiler"	"Forbrenning"	"I alt"	5.9	0.0	14.0	5.2	11.5	73.0	18.0	12.0	39.0	68.0
"EAK Landet"	"2.09 Tekstiler"	"Forbrenning"	"Henteordning"	.	.	.	.	.	63.0	10.0	2.0	8.0	39.0
"EAK Landet"	"2.09 Tekstiler"	"Forbrenning"	"Gjenvinningsstasjon"	.	.	.	.	.	10.0	8.0	10.0	31.0	29.0
"EAK Landet"	"2.09 Tekstiler"	"Deponi"	"I alt"	.	.	.	.	.	.	.	.	.	.
"EAK Landet"	"2.09 Tekstiler"	"Deponi"	"Henteordning"	.	.	.	.	.	.	.	.	.	.
"EAK Landet"	"2.09 Tekstiler"	"Deponi"	"Gjenvinningsstasjon"	.	.	.	.	.	.	.	.	.	.
"EAK Landet"	"2.09 Tekstiler"	"Biogassproduksjon"	"I alt"	.	.	.	.	.	.	.	.	.	.
"EAK Landet"	"2.09 Tekstiler"	"Biogassproduksjon"	"Henteordning"	.	.	.	.	.	.	.	.	.	.
"EAK Landet"	"2.09 Tekstiler"	"Biogassproduksjon"	"Gjenvinningsstasjon"	.	.	.	.	.	.	.	.	.	.
"EAK Landet"	"2.09 Tekstiler"	"Kompostering"	"I alt"	.	.	.	.	.	.	.	.	.	.
"EAK Landet"	"2.09 Tekstiler"	"Kompostering"	"Henteordning"	.	.	.	.	.	.	.	.	.	.
"EAK Landet"	"2.09 Tekstiler"	"Kompostering"	"Gjenvinningsstasjon"	.	.	.	.	.	.	.	.	.	.
"EAK Landet"	"2.09 Tekstiler"	"Annet"	"I alt"	1.0	0.0	88.2	146.2	10.0	50.0	120.0	54.0	167.0	552.0
"EAK Landet"	"2.09 Tekstiler"	"Annet"	"Henteordning"	.	.	.	.	.	50.0	70.0	50.0	112.0	0.0
"EAK Landet"	"2.09 Tekstiler"	"Annet"	"Gjenvinningsstasjon"	.	.	.	.	.	0.0	50.0	4.0	55.0	552.0
"EAK Landet"	"2.10 Utsortert brennbart"	"i alt"	"I alt"	34312.9	34491.9	37996.4	.	.	.	.	.	.	.
"EAK Landet"	"2.10 Utsortert brennbart"	"i alt"	"Henteordning"	.	.	.	.	.	.	.	.	.	.
"EAK Landet"	"2.10 Utsortert brennbart"	"i alt"	"Gjenvinningsstasjon"	.	.	.	.	.	.	.	.	.	.
"EAK Landet"	"2.10 Utsortert brennbart"	"Materialgjenvinning"	"I alt"	.	.	.	.	.	.	.	.	.	.
"EAK Landet"	"2.10 Utsortert brennbart"	"Materialgjenvinning"	"Henteordning"	.	.	.	.	.	.	.	.	.	.
"EAK Landet"	"2.10 Utsortert brennbart"	"Materialgjenvinning"	"Gjenvinningsstasjon"	.	.	.	.	.	.	.	.	.	.
"EAK Landet"	"2.10 Utsortert brennbart"	"Forbrenning"	"I alt"	34308.1	34481.9	37987.8	.	.	.	.	.	.	.
"EAK Landet"	"2.10 Utsortert brennbart"	"Forbrenning"	"Henteordning"	.	.	.	.	.	.	.	.	.	.
"EAK Landet"	"2.10 Utsortert brennbart"	"Forbrenning"	"Gjenvinningsstasjon"	.	.	.	.	.	.	.	.	.	.
"EAK Landet"	"2.10 Utsortert brennbart"	"Deponi"	"I alt"	.	.	.	.	.	.	.	.	.	.
"EAK Landet"	"2.10 Utsortert brennbart"	"Deponi"	"Henteordning"	.	.	.	.	.	.	.	.	.	.
"EAK Landet"	"2.10 Utsortert brennbart"	"Deponi"	"Gjenvinningsstasjon"	.	.	.	.	.	.	.	.	.	.
"EAK Landet"	"2.10 Utsortert brennbart"	"Biogassproduksjon"	"I alt"	.	.	.	.	.	.	.	.	.	.
"EAK Landet"	"2.10 Utsortert brennbart"	"Biogassproduksjon"	"Henteordning"	.	.	.	.	.	.	.	.	.	.
"EAK Landet"	"2.10 Utsortert brennbart"	"Biogassproduksjon"	"Gjenvinningsstasjon"	.	.	.	.	.	.	.	.	.	.
"EAK Landet"	"2.10 Utsortert brennbart"	"Kompostering"	"I alt"	.	.	.	.	.	.	.	.	.	.
"EAK Landet"	"2.10 Utsortert brennbart"	"Kompostering"	"Henteordning"	.	.	.	.	.	.	.	.	.	.
"EAK Landet"	"2.10 Utsortert brennbart"	"Kompostering"	"Gjenvinningsstasjon"	.	.	.	.	.	.	.	.	.	.
"EAK Landet"	"2.10 Utsortert brennbart"	"Annet"	"I alt"	4.8	10.0	8.6	.	.	.	.	.	.	.
"EAK Landet"	"2.10 Utsortert brennbart"	"Annet"	"Henteordning"	.	.	.	.	.	.	.	.	.	.
"EAK Landet"	"2.10 Utsortert brennbart"	"Annet"	"Gjenvinningsstasjon"	.	.	.	.	.	.	.	.	.	.
"EAK Landet"	"2.11 Farlig avfall"	"i alt"	"I alt"	61528.0	61893.7	65445.3	72216.5	75386.7	93321.0	82647.0	71880.0	68635.0	77476.0
"EAK Landet"	"2.11 Farlig avfall"	"i alt"	"Henteordning"	.	.	.	.	.	3501.0	3588.0	3209.0	176.0	2418.0
"EAK Landet"	"2.11 Farlig avfall"	"i alt"	"Gjenvinningsstasjon"	.	.	.	.	.	89820.0	79059.0	68671.0	68459.0	75058.0
"EAK Landet"	"2.11 Farlig avfall"	"Materialgjenvinning"	"I alt"	8515.9	7118.1	7105.8	6033.1	6528.7	10981.0	11853.0	7930.0	7615.0	8218.0
"EAK Landet"	"2.11 Farlig avfall"	"Materialgjenvinning"	"Henteordning"	.	.	.	.	.	350.0	434.0	841.0	56.0	54.0
"EAK Landet"	"2.11 Farlig avfall"	"Materialgjenvinning"	"Gjenvinningsstasjon"	.	.	.	.	.	10631.0	11419.0	7089.0	7559.0	8164.0
"EAK Landet"	"2.11 Farlig avfall"	"Forbrenning"	"I alt"	39373.1	43111.3	45412.3	55427.5	59454.8	73535.0	60071.0	58435.0	53923.0	64158.0
"EAK Landet"	"2.11 Farlig avfall"	"Forbrenning"	"Henteordning"	.	.	.	.	.	2136.0	781.0	2198.0	120.0	2364.0
"EAK Landet"	"2.11 Farlig avfall"	"Forbrenning"	"Gjenvinningsstasjon"	.	.	.	.	.	71399.0	59290.0	56237.0	53803.0	61794.0
"EAK Landet"	"2.11 Farlig avfall"	"Deponi"	"I alt"	2808.1	3386.9	3411.6	3618.9	3988.0	5215.0	7386.0	3800.0	4011.0	3241.0
"EAK Landet"	"2.11 Farlig avfall"	"Deponi"	"Henteordning"	.	.	.	.	.	727.0	2225.0	94.0	0.0	0.0
"EAK Landet"	"2.11 Farlig avfall"	"Deponi"	"Gjenvinningsstasjon"	.	.	.	.	.	4488.0	5161.0	3706.0	4011.0	3241.0
"EAK Landet"	"2.11 Farlig avfall"	"Biogassproduksjon"	"I alt"	.	.	.	.	.	.	.	.	.	.
"EAK Landet"	"2.11 Farlig avfall"	"Biogassproduksjon"	"Henteordning"	.	.	.	.	.	.	.	.	.	.
"EAK Landet"	"2.11 Farlig avfall"	"Biogassproduksjon"	"Gjenvinningsstasjon"	.	.	.	.	.	.	.	.	.	.
"EAK Landet"	"2.11 Farlig avfall"	"Kompostering"	"I alt"	.	.	.	.	.	.	.	.	.	.
"EAK Landet"	"2.11 Farlig avfall"	"Kompostering"	"Henteordning"	.	.	.	.	.	.	.	.	.	.
"EAK Landet"	"2.11 Farlig avfall"	"Kompostering"	"Gjenvinningsstasjon"	.	.	.	.	.	.	.	.	.	.
"EAK Landet"	"2.11 Farlig avfall"	"Annet"	"I alt"	10830.9	8277.4	9515.5	7137.0	5415.2	3590.0	3337.0	1715.0	3086.0	1859.0
"EAK Landet"	"2.11 Farlig avfall"	"Annet"	"Henteordning"	.	.	.	.	.	288.0	148.0	76.0	0.0	0.0
"EAK Landet"	"2.11 Farlig avfall"	"Annet"	"Gjenvinningsstasjon"	.	.	.	.	.	3302.0	3189.0	1639.0	3086.0	1859.0
"EAK Landet"	"2.12 Annet"	"i alt"	"I alt"	79130.8	75009.9	82147.4	61255.4	60141.1	30640.0	37666.0	8501.0	8409.0	7597.0
"EAK Landet"	"2.12 Annet"	"i alt"	"Henteordning"	.	.	.	.	.	.	.	.	.	.
"EAK Landet"	"2.12 Annet"	"i alt"	"Gjenvinningsstasjon"	.	.	.	.	.	30640.0	37666.0	8501.0	8409.0	7597.0
"EAK Landet"	"2.12 Annet"	"Materialgjenvinning"	"I alt"	20433.8	21687.9	24868.6	21454.2	17892.2	4804.0	2764.0	2597.0	1314.0	2069.0
"EAK Landet"	"2.12 Annet"	"Materialgjenvinning"	"Henteordning"	.	.	.	.	.	.	.	.	.	.
"EAK Landet"	"2.12 Annet"	"Materialgjenvinning"	"Gjenvinningsstasjon"	.	.	.	.	.	4804.0	2764.0	2597.0	1314.0	2069.0
"EAK Landet"	"2.12 Annet"	"Forbrenning"	"I alt"	5551.8	8882.1	8819.1	22102.5	21077.5	9871.0	20889.0	2261.0	2477.0	3185.0
"EAK Landet"	"2.12 Annet"	"Forbrenning"	"Henteordning"	.	.	.	.	.	.	.	.	.	.
"EAK Landet"	"2.12 Annet"	"Forbrenning"	"Gjenvinningsstasjon"	.	.	.	.	.	9871.0	20889.0	2261.0	2477.0	3185.0
"EAK Landet"	"2.12 Annet"	"Deponi"	"I alt"	43070.3	43444.4	48024.6	16619.2	20140.5	13942.0	10697.0	3555.0	3061.0	2305.0
"EAK Landet"	"2.12 Annet"	"Deponi"	"Henteordning"	.	.	.	.	.	.	.	.	.	.
"EAK Landet"	"2.12 Annet"	"Deponi"	"Gjenvinningsstasjon"	.	.	.	.	.	13942.0	10697.0	3555.0	3061.0	2305.0
"EAK Landet"	"2.12 Annet"	"Biogassproduksjon"	"I alt"	0.0	0.0	0.0	0.0	0.0	64.0	25.0	23.0	1156.0	2.0
"EAK Landet"	"2.12 Annet"	"Biogassproduksjon"	"Henteordning"	.	.	.	.	.	.	.	.	.	.
"EAK Landet"	"2.12 Annet"	"Biogassproduksjon"	"Gjenvinningsstasjon"	.	.	.	.	.	64.0	25.0	23.0	1156.0	2.0
"EAK Landet"	"2.12 Annet"	"Kompostering"	"I alt"	20.0	0.0	5.4	128.0	84.0	1248.0	1969.0	0.0	366.0	0.0
"EAK Landet"	"2.12 Annet"	"Kompostering"	"Henteordning"	.	.	.	.	.	.	.	.	.	.
"EAK Landet"	"2.12 Annet"	"Kompostering"	"Gjenvinningsstasjon"	.	.	.	.	.	1248.0	1969.0	0.0	366.0	0.0
"EAK Landet"	"2.12 Annet"	"Annet"	"I alt"	10054.9	995.5	429.7	951.5	946.9	711.0	1322.0	65.0	35.0	36.0
"EAK Landet"	"2.12 Annet"	"Annet"	"Henteordning"	.	.	.	.	.	.	.	.	.	.
"EAK Landet"	"2.12 Annet"	"Annet"	"Gjenvinningsstasjon"	.	.	.	.	.	711.0	1322.0	65.0	35.0	36.0
"EAK Landet"	"2.13 Byggavfall"	"i alt"	"I alt"	.	.	.	56979.8	69065.5	66486.0	46358.0	50058.0	43909.0	46092.0
"EAK Landet"	"2.13 Byggavfall"	"i alt"	"Henteordning"	.	.	.	.	.	.	.	.	.	.
"EAK Landet"	"2.13 Byggavfall"	"i alt"	"Gjenvinningsstasjon"	.	.	.	.	.	66486.0	46358.0	50058.0	43909.0	46092.0
"EAK Landet"	"2.13 Byggavfall"	"Materialgjenvinning"	"I alt"	.	.	.	5330.5	10140.9	7366.0	14164.0	13980.0	12683.0	11012.0
"EAK Landet"	"2.13 Byggavfall"	"Materialgjenvinning"	"Henteordning"	.	.	.	.	.	.	.	.	.	.
"EAK Landet"	"2.13 Byggavfall"	"Materialgjenvinning"	"Gjenvinningsstasjon"	.	.	.	.	.	7366.0	14164.0	13980.0	12683.0	11012.0
"EAK Landet"	"2.13 Byggavfall"	"Forbrenning"	"I alt"	.	.	.	.	.	0.0	0.0	0.0	0.0	0.0
"EAK Landet"	"2.13 Byggavfall"	"Forbrenning"	"Henteordning"	.	.	.	.	.	.	.	.	.	.
"EAK Landet"	"2.13 Byggavfall"	"Forbrenning"	"Gjenvinningsstasjon"	.	.	.	.	.	0.0	0.0	0.0	0.0	0.0
"EAK Landet"	"2.13 Byggavfall"	"Deponi"	"I alt"	.	.	.	51584.2	58843.3	58445.0	32088.0	35443.0	30679.0	34852.0
"EAK Landet"	"2.13 Byggavfall"	"Deponi"	"Henteordning"	.	.	.	.	.	.	.	.	.	.
"EAK Landet"	"2.13 Byggavfall"	"Deponi"	"Gjenvinningsstasjon"	.	.	.	.	.	58445.0	32088.0	35443.0	30679.0	34852.0
"EAK Landet"	"2.13 Byggavfall"	"Biogassproduksjon"	"I alt"	.	.	.	.	.	.	.	.	.	.
"EAK Landet"	"2.13 Byggavfall"	"Biogassproduksjon"	"Henteordning"	.	.	.	.	.	.	.	.	.	.
"EAK Landet"	"2.13 Byggavfall"	"Biogassproduksjon"	"Gjenvinningsstasjon"	.	.	.	.	.	.	.	.	.	.
"EAK Landet"	"2.13 Byggavfall"	"Kompostering"	"I alt"	.	.	.	.	.	.	.	.	.	.
"EAK Landet"	"2.13 Byggavfall"	"Kompostering"	"Henteordning"	.	.	.	.	.	.	.	.	.	.
"EAK Landet"	"2.13 Byggavfall"	"Kompostering"	"Gjenvinningsstasjon"	.	.	.	.	.	.	.	.	.	.
"EAK Landet"	"2.13 Byggavfall"	"Annet"	"I alt"	.	.	.	65.0	81.3	675.0	106.0	635.0	547.0	228.0
"EAK Landet"	"2.13 Byggavfall"	"Annet"	"Henteordning"	.	.	.	.	.	.	.	.	.	.
"EAK Landet"	"2.13 Byggavfall"	"Annet"	"Gjenvinningsstasjon"	.	.	.	.	.	675.0	106.0	635.0	547.0	228.0
"EAK Landet"	"2.14 Forurensede/ lett forurensede masser"	"i alt"	"I alt"	.	.	.	.	.	28669.0	34687.0	38968.0	33892.0	30747.0
"EAK Landet"	"2.14 Forurensede/ lett forurensede masser"	"i alt"	"Henteordning"	.	.	.	.	.	.	.	.	.	.
"EAK Landet"	"2.14 Forurensede/ lett forurensede masser"	"i alt"	"Gjenvinningsstasjon"	.	.	.	.	.	28669.0	34687.0	38968.0	33892.0	30747.0
"EAK Landet"	"2.14 Forurensede/ lett forurensede masser"	"Materialgjenvinning"	"I alt"	.	.	.	.	.	9705.0	13354.0	15931.0	12998.0	13084.0
"EAK Landet"	"2.14 Forurensede/ lett forurensede masser"	"Materialgjenvinning"	"Henteordning"	.	.	.	.	.	.	.	.	.	.
"EAK Landet"	"2.14 Forurensede/ lett forurensede masser"	"Materialgjenvinning"	"Gjenvinningsstasjon"	.	.	.	.	.	9705.0	13354.0	15931.0	12998.0	13084.0
"EAK Landet"	"2.14 Forurensede/ lett forurensede masser"	"Forbrenning"	"I alt"	.	.	.	.	.	0.0	0.0	0.0	0.0	0.0
"EAK Landet"	"2.14 Forurensede/ lett forurensede masser"	"Forbrenning"	"Henteordning"	.	.	.	.	.	.	.	.	.	.
"EAK Landet"	"2.14 Forurensede/ lett forurensede masser"	"Forbrenning"	"Gjenvinningsstasjon"	.	.	.	.	.	0.0	0.0	0.0	0.0	0.0
"EAK Landet"	"2.14 Forurensede/ lett forurensede masser"	"Deponi"	"I alt"	.	.	.	.	.	18952.0	21333.0	23037.0	20894.0	17654.0
"EAK Landet"	"2.14 Forurensede/ lett forurensede masser"	"Deponi"	"Henteordning"	.	.	.	.	.	.	.	.	.	.
"EAK Landet"	"2.14 Forurensede/ lett forurensede masser"	"Deponi"	"Gjenvinningsstasjon"	.	.	.	.	.	18952.0	21333.0	23037.0	20894.0	17654.0
"EAK Landet"	"2.14 Forurensede/ lett forurensede masser"	"Biogassproduksjon"	"I alt"	.	.	.	.	.	.	.	.	.	.
"EAK Landet"	"2.14 Forurensede/ lett forurensede masser"	"Biogassproduksjon"	"Henteordning"	.	.	.	.	.	.	.	.	.	.
"EAK Landet"	"2.14 Forurensede/ lett forurensede masser"	"Biogassproduksjon"	"Gjenvinningsstasjon"	.	.	.	.	.	.	.	.	.	.
"EAK Landet"	"2.14 Forurensede/ lett forurensede masser"	"Kompostering"	"I alt"	.	.	.	.	.	.	.	.	.	.
"EAK Landet"	"2.14 Forurensede/ lett forurensede masser"	"Kompostering"	"Henteordning"	.	.	.	.	.	.	.	.	.	.
"EAK Landet"	"2.14 Forurensede/ lett forurensede masser"	"Kompostering"	"Gjenvinningsstasjon"	.	.	.	.	.	.	.	.	.	.
"EAK Landet"	"2.14 Forurensede/ lett forurensede masser"	"Annet"	"I alt"	.	.	.	.	.	12.0	0.0	0.0	0.0	9.0
"EAK Landet"	"2.14 Forurensede/ lett forurensede masser"	"Annet"	"Henteordning"	.	.	.	.	.	.	.	.	.	.
"EAK Landet"	"2.14 Forurensede/ lett forurensede masser"	"Annet"	"Gjenvinningsstasjon"	.	.	.	.	.	12.0	0.0	0.0	0.0	9.0
"EAK Landet"	"2.15 Gips"	"i alt"	"I alt"	.	.	.	.	.	18606.0	20375.0	18955.0	18552.0	17939.0
"EAK Landet"	"2.15 Gips"	"i alt"	"Henteordning"	.	.	.	.	.	.	.	.	.	.
"EAK Landet"	"2.15 Gips"	"i alt"	"Gjenvinningsstasjon"	.	.	.	.	.	18606.0	20375.0	18955.0	18552.0	17939.0
"EAK Landet"	"2.15 Gips"	"Materialgjenvinning"	"I alt"	.	.	.	.	.	16183.0	18197.0	17022.0	16861.0	16025.0
"EAK Landet"	"2.15 Gips"	"Materialgjenvinning"	"Henteordning"	.	.	.	.	.	.	.	.	.	.
"EAK Landet"	"2.15 Gips"	"Materialgjenvinning"	"Gjenvinningsstasjon"	.	.	.	.	.	16183.0	18197.0	17022.0	16861.0	16025.0
"EAK Landet"	"2.15 Gips"	"Forbrenning"	"I alt"	.	.	.	.	.	0.0	65.0	187.0	103.0	125.0
"EAK Landet"	"2.15 Gips"	"Forbrenning"	"Henteordning"	.	.	.	.	.	.	.	.	.	.
"EAK Landet"	"2.15 Gips"	"Forbrenning"	"Gjenvinningsstasjon"	.	.	.	.	.	0.0	65.0	187.0	103.0	125.0
"EAK Landet"	"2.15 Gips"	"Deponi"	"I alt"	.	.	.	.	.	2232.0	2104.0	1746.0	1588.0	1789.0
"EAK Landet"	"2.15 Gips"	"Deponi"	"Henteordning"	.	.	.	.	.	.	.	.	.	.
"EAK Landet"	"2.15 Gips"	"Deponi"	"Gjenvinningsstasjon"	.	.	.	.	.	2232.0	2104.0	1746.0	1588.0	1789.0
"EAK Landet"	"2.15 Gips"	"Biogassproduksjon"	"I alt"	.	.	.	.	.	.	.	.	.	.
"EAK Landet"	"2.15 Gips"	"Biogassproduksjon"	"Henteordning"	.	.	.	.	.	.	.	.	.	.
"EAK Landet"	"2.15 Gips"	"Biogassproduksjon"	"Gjenvinningsstasjon"	.	.	.	.	.	.	.	.	.	.
"EAK Landet"	"2.15 Gips"	"Kompostering"	"I alt"	.	.	.	.	.	.	.	.	.	.
"EAK Landet"	"2.15 Gips"	"Kompostering"	"Henteordning"	.	.	.	.	.	.	.	.	.	.
"EAK Landet"	"2.15 Gips"	"Kompostering"	"Gjenvinningsstasjon"	.	.	.	.	.	.	.	.	.	.
"EAK Landet"	"2.15 Gips"	"Annet"	"I alt"	.	.	.	.	.	191.0	9.0	0.0	0.0	0.0
"EAK Landet"	"2.15 Gips"	"Annet"	"Henteordning"	.	.	.	.	.	.	.	.	.	.
"EAK Landet"	"2.15 Gips"	"Annet"	"Gjenvinningsstasjon"	.	.	.	.	.	191.0	9.0	0.0	0.0	0.0
"EAK Landet"	"2.16 Bildekk"	"i alt"	"I alt"	.	.	.	.	.	3938.0	4303.0	3925.0	3875.0	3748.0
"EAK Landet"	"2.16 Bildekk"	"i alt"	"Henteordning"	.	.	.	.	.	.	.	.	.	.
"EAK Landet"	"2.16 Bildekk"	"i alt"	"Gjenvinningsstasjon"	.	.	.	.	.	3938.0	4303.0	3925.0	3875.0	3748.0
"EAK Landet"	"2.16 Bildekk"	"Materialgjenvinning"	"I alt"	.	.	.	.	.	3389.0	3798.0	3263.0	3541.0	3292.0
"EAK Landet"	"2.16 Bildekk"	"Materialgjenvinning"	"Henteordning"	.	.	.	.	.	.	.	.	.	.
"EAK Landet"	"2.16 Bildekk"	"Materialgjenvinning"	"Gjenvinningsstasjon"	.	.	.	.	.	3389.0	3798.0	3263.0	3541.0	3292.0
"EAK Landet"	"2.16 Bildekk"	"Forbrenning"	"I alt"	.	.	.	.	.	395.0	451.0	610.0	290.0	411.0
"EAK Landet"	"2.16 Bildekk"	"Forbrenning"	"Henteordning"	.	.	.	.	.	.	.	.	.	.
"EAK Landet"	"2.16 Bildekk"	"Forbrenning"	"Gjenvinningsstasjon"	.	.	.	.	.	395.0	451.0	610.0	290.0	411.0
"EAK Landet"	"2.16 Bildekk"	"Deponi"	"I alt"	.	.	.	.	.	97.0	5.0	0.0	0.0	0.0
"EAK Landet"	"2.16 Bildekk"	"Deponi"	"Henteordning"	.	.	.	.	.	.	.	.	.	.
"EAK Landet"	"2.16 Bildekk"	"Deponi"	"Gjenvinningsstasjon"	.	.	.	.	.	97.0	5.0	0.0	0.0	0.0
"EAK Landet"	"2.16 Bildekk"	"Biogassproduksjon"	"I alt"	.	.	.	.	.	.	.	.	.	.
"EAK Landet"	"2.16 Bildekk"	"Biogassproduksjon"	"Henteordning"	.	.	.	.	.	.	.	.	.	.
"EAK Landet"	"2.16 Bildekk"	"Biogassproduksjon"	"Gjenvinningsstasjon"	.	.	.	.	.	.	.	.	.	.
"EAK Landet"	"2.16 Bildekk"	"Kompostering"	"I alt"	.	.	.	.	.	.	.	.	.	.
"EAK Landet"	"2.16 Bildekk"	"Kompostering"	"Henteordning"	.	.	.	.	.	.	.	.	.	.
"EAK Landet"	"2.16 Bildekk"	"Kompostering"	"Gjenvinningsstasjon"	.	.	.	.	.	.	.	.	.	.
"EAK Landet"	"2.16 Bildekk"	"Annet"	"I alt"	.	.	.	.	.	57.0	49.0	52.0	44.0	45.0
"EAK Landet"	"2.16 Bildekk"	"Annet"	"Henteordning"	.	.	.	.	.	.	.	.	.	.
"EAK Landet"	"2.16 Bildekk"	"Annet"	"Gjenvinningsstasjon"	.	.	.	.	.	57.0	49.0	52.0	44.0	45.0
"EAKUO Landet uten Oslo"	"0 I alt"	"i alt"	"I alt"	2067125.3	2059189.0	2036706.2	2027225.3	2065532.8	2211756.0	2127993.0	1925774.0	1886687.0	1774685.0
"EAKUO Landet uten Oslo"	"0 I alt"	"i alt"	"Henteordning"	.	.	.	.	.	1123040.0	1117561.0	1054748.0	1007058.0	929550.0
"EAKUO Landet uten Oslo"	"0 I alt"	"i alt"	"Gjenvinningsstasjon"	.	.	.	.	.	1088716.0	1010432.0	871026.0	879629.0	845135.0
"EAKUO Landet uten Oslo"	"0 I alt"	"Materialgjenvinning"	"I alt"	472908.2	481917.5	492849.6	493049.1	509419.9	587941.0	584121.0	531017.0	517414.0	498111.0
"EAKUO Landet uten Oslo"	"0 I alt"	"Materialgjenvinning"	"Henteordning"	.	.	.	.	.	289635.0	287720.0	262762.0	242353.0	223353.0
"EAKUO Landet uten Oslo"	"0 I alt"	"Materialgjenvinning"	"Gjenvinningsstasjon"	.	.	.	.	.	298306.0	296401.0	268255.0	275061.0	274758.0
"EAKUO Landet uten Oslo"	"0 I alt"	"Forbrenning"	"I alt"	1194740.7	1196219.9	1157228.0	1119718.8	1114098.3	1155601.0	1105123.0	986620.0	943380.0	862532.0
"EAKUO Landet uten Oslo"	"0 I alt"	"Forbrenning"	"Henteordning"	.	.	.	.	.	634675.0	619955.0	581589.0	547137.0	492368.0
"EAKUO Landet uten Oslo"	"0 I alt"	"Forbrenning"	"Gjenvinningsstasjon"	.	.	.	.	.	520926.0	485168.0	405031.0	396243.0	370164.0
"EAKUO Landet uten Oslo"	"0 I alt"	"Deponi"	"I alt"	60654.3	58068.2	65098.7	82082.8	93738.7	119533.0	79899.0	67681.0	66222.0	65756.0
"EAKUO Landet uten Oslo"	"0 I alt"	"Deponi"	"Henteordning"	.	.	.	.	.	2062.0	6827.0	1430.0	4.0	0.0
"EAKUO Landet uten Oslo"	"0 I alt"	"Deponi"	"Gjenvinningsstasjon"	.	.	.	.	.	117471.0	73072.0	66251.0	66218.0	65756.0
"EAKUO Landet uten Oslo"	"0 I alt"	"Biogassproduksjon"	"I alt"	77688.6	87903.5	90553.7	103614.9	142048.3	137192.0	144624.0	141252.0	154767.0	157891.0
"EAKUO Landet uten Oslo"	"0 I alt"	"Biogassproduksjon"	"Henteordning"	.	.	.	.	.	137128.0	144599.0	141229.0	153611.0	157889.0
"EAKUO Landet uten Oslo"	"0 I alt"	"Biogassproduksjon"	"Gjenvinningsstasjon"	.	.	.	.	.	64.0	25.0	23.0	1156.0	2.0
"EAKUO Landet uten Oslo"	"0 I alt"	"Kompostering"	"I alt"	230367.2	213002.2	210255.4	213792.4	190733.2	192015.0	199636.0	172664.0	188521.0	176117.0
"EAKUO Landet uten Oslo"	"0 I alt"	"Kompostering"	"Henteordning"	.	.	.	.	.	49701.0	50107.0	47524.0	54022.0	45779.0
"EAKUO Landet uten Oslo"	"0 I alt"	"Kompostering"	"Gjenvinningsstasjon"	.	.	.	.	.	142314.0	149529.0	125140.0	134499.0	130338.0
"EAKUO Landet uten Oslo"	"0 I alt"	"Annet"	"I alt"	30766.3	22077.8	20720.8	14967.4	15494.4	19474.0	14590.0	26540.0	16383.0	14278.0
"EAKUO Landet uten Oslo"	"0 I alt"	"Annet"	"Henteordning"	.	.	.	.	.	9839.0	8353.0	20214.0	9931.0	10161.0
"EAKUO Landet uten Oslo"	"0 I alt"	"Annet"	"Gjenvinningsstasjon"	.	.	.	.	.	9635.0	6237.0	6326.0	6452.0	4117.0
"EAKUO Landet uten Oslo"	"1 Restavfall"	"i alt"	"I alt"	879577.3	874457.9	841992.8	824364.3	803969.0	861546.0	825737.0	777719.0	749303.0	678012.0
"EAKUO Landet uten Oslo"	"1 Restavfall"	"i alt"	"Henteordning"	.	.	.	.	.	636171.0	611729.0	582770.0	555224.0	496826.0
"EAKUO Landet uten Oslo"	"1 Restavfall"	"i alt"	"Gjenvinningsstasjon"	.	.	.	.	.	225375.0	214008.0	194949.0	194079.0	181186.0
"EAKUO Landet uten Oslo"	"1 Restavfall"	"Materialgjenvinning"	"I alt"	.	.	.	.	.	.	.	.	.	.
"EAKUO Landet uten Oslo"	"1 Restavfall"	"Materialgjenvinning"	"Henteordning"	.	.	.	.	.	.	.	.	.	.
"EAKUO Landet uten Oslo"	"1 Restavfall"	"Materialgjenvinning"	"Gjenvinningsstasjon"	.	.	.	.	.	.	.	.	.	.
"EAKUO Landet uten Oslo"	"1 Restavfall"	"Forbrenning"	"I alt"	858359.0	859013.6	821001.4	808184.5	787329.4	823879.0	805610.0	750949.0	730794.0	660192.0
"EAKUO Landet uten Oslo"	"1 Restavfall"	"Forbrenning"	"Henteordning"	.	.	.	.	.	626459.0	599653.0	563378.0	545882.0	486977.0
"EAKUO Landet uten Oslo"	"1 Restavfall"	"Forbrenning"	"Gjenvinningsstasjon"	.	.	.	.	.	197420.0	205957.0	187571.0	184912.0	173215.0
"EAKUO Landet uten Oslo"	"1 Restavfall"	"Deponi"	"I alt"	16139.7	12376.0	14778.3	11390.7	11822.1	27172.0	11487.0	5391.0	7054.0	7221.0
"EAKUO Landet uten Oslo"	"1 Restavfall"	"Deponi"	"Henteordning"	.	.	.	.	.	1335.0	4602.0	1336.0	4.0	0.0
"EAKUO Landet uten Oslo"	"1 Restavfall"	"Deponi"	"Gjenvinningsstasjon"	.	.	.	.	.	25837.0	6885.0	4055.0	7050.0	7221.0
"EAKUO Landet uten Oslo"	"1 Restavfall"	"Biogassproduksjon"	"I alt"	.	.	.	.	.	.	.	.	.	.
"EAKUO Landet uten Oslo"	"1 Restavfall"	"Biogassproduksjon"	"Henteordning"	.	.	.	.	.	.	.	.	.	.
"EAKUO Landet uten Oslo"	"1 Restavfall"	"Biogassproduksjon"	"Gjenvinningsstasjon"	.	.	.	.	.	.	.	.	.	.
"EAKUO Landet uten Oslo"	"1 Restavfall"	"Kompostering"	"I alt"	.	.	.	.	.	.	.	.	.	.
"EAKUO Landet uten Oslo"	"1 Restavfall"	"Kompostering"	"Henteordning"	.	.	.	.	.	.	.	.	.	.
"EAKUO Landet uten Oslo"	"1 Restavfall"	"Kompostering"	"Gjenvinningsstasjon"	.	.	.	.	.	.	.	.	.	.
"EAKUO Landet uten Oslo"	"1 Restavfall"	"Annet"	"I alt"	5078.6	3068.3	6213.1	4789.2	4817.5	10495.0	8640.0	21379.0	11455.0	10599.0
"EAKUO Landet uten Oslo"	"1 Restavfall"	"Annet"	"Henteordning"	.	.	.	.	.	8377.0	7474.0	18056.0	9338.0	9849.0
"EAKUO Landet uten Oslo"	"1 Restavfall"	"Annet"	"Gjenvinningsstasjon"	.	.	.	.	.	2118.0	1166.0	3323.0	2117.0	750.0
"EAKUO Landet uten Oslo"	"2 Utsortert"	"i alt"	"I alt"	1187548.0	1184731.2	1194713.4	1202861.0	1261563.8	1350210.0	1302256.0	1148055.0	1137384.0	1096673.0
"EAKUO Landet uten Oslo"	"2 Utsortert"	"i alt"	"Henteordning"	.	.	.	.	.	486869.0	505832.0	471978.0	451834.0	432724.0
"EAKUO Landet uten Oslo"	"2 Utsortert"	"i alt"	"Gjenvinningsstasjon"	.	.	.	.	.	863341.0	796424.0	676077.0	685550.0	663949.0
"EAKUO Landet uten Oslo"	"2 Utsortert"	"Materialgjenvinning"	"I alt"	472908.2	481917.5	492849.6	493049.1	509419.9	587941.0	584121.0	531017.0	517414.0	498111.0
"EAKUO Landet uten Oslo"	"2 Utsortert"	"Materialgjenvinning"	"Henteordning"	.	.	.	.	.	289635.0	287720.0	262762.0	242353.0	223353.0
"EAKUO Landet uten Oslo"	"2 Utsortert"	"Materialgjenvinning"	"Gjenvinningsstasjon"	.	.	.	.	.	298306.0	296401.0	268255.0	275061.0	274758.0
"EAKUO Landet uten Oslo"	"2 Utsortert"	"Forbrenning"	"I alt"	336381.7	337206.3	336226.6	311534.3	326768.9	331722.0	299513.0	235671.0	212586.0	202340.0
"EAKUO Landet uten Oslo"	"2 Utsortert"	"Forbrenning"	"Henteordning"	.	.	.	.	.	8216.0	20302.0	18211.0	1255.0	5391.0
"EAKUO Landet uten Oslo"	"2 Utsortert"	"Forbrenning"	"Gjenvinningsstasjon"	.	.	.	.	.	323506.0	279211.0	217460.0	211331.0	196949.0
"EAKUO Landet uten Oslo"	"2 Utsortert"	"Deponi"	"I alt"	44514.6	45692.1	50320.4	70692.1	81916.6	92361.0	68412.0	62290.0	59168.0	58535.0
"EAKUO Landet uten Oslo"	"2 Utsortert"	"Deponi"	"Henteordning"	.	.	.	.	.	727.0	2225.0	94.0	0.0	0.0
"EAKUO Landet uten Oslo"	"2 Utsortert"	"Deponi"	"Gjenvinningsstasjon"	.	.	.	.	.	91634.0	66187.0	62196.0	59168.0	58535.0
"EAKUO Landet uten Oslo"	"2 Utsortert"	"Biogassproduksjon"	"I alt"	77688.6	87903.5	90553.7	103614.9	142048.3	137192.0	144624.0	141252.0	154767.0	157891.0
"EAKUO Landet uten Oslo"	"2 Utsortert"	"Biogassproduksjon"	"Henteordning"	.	.	.	.	.	137128.0	144599.0	141229.0	153611.0	157889.0
"EAKUO Landet uten Oslo"	"2 Utsortert"	"Biogassproduksjon"	"Gjenvinningsstasjon"	.	.	.	.	.	64.0	25.0	23.0	1156.0	2.0
"EAKUO Landet uten Oslo"	"2 Utsortert"	"Kompostering"	"I alt"	230367.2	213002.2	210255.4	213792.4	190733.2	192015.0	199636.0	172664.0	188521.0	176117.0
"EAKUO Landet uten Oslo"	"2 Utsortert"	"Kompostering"	"Henteordning"	.	.	.	.	.	49701.0	50107.0	47524.0	54022.0	45779.0
"EAKUO Landet uten Oslo"	"2 Utsortert"	"Kompostering"	"Gjenvinningsstasjon"	.	.	.	.	.	142314.0	149529.0	125140.0	134499.0	130338.0
"EAKUO Landet uten Oslo"	"2 Utsortert"	"Annet"	"I alt"	25687.7	19009.5	14507.8	10178.2	10676.9	8979.0	5950.0	5161.0	4928.0	3679.0
"EAKUO Landet uten Oslo"	"2 Utsortert"	"Annet"	"Henteordning"	.	.	.	.	.	1462.0	879.0	2158.0	593.0	312.0
"EAKUO Landet uten Oslo"	"2 Utsortert"	"Annet"	"Gjenvinningsstasjon"	.	.	.	.	.	7517.0	5071.0	3003.0	4335.0	3367.0
"EAKUO Landet uten Oslo"	"2.01 Papp"	"i alt"	"I alt"	238410.3	231246.3	222608.2	212041.7	205370.7	204137.0	196406.0	179770.0	167905.0	151404.0
"EAKUO Landet uten Oslo"	"2.01 Papp"	"i alt"	"Henteordning"	.	.	.	.	.	171733.0	163861.0	149754.0	137475.0	122334.0
"EAKUO Landet uten Oslo"	"2.01 Papp"	"i alt"	"Gjenvinningsstasjon"	.	.	.	.	.	32404.0	32545.0	30016.0	30430.0	29070.0
"EAKUO Landet uten Oslo"	"2.01 Papp"	"Materialgjenvinning"	"I alt"	236523.3	229477.0	220928.5	211076.2	204447.3	202524.0	195385.0	178293.0	167033.0	149805.0
"EAKUO Landet uten Oslo"	"2.01 Papp"	"Materialgjenvinning"	"Henteordning"	.	.	.	.	.	170193.0	162940.0	148369.0	136616.0	121251.0
"EAKUO Landet uten Oslo"	"2.01 Papp"	"Materialgjenvinning"	"Gjenvinningsstasjon"	.	.	.	.	.	32331.0	32445.0	29924.0	30417.0	28554.0
"EAKUO Landet uten Oslo"	"2.01 Papp"	"Forbrenning"	"I alt"	1887.0	1501.0	1370.0	785.3	646.0	1274.0	912.0	818.0	872.0	1584.0
"EAKUO Landet uten Oslo"	"2.01 Papp"	"Forbrenning"	"Henteordning"	.	.	.	.	.	1211.0	855.0	726.0	859.0	1068.0
"EAKUO Landet uten Oslo"	"2.01 Papp"	"Forbrenning"	"Gjenvinningsstasjon"	.	.	.	.	.	63.0	57.0	92.0	13.0	516.0
"EAKUO Landet uten Oslo"	"2.01 Papp"	"Deponi"	"I alt"	.	.	.	.	.	.	.	.	.	.
"EAKUO Landet uten Oslo"	"2.01 Papp"	"Deponi"	"Henteordning"	.	.	.	.	.	.	.	.	.	.
"EAKUO Landet uten Oslo"	"2.01 Papp"	"Deponi"	"Gjenvinningsstasjon"	.	.	.	.	.	.	.	.	.	.
"EAKUO Landet uten Oslo"	"2.01 Papp"	"Biogassproduksjon"	"I alt"	.	.	.	.	.	.	.	.	.	.
"EAKUO Landet uten Oslo"	"2.01 Papp"	"Biogassproduksjon"	"Henteordning"	.	.	.	.	.	.	.	.	.	.
"EAKUO Landet uten Oslo"	"2.01 Papp"	"Biogassproduksjon"	"Gjenvinningsstasjon"	.	.	.	.	.	.	.	.	.	.
"EAKUO Landet uten Oslo"	"2.01 Papp"	"Kompostering"	"I alt"	.	.	.	.	.	.	.	.	.	.
"EAKUO Landet uten Oslo"	"2.01 Papp"	"Kompostering"	"Henteordning"	.	.	.	.	.	.	.	.	.	.
"EAKUO Landet uten Oslo"	"2.01 Papp"	"Kompostering"	"Gjenvinningsstasjon"	.	.	.	.	.	.	.	.	.	.
"EAKUO Landet uten Oslo"	"2.01 Papp"	"Annet"	"I alt"	0.0	268.3	309.8	180.3	277.4	339.0	109.0	659.0	0.0	15.0
"EAKUO Landet uten Oslo"	"2.01 Papp"	"Annet"	"Henteordning"	.	.	.	.	.	329.0	66.0	659.0	0.0	15.0
"EAKUO Landet uten Oslo"	"2.01 Papp"	"Annet"	"Gjenvinningsstasjon"	.	.	.	.	.	10.0	43.0	0.0	0.0	0.0
"EAKUO Landet uten Oslo"	"2.02 Glass"	"i alt"	"I alt"	51671.2	53670.5	56522.6	60996.2	64046.0	71152.0	71265.0	68947.0	66156.0	63812.0
"EAKUO Landet uten Oslo"	"2.02 Glass"	"i alt"	"Henteordning"	.	.	.	.	.	64773.0	65405.0	65536.0	62014.0	60611.0
"EAKUO Landet uten Oslo"	"2.02 Glass"	"i alt"	"Gjenvinningsstasjon"	.	.	.	.	.	6379.0	5860.0	3411.0	4142.0	3201.0
"EAKUO Landet uten Oslo"	"2.02 Glass"	"Materialgjenvinning"	"I alt"	51296.1	53310.2	56396.8	60946.2	63973.6	70661.0	70977.0	68345.0	66078.0	63570.0
"EAKUO Landet uten Oslo"	"2.02 Glass"	"Materialgjenvinning"	"Henteordning"	.	.	.	.	.	64579.0	65287.0	65103.0	61946.0	60369.0
"EAKUO Landet uten Oslo"	"2.02 Glass"	"Materialgjenvinning"	"Gjenvinningsstasjon"	.	.	.	.	.	6082.0	5690.0	3242.0	4132.0	3201.0
"EAKUO Landet uten Oslo"	"2.02 Glass"	"Forbrenning"	"I alt"	.	.	.	.	.	.	.	.	.	.
"EAKUO Landet uten Oslo"	"2.02 Glass"	"Forbrenning"	"Henteordning"	.	.	.	.	.	.	.	.	.	.
"EAKUO Landet uten Oslo"	"2.02 Glass"	"Forbrenning"	"Gjenvinningsstasjon"	.	.	.	.	.	.	.	.	.	.
"EAKUO Landet uten Oslo"	"2.02 Glass"	"Deponi"	"I alt"	.	.	.	.	.	.	.	.	.	.
"EAKUO Landet uten Oslo"	"2.02 Glass"	"Deponi"	"Henteordning"	.	.	.	.	.	.	.	.	.	.
"EAKUO Landet uten Oslo"	"2.02 Glass"	"Deponi"	"Gjenvinningsstasjon"	.	.	.	.	.	.	.	.	.	.
"EAKUO Landet uten Oslo"	"2.02 Glass"	"Biogassproduksjon"	"I alt"	.	.	.	.	.	.	.	.	.	.
"EAKUO Landet uten Oslo"	"2.02 Glass"	"Biogassproduksjon"	"Henteordning"	.	.	.	.	.	.	.	.	.	.
"EAKUO Landet uten Oslo"	"2.02 Glass"	"Biogassproduksjon"	"Gjenvinningsstasjon"	.	.	.	.	.	.	.	.	.	.
"EAKUO Landet uten Oslo"	"2.02 Glass"	"Kompostering"	"I alt"	.	.	.	.	.	.	.	.	.	.
"EAKUO Landet uten Oslo"	"2.02 Glass"	"Kompostering"	"Henteordning"	.	.	.	.	.	.	.	.	.	.
"EAKUO Landet uten Oslo"	"2.02 Glass"	"Kompostering"	"Gjenvinningsstasjon"	.	.	.	.	.	.	.	.	.	.
"EAKUO Landet uten Oslo"	"2.02 Glass"	"Annet"	"I alt"	375.1	360.3	125.7	50.1	72.4	491.0	288.0	602.0	78.0	242.0
"EAKUO Landet uten Oslo"	"2.02 Glass"	"Annet"	"Henteordning"	.	.	.	.	.	194.0	118.0	433.0	68.0	242.0
"EAKUO Landet uten Oslo"	"2.02 Glass"	"Annet"	"Gjenvinningsstasjon"	.	.	.	.	.	297.0	170.0	169.0	10.0	0.0
"EAKUO Landet uten Oslo"	"2.03 Plast"	"i alt"	"I alt"	34362.2	35915.5	40079.0	42399.6	47697.7	53703.0	57783.0	48160.0	46633.0	44572.0
"EAKUO Landet uten Oslo"	"2.03 Plast"	"i alt"	"Henteordning"	.	.	.	.	.	43118.0	45775.0	38866.0	34954.0	33085.0
"EAKUO Landet uten Oslo"	"2.03 Plast"	"i alt"	"Gjenvinningsstasjon"	.	.	.	.	.	10585.0	12008.0	9294.0	11679.0	11487.0
"EAKUO Landet uten Oslo"	"2.03 Plast"	"Materialgjenvinning"	"I alt"	32746.2	34460.4	38721.7	41313.6	42910.6	48908.0	51829.0	44614.0	45783.0	43438.0
"EAKUO Landet uten Oslo"	"2.03 Plast"	"Materialgjenvinning"	"Henteordning"	.	.	.	.	.	40582.0	40969.0	36299.0	34831.0	32682.0
"EAKUO Landet uten Oslo"	"2.03 Plast"	"Materialgjenvinning"	"Gjenvinningsstasjon"	.	.	.	.	.	8326.0	10860.0	8315.0	10952.0	10756.0
"EAKUO Landet uten Oslo"	"2.03 Plast"	"Forbrenning"	"I alt"	1562.0	1374.9	1310.9	1052.5	4064.0	4639.0	5882.0	3416.0	826.0	1106.0
"EAKUO Landet uten Oslo"	"2.03 Plast"	"Forbrenning"	"Henteordning"	.	.	.	.	.	2482.0	4734.0	2455.0	123.0	397.0
"EAKUO Landet uten Oslo"	"2.03 Plast"	"Forbrenning"	"Gjenvinningsstasjon"	.	.	.	.	.	2157.0	1148.0	961.0	703.0	709.0
"EAKUO Landet uten Oslo"	"2.03 Plast"	"Deponi"	"I alt"	.	.	.	.	.	.	.	.	.	.
"EAKUO Landet uten Oslo"	"2.03 Plast"	"Deponi"	"Henteordning"	.	.	.	.	.	.	.	.	.	.
"EAKUO Landet uten Oslo"	"2.03 Plast"	"Deponi"	"Gjenvinningsstasjon"	.	.	.	.	.	.	.	.	.	.
"EAKUO Landet uten Oslo"	"2.03 Plast"	"Biogassproduksjon"	"I alt"	.	.	.	.	.	.	.	.	.	.
"EAKUO Landet uten Oslo"	"2.03 Plast"	"Biogassproduksjon"	"Henteordning"	.	.	.	.	.	.	.	.	.	.
"EAKUO Landet uten Oslo"	"2.03 Plast"	"Biogassproduksjon"	"Gjenvinningsstasjon"	.	.	.	.	.	.	.	.	.	.
"EAKUO Landet uten Oslo"	"2.03 Plast"	"Kompostering"	"I alt"	.	.	.	.	.	.	.	.	.	.
"EAKUO Landet uten Oslo"	"2.03 Plast"	"Kompostering"	"Henteordning"	.	.	.	.	.	.	.	.	.	.
"EAKUO Landet uten Oslo"	"2.03 Plast"	"Kompostering"	"Gjenvinningsstasjon"	.	.	.	.	.	.	.	.	.	.
"EAKUO Landet uten Oslo"	"2.03 Plast"	"Annet"	"I alt"	54.0	80.3	46.3	33.4	723.1	156.0	72.0	130.0	24.0	28.0
"EAKUO Landet uten Oslo"	"2.03 Plast"	"Annet"	"Henteordning"	.	.	.	.	.	54.0	72.0	112.0	0.0	6.0
"EAKUO Landet uten Oslo"	"2.03 Plast"	"Annet"	"Gjenvinningsstasjon"	.	.	.	.	.	102.0	0.0	18.0	24.0	22.0
"EAKUO Landet uten Oslo"	"2.04 Metaller"	"i alt"	"I alt"	78757.6	83705.0	85355.7	89820.3	94381.6	104491.0	95281.0	83783.0	80571.0	80218.0
"EAKUO Landet uten Oslo"	"2.04 Metaller"	"i alt"	"Henteordning"	.	.	.	.	.	11830.0	11183.0	10259.0	7708.0	7891.0
"EAKUO Landet uten Oslo"	"2.04 Metaller"	"i alt"	"Gjenvinningsstasjon"	.	.	.	.	.	92661.0	84098.0	73524.0	72863.0	72327.0
"EAKUO Landet uten Oslo"	"2.04 Metaller"	"Materialgjenvinning"	"I alt"	78696.0	83344.9	84978.3	89777.0	94320.7	104120.0	95271.0	83719.0	80571.0	80218.0
"EAKUO Landet uten Oslo"	"2.04 Metaller"	"Materialgjenvinning"	"Henteordning"	.	.	.	.	.	11823.0	11175.0	10197.0	7708.0	7891.0
"EAKUO Landet uten Oslo"	"2.04 Metaller"	"Materialgjenvinning"	"Gjenvinningsstasjon"	.	.	.	.	.	92297.0	84096.0	73522.0	72863.0	72327.0
"EAKUO Landet uten Oslo"	"2.04 Metaller"	"Forbrenning"	"I alt"	.	.	.	.	.	.	.	.	.	.
"EAKUO Landet uten Oslo"	"2.04 Metaller"	"Forbrenning"	"Henteordning"	.	.	.	.	.	.	.	.	.	.
"EAKUO Landet uten Oslo"	"2.04 Metaller"	"Forbrenning"	"Gjenvinningsstasjon"	.	.	.	.	.	.	.	.	.	.
"EAKUO Landet uten Oslo"	"2.04 Metaller"	"Deponi"	"I alt"	.	.	.	.	.	.	.	.	.	.
"EAKUO Landet uten Oslo"	"2.04 Metaller"	"Deponi"	"Henteordning"	.	.	.	.	.	.	.	.	.	.
"EAKUO Landet uten Oslo"	"2.04 Metaller"	"Deponi"	"Gjenvinningsstasjon"	.	.	.	.	.	.	.	.	.	.
"EAKUO Landet uten Oslo"	"2.04 Metaller"	"Biogassproduksjon"	"I alt"	.	.	.	.	.	.	.	.	.	.
"EAKUO Landet uten Oslo"	"2.04 Metaller"	"Biogassproduksjon"	"Henteordning"	.	.	.	.	.	.	.	.	.	.
"EAKUO Landet uten Oslo"	"2.04 Metaller"	"Biogassproduksjon"	"Gjenvinningsstasjon"	.	.	.	.	.	.	.	.	.	.
"EAKUO Landet uten Oslo"	"2.04 Metaller"	"Kompostering"	"I alt"	.	.	.	.	.	.	.	.	.	.
"EAKUO Landet uten Oslo"	"2.04 Metaller"	"Kompostering"	"Henteordning"	.	.	.	.	.	.	.	.	.	.
"EAKUO Landet uten Oslo"	"2.04 Metaller"	"Kompostering"	"Gjenvinningsstasjon"	.	.	.	.	.	.	.	.	.	.
"EAKUO Landet uten Oslo"	"2.04 Metaller"	"Annet"	"I alt"	61.6	360.1	377.4	43.3	60.9	371.0	10.0	64.0	0.0	0.0
"EAKUO Landet uten Oslo"	"2.04 Metaller"	"Annet"	"Henteordning"	.	.	.	.	.	7.0	8.0	62.0	0.0	0.0
"EAKUO Landet uten Oslo"	"2.04 Metaller"	"Annet"	"Gjenvinningsstasjon"	.	.	.	.	.	364.0	2.0	2.0	0.0	0.0
"EAKUO Landet uten Oslo"	"2.05 EE- avfall"	"i alt"	"I alt"	44608.2	46015.0	46174.4	45957.7	46042.9	48915.0	47773.0	45216.0	43322.0	40601.0
"EAKUO Landet uten Oslo"	"2.05 EE- avfall"	"i alt"	"Henteordning"	.	.	.	.	.	1885.0	1582.0	2044.0	863.0	991.0
"EAKUO Landet uten Oslo"	"2.05 EE- avfall"	"i alt"	"Gjenvinningsstasjon"	.	.	.	.	.	47030.0	46191.0	43172.0	42459.0	39610.0
"EAKUO Landet uten Oslo"	"2.05 EE- avfall"	"Materialgjenvinning"	"I alt"	42708.1	44724.9	45452.8	45911.9	45169.4	48529.0	47715.0	44816.0	43074.0	40313.0
"EAKUO Landet uten Oslo"	"2.05 EE- avfall"	"Materialgjenvinning"	"Henteordning"	.	.	.	.	.	1873.0	1548.0	1932.0	863.0	991.0
"EAKUO Landet uten Oslo"	"2.05 EE- avfall"	"Materialgjenvinning"	"Gjenvinningsstasjon"	.	.	.	.	.	46656.0	46167.0	42884.0	42211.0	39322.0
"EAKUO Landet uten Oslo"	"2.05 EE- avfall"	"Forbrenning"	"I alt"	.	.	.	.	.	.	.	.	.	.
"EAKUO Landet uten Oslo"	"2.05 EE- avfall"	"Forbrenning"	"Henteordning"	.	.	.	.	.	.	.	.	.	.
"EAKUO Landet uten Oslo"	"2.05 EE- avfall"	"Forbrenning"	"Gjenvinningsstasjon"	.	.	.	.	.	.	.	.	.	.
"EAKUO Landet uten Oslo"	"2.05 EE- avfall"	"Deponi"	"I alt"	.	.	.	.	.	.	.	.	.	.
"EAKUO Landet uten Oslo"	"2.05 EE- avfall"	"Deponi"	"Henteordning"	.	.	.	.	.	.	.	.	.	.
"EAKUO Landet uten Oslo"	"2.05 EE- avfall"	"Deponi"	"Gjenvinningsstasjon"	.	.	.	.	.	.	.	.	.	.
"EAKUO Landet uten Oslo"	"2.05 EE- avfall"	"Biogassproduksjon"	"I alt"	.	.	.	.	.	.	.	.	.	.
"EAKUO Landet uten Oslo"	"2.05 EE- avfall"	"Biogassproduksjon"	"Henteordning"	.	.	.	.	.	.	.	.	.	.
"EAKUO Landet uten Oslo"	"2.05 EE- avfall"	"Biogassproduksjon"	"Gjenvinningsstasjon"	.	.	.	.	.	.	.	.	.	.
"EAKUO Landet uten Oslo"	"2.05 EE- avfall"	"Kompostering"	"I alt"	.	.	.	.	.	.	.	.	.	.
"EAKUO Landet uten Oslo"	"2.05 EE- avfall"	"Kompostering"	"Henteordning"	.	.	.	.	.	.	.	.	.	.
"EAKUO Landet uten Oslo"	"2.05 EE- avfall"	"Kompostering"	"Gjenvinningsstasjon"	.	.	.	.	.	.	.	.	.	.
"EAKUO Landet uten Oslo"	"2.05 EE- avfall"	"Annet"	"I alt"	1900.1	1290.0	721.7	45.8	873.5	386.0	58.0	400.0	248.0	288.0
"EAKUO Landet uten Oslo"	"2.05 EE- avfall"	"Annet"	"Henteordning"	.	.	.	.	.	12.0	34.0	112.0	0.0	0.0
"EAKUO Landet uten Oslo"	"2.05 EE- avfall"	"Annet"	"Gjenvinningsstasjon"	.	.	.	.	.	374.0	24.0	288.0	248.0	288.0
"EAKUO Landet uten Oslo"	"2.06 Matavfall"	"i alt"	"I alt"	164652.8	172635.7	174065.2	184090.5	190167.5	189681.0	192926.0	186127.0	203129.0	192548.0
"EAKUO Landet uten Oslo"	"2.06 Matavfall"	"i alt"	"Henteordning"	.	.	.	.	.	189681.0	192926.0	186127.0	203129.0	192548.0
"EAKUO Landet uten Oslo"	"2.06 Matavfall"	"i alt"	"Gjenvinningsstasjon"	.	.	.	.	.	.	.	.	.	.
"EAKUO Landet uten Oslo"	"2.06 Matavfall"	"Materialgjenvinning"	"I alt"	296.5	1648.0	635.7	289.0	1.6	0.0	0.0	0.0	56.0	0.0
"EAKUO Landet uten Oslo"	"2.06 Matavfall"	"Materialgjenvinning"	"Henteordning"	.	.	.	.	.	0.0	0.0	0.0	56.0	0.0
"EAKUO Landet uten Oslo"	"2.06 Matavfall"	"Materialgjenvinning"	"Gjenvinningsstasjon"	.	.	.	.	.	.	.	.	.	.
"EAKUO Landet uten Oslo"	"2.06 Matavfall"	"Forbrenning"	"I alt"	4064.0	6042.0	3280.2	935.2	667.3	2324.0	2321.0	2357.0	145.0	1523.0
"EAKUO Landet uten Oslo"	"2.06 Matavfall"	"Forbrenning"	"Henteordning"	.	.	.	.	.	2324.0	2321.0	2357.0	145.0	1523.0
"EAKUO Landet uten Oslo"	"2.06 Matavfall"	"Forbrenning"	"Gjenvinningsstasjon"	.	.	.	.	.	.	.	.	.	.
"EAKUO Landet uten Oslo"	"2.06 Matavfall"	"Deponi"	"I alt"	.	.	.	.	.	.	.	.	.	.
"EAKUO Landet uten Oslo"	"2.06 Matavfall"	"Deponi"	"Henteordning"	.	.	.	.	.	.	.	.	.	.
"EAKUO Landet uten Oslo"	"2.06 Matavfall"	"Deponi"	"Gjenvinningsstasjon"	.	.	.	.	.	.	.	.	.	.
"EAKUO Landet uten Oslo"	"2.06 Matavfall"	"Biogassproduksjon"	"I alt"	76522.0	87902.5	90552.7	102926.9	140277.5	137128.0	144599.0	141229.0	153611.0	157889.0
"EAKUO Landet uten Oslo"	"2.06 Matavfall"	"Biogassproduksjon"	"Henteordning"	.	.	.	.	.	137128.0	144599.0	141229.0	153611.0	157889.0
"EAKUO Landet uten Oslo"	"2.06 Matavfall"	"Biogassproduksjon"	"Gjenvinningsstasjon"	.	.	.	.	.	.	.	.	.	.
"EAKUO Landet uten Oslo"	"2.06 Matavfall"	"Kompostering"	"I alt"	83710.3	76582.9	79230.9	79677.2	48899.6	49701.0	45643.0	42063.0	48948.0	33087.0
"EAKUO Landet uten Oslo"	"2.06 Matavfall"	"Kompostering"	"Henteordning"	.	.	.	.	.	49701.0	45643.0	42063.0	48948.0	33087.0
"EAKUO Landet uten Oslo"	"2.06 Matavfall"	"Kompostering"	"Gjenvinningsstasjon"	.	.	.	.	.	.	.	.	.	.
"EAKUO Landet uten Oslo"	"2.06 Matavfall"	"Annet"	"I alt"	60.0	460.2	365.6	262.2	321.5	528.0	363.0	478.0	369.0	49.0
"EAKUO Landet uten Oslo"	"2.06 Matavfall"	"Annet"	"Henteordning"	.	.	.	.	.	528.0	363.0	478.0	369.0	49.0
"EAKUO Landet uten Oslo"	"2.06 Matavfall"	"Annet"	"Gjenvinningsstasjon"	.	.	.	.	.	.	.	.	.	.
"EAKUO Landet uten Oslo"	"2.07 Treavfall"	"i alt"	"I alt"	267809.4	267492.3	266032.3	258192.3	274940.0	295629.0	265339.0	213835.0	221169.0	202629.0
"EAKUO Landet uten Oslo"	"2.07 Treavfall"	"i alt"	"Henteordning"	.	.	.	.	.	.	.	.	.	.
"EAKUO Landet uten Oslo"	"2.07 Treavfall"	"i alt"	"Gjenvinningsstasjon"	.	.	.	.	.	295629.0	265339.0	213835.0	221169.0	202629.0
"EAKUO Landet uten Oslo"	"2.07 Treavfall"	"Materialgjenvinning"	"I alt"	3632.8	4804.5	10537.9	13031.3	20857.5	55575.0	54937.0	51875.0	61868.0	69202.0
"EAKUO Landet uten Oslo"	"2.07 Treavfall"	"Materialgjenvinning"	"Henteordning"	.	.	.	.	.	.	.	.	.	.
"EAKUO Landet uten Oslo"	"2.07 Treavfall"	"Materialgjenvinning"	"Gjenvinningsstasjon"	.	.	.	.	.	55575.0	54937.0	51875.0	61868.0	69202.0
"EAKUO Landet uten Oslo"	"2.07 Treavfall"	"Forbrenning"	"I alt"	258003.4	252169.8	249856.8	240405.5	249535.3	236343.0	208709.0	159715.0	157037.0	133231.0
"EAKUO Landet uten Oslo"	"2.07 Treavfall"	"Forbrenning"	"Henteordning"	.	.	.	.	.	.	.	.	.	.
"EAKUO Landet uten Oslo"	"2.07 Treavfall"	"Forbrenning"	"Gjenvinningsstasjon"	.	.	.	.	.	236343.0	208709.0	159715.0	157037.0	133231.0
"EAKUO Landet uten Oslo"	"2.07 Treavfall"	"Deponi"	"I alt"	.	.	.	.	.	.	.	.	.	.
"EAKUO Landet uten Oslo"	"2.07 Treavfall"	"Deponi"	"Henteordning"	.	.	.	.	.	.	.	.	.	.
"EAKUO Landet uten Oslo"	"2.07 Treavfall"	"Deponi"	"Gjenvinningsstasjon"	.	.	.	.	.	.	.	.	.	.
"EAKUO Landet uten Oslo"	"2.07 Treavfall"	"Biogassproduksjon"	"I alt"	97.6	0.0	0.0	688.0	787.5	0.0	0.0	0.0	0.0	0.0
"EAKUO Landet uten Oslo"	"2.07 Treavfall"	"Biogassproduksjon"	"Henteordning"	.	.	.	.	.	.	.	.	.	.
"EAKUO Landet uten Oslo"	"2.07 Treavfall"	"Biogassproduksjon"	"Gjenvinningsstasjon"	.	.	.	.	.	0.0	0.0	0.0	0.0	0.0
"EAKUO Landet uten Oslo"	"2.07 Treavfall"	"Kompostering"	"I alt"	4663.0	4864.9	3606.3	3561.9	3249.7	2367.0	1617.0	2187.0	2028.0	169.0
"EAKUO Landet uten Oslo"	"2.07 Treavfall"	"Kompostering"	"Henteordning"	.	.	.	.	.	.	.	.	.	.
"EAKUO Landet uten Oslo"	"2.07 Treavfall"	"Kompostering"	"Gjenvinningsstasjon"	.	.	.	.	.	2367.0	1617.0	2187.0	2028.0	169.0
"EAKUO Landet uten Oslo"	"2.07 Treavfall"	"Annet"	"I alt"	1412.6	5653.0	2031.3	505.6	510.0	1344.0	76.0	58.0	236.0	27.0
"EAKUO Landet uten Oslo"	"2.07 Treavfall"	"Annet"	"Henteordning"	.	.	.	.	.	.	.	.	.	.
"EAKUO Landet uten Oslo"	"2.07 Treavfall"	"Annet"	"Gjenvinningsstasjon"	.	.	.	.	.	1344.0	76.0	58.0	236.0	27.0
"EAKUO Landet uten Oslo"	"2.08 Hageavfall"	"i alt"	"I alt"	148285.7	138641.1	134734.0	134712.3	148233.9	162633.0	168642.0	140985.0	137912.0	144205.0
"EAKUO Landet uten Oslo"	"2.08 Hageavfall"	"i alt"	"Henteordning"	.	.	.	.	.	.	20598.0	16131.0	5321.0	12700.0
"EAKUO Landet uten Oslo"	"2.08 Hageavfall"	"i alt"	"Gjenvinningsstasjon"	.	.	.	.	.	162633.0	148044.0	124854.0	132591.0	131505.0
"EAKUO Landet uten Oslo"	"2.08 Hageavfall"	"Materialgjenvinning"	"I alt"	514.5	3622.9	5533.4	689.0	5210.0	10178.0	5727.0	1363.0	203.0	862.0
"EAKUO Landet uten Oslo"	"2.08 Hageavfall"	"Materialgjenvinning"	"Henteordning"	.	.	.	.	.	.	4533.0	21.0	203.0	8.0
"EAKUO Landet uten Oslo"	"2.08 Hageavfall"	"Materialgjenvinning"	"Gjenvinningsstasjon"	.	.	.	.	.	10178.0	1194.0	1342.0	0.0	854.0
"EAKUO Landet uten Oslo"	"2.08 Hageavfall"	"Forbrenning"	"I alt"	3795.7	2208.5	1293.6	2840.0	2156.0	13678.0	12477.0	10936.0	110.0	181.0
"EAKUO Landet uten Oslo"	"2.08 Hageavfall"	"Forbrenning"	"Henteordning"	.	.	.	.	.	.	11601.0	10473.0	0.0	0.0
"EAKUO Landet uten Oslo"	"2.08 Hageavfall"	"Forbrenning"	"Gjenvinningsstasjon"	.	.	.	.	.	13678.0	876.0	463.0	110.0	181.0
"EAKUO Landet uten Oslo"	"2.08 Hageavfall"	"Deponi"	"I alt"	.	.	.	.	.	.	.	.	.	.
"EAKUO Landet uten Oslo"	"2.08 Hageavfall"	"Deponi"	"Henteordning"	.	.	.	.	.	.	.	.	.	.
"EAKUO Landet uten Oslo"	"2.08 Hageavfall"	"Deponi"	"Gjenvinningsstasjon"	.	.	.	.	.	.	.	.	.	.
"EAKUO Landet uten Oslo"	"2.08 Hageavfall"	"Biogassproduksjon"	"I alt"	1069.0	1.0	1.0	0.0	983.2	0.0	0.0	0.0	0.0	0.0
"EAKUO Landet uten Oslo"	"2.08 Hageavfall"	"Biogassproduksjon"	"Henteordning"	.	.	.	.	.	.	0.0	0.0	0.0	0.0
"EAKUO Landet uten Oslo"	"2.08 Hageavfall"	"Biogassproduksjon"	"Gjenvinningsstasjon"	.	.	.	.	.	0.0	0.0	0.0	0.0	0.0
"EAKUO Landet uten Oslo"	"2.08 Hageavfall"	"Kompostering"	"I alt"	141973.8	131554.3	127418.1	130425.3	138499.8	138699.0	150407.0	128414.0	137505.0	142861.0
"EAKUO Landet uten Oslo"	"2.08 Hageavfall"	"Kompostering"	"Henteordning"	.	.	.	.	.	.	4464.0	5461.0	5074.0	12692.0
"EAKUO Landet uten Oslo"	"2.08 Hageavfall"	"Kompostering"	"Gjenvinningsstasjon"	.	.	.	.	.	138699.0	145943.0	122953.0	132431.0	130169.0
"EAKUO Landet uten Oslo"	"2.08 Hageavfall"	"Annet"	"I alt"	932.7	1254.3	487.9	758.0	1384.8	78.0	31.0	272.0	94.0	301.0
"EAKUO Landet uten Oslo"	"2.08 Hageavfall"	"Annet"	"Henteordning"	.	.	.	.	.	.	0.0	176.0	44.0	0.0
"EAKUO Landet uten Oslo"	"2.08 Hageavfall"	"Annet"	"Gjenvinningsstasjon"	.	.	.	.	.	78.0	31.0	96.0	50.0	301.0
"EAKUO Landet uten Oslo"	"2.09 Tekstiler"	"i alt"	"I alt"	248.9	499.3	672.5	249.2	737.3	392.0	1052.0	95.0	377.0	857.0
"EAKUO Landet uten Oslo"	"2.09 Tekstiler"	"i alt"	"Henteordning"	.	.	.	.	.	348.0	914.0	52.0	194.0	146.0
"EAKUO Landet uten Oslo"	"2.09 Tekstiler"	"i alt"	"Gjenvinningsstasjon"	.	.	.	.	.	44.0	138.0	43.0	183.0	711.0
"EAKUO Landet uten Oslo"	"2.09 Tekstiler"	"Materialgjenvinning"	"I alt"	242.0	499.3	570.3	97.8	715.8	269.0	914.0	29.0	171.0	237.0
"EAKUO Landet uten Oslo"	"2.09 Tekstiler"	"Materialgjenvinning"	"Henteordning"	.	.	.	.	.	235.0	834.0	0.0	74.0	107.0
"EAKUO Landet uten Oslo"	"2.09 Tekstiler"	"Materialgjenvinning"	"Gjenvinningsstasjon"	.	.	.	.	.	34.0	80.0	29.0	97.0	130.0
"EAKUO Landet uten Oslo"	"2.09 Tekstiler"	"Forbrenning"	"I alt"	5.9	0.0	14.0	5.2	11.5	73.0	18.0	12.0	39.0	68.0
"EAKUO Landet uten Oslo"	"2.09 Tekstiler"	"Forbrenning"	"Henteordning"	.	.	.	.	.	63.0	10.0	2.0	8.0	39.0
"EAKUO Landet uten Oslo"	"2.09 Tekstiler"	"Forbrenning"	"Gjenvinningsstasjon"	.	.	.	.	.	10.0	8.0	10.0	31.0	29.0
"EAKUO Landet uten Oslo"	"2.09 Tekstiler"	"Deponi"	"I alt"	.	.	.	.	.	.	.	.	.	.
"EAKUO Landet uten Oslo"	"2.09 Tekstiler"	"Deponi"	"Henteordning"	.	.	.	.	.	.	.	.	.	.
"EAKUO Landet uten Oslo"	"2.09 Tekstiler"	"Deponi"	"Gjenvinningsstasjon"	.	.	.	.	.	.	.	.	.	.
"EAKUO Landet uten Oslo"	"2.09 Tekstiler"	"Biogassproduksjon"	"I alt"	.	.	.	.	.	.	.	.	.	.
"EAKUO Landet uten Oslo"	"2.09 Tekstiler"	"Biogassproduksjon"	"Henteordning"	.	.	.	.	.	.	.	.	.	.
"EAKUO Landet uten Oslo"	"2.09 Tekstiler"	"Biogassproduksjon"	"Gjenvinningsstasjon"	.	.	.	.	.	.	.	.	.	.
"EAKUO Landet uten Oslo"	"2.09 Tekstiler"	"Kompostering"	"I alt"	.	.	.	.	.	.	.	.	.	.
"EAKUO Landet uten Oslo"	"2.09 Tekstiler"	"Kompostering"	"Henteordning"	.	.	.	.	.	.	.	.	.	.
"EAKUO Landet uten Oslo"	"2.09 Tekstiler"	"Kompostering"	"Gjenvinningsstasjon"	.	.	.	.	.	.	.	.	.	.
"EAKUO Landet uten Oslo"	"2.09 Tekstiler"	"Annet"	"I alt"	1.0	0.0	88.2	146.2	10.0	50.0	120.0	54.0	167.0	552.0
"EAKUO Landet uten Oslo"	"2.09 Tekstiler"	"Annet"	"Henteordning"	.	.	.	.	.	50.0	70.0	50.0	112.0	0.0
"EAKUO Landet uten Oslo"	"2.09 Tekstiler"	"Annet"	"Gjenvinningsstasjon"	.	.	.	.	.	0.0	50.0	4.0	55.0	552.0
"EAKUO Landet uten Oslo"	"2.10 Utsortert brennbart"	"i alt"	"I alt"	25146.8	25358.8	28380.7	.	.	.	.	.	.	.
"EAKUO Landet uten Oslo"	"2.10 Utsortert brennbart"	"i alt"	"Henteordning"	.	.	.	.	.	.	.	.	.	.
"EAKUO Landet uten Oslo"	"2.10 Utsortert brennbart"	"i alt"	"Gjenvinningsstasjon"	.	.	.	.	.	.	.	.	.	.
"EAKUO Landet uten Oslo"	"2.10 Utsortert brennbart"	"Materialgjenvinning"	"I alt"	.	.	.	.	.	.	.	.	.	.
"EAKUO Landet uten Oslo"	"2.10 Utsortert brennbart"	"Materialgjenvinning"	"Henteordning"	.	.	.	.	.	.	.	.	.	.
"EAKUO Landet uten Oslo"	"2.10 Utsortert brennbart"	"Materialgjenvinning"	"Gjenvinningsstasjon"	.	.	.	.	.	.	.	.	.	.
"EAKUO Landet uten Oslo"	"2.10 Utsortert brennbart"	"Forbrenning"	"I alt"	25141.9	25348.8	28372.2	.	.	.	.	.	.	.
"EAKUO Landet uten Oslo"	"2.10 Utsortert brennbart"	"Forbrenning"	"Henteordning"	.	.	.	.	.	.	.	.	.	.
"EAKUO Landet uten Oslo"	"2.10 Utsortert brennbart"	"Forbrenning"	"Gjenvinningsstasjon"	.	.	.	.	.	.	.	.	.	.
"EAKUO Landet uten Oslo"	"2.10 Utsortert brennbart"	"Deponi"	"I alt"	.	.	.	.	.	.	.	.	.	.
"EAKUO Landet uten Oslo"	"2.10 Utsortert brennbart"	"Deponi"	"Henteordning"	.	.	.	.	.	.	.	.	.	.
"EAKUO Landet uten Oslo"	"2.10 Utsortert brennbart"	"Deponi"	"Gjenvinningsstasjon"	.	.	.	.	.	.	.	.	.	.
"EAKUO Landet uten Oslo"	"2.10 Utsortert brennbart"	"Biogassproduksjon"	"I alt"	.	.	.	.	.	.	.	.	.	.
"EAKUO Landet uten Oslo"	"2.10 Utsortert brennbart"	"Biogassproduksjon"	"Henteordning"	.	.	.	.	.	.	.	.	.	.
"EAKUO Landet uten Oslo"	"2.10 Utsortert brennbart"	"Biogassproduksjon"	"Gjenvinningsstasjon"	.	.	.	.	.	.	.	.	.	.
"EAKUO Landet uten Oslo"	"2.10 Utsortert brennbart"	"Kompostering"	"I alt"	.	.	.	.	.	.	.	.	.	.
"EAKUO Landet uten Oslo"	"2.10 Utsortert brennbart"	"Kompostering"	"Henteordning"	.	.	.	.	.	.	.	.	.	.
"EAKUO Landet uten Oslo"	"2.10 Utsortert brennbart"	"Kompostering"	"Gjenvinningsstasjon"	.	.	.	.	.	.	.	.	.	.
"EAKUO Landet uten Oslo"	"2.10 Utsortert brennbart"	"Annet"	"I alt"	4.8	10.0	8.6	.	.	.	.	.	.	.
"EAKUO Landet uten Oslo"	"2.10 Utsortert brennbart"	"Annet"	"Henteordning"	.	.	.	.	.	.	.	.	.	.
"EAKUO Landet uten Oslo"	"2.10 Utsortert brennbart"	"Annet"	"Gjenvinningsstasjon"	.	.	.	.	.	.	.	.	.	.
"EAKUO Landet uten Oslo"	"2.11 Farlig avfall"	"i alt"	"I alt"	58088.8	58058.0	61506.0	68089.1	71653.1	88502.0	78412.0	68210.0	64829.0	73598.0
"EAKUO Landet uten Oslo"	"2.11 Farlig avfall"	"i alt"	"Henteordning"	.	.	.	.	.	3501.0	3588.0	3209.0	176.0	2418.0
"EAKUO Landet uten Oslo"	"2.11 Farlig avfall"	"i alt"	"Gjenvinningsstasjon"	.	.	.	.	.	85001.0	74824.0	65001.0	64653.0	71180.0
"EAKUO Landet uten Oslo"	"2.11 Farlig avfall"	"Materialgjenvinning"	"I alt"	8071.0	6750.3	6694.8	5525.7	6169.8	10581.0	11463.0	7468.0	7171.0	7657.0
"EAKUO Landet uten Oslo"	"2.11 Farlig avfall"	"Materialgjenvinning"	"Henteordning"	.	.	.	.	.	350.0	434.0	841.0	56.0	54.0
"EAKUO Landet uten Oslo"	"2.11 Farlig avfall"	"Materialgjenvinning"	"Gjenvinningsstasjon"	.	.	.	.	.	10231.0	11029.0	6627.0	7115.0	7603.0
"EAKUO Landet uten Oslo"	"2.11 Farlig avfall"	"Forbrenning"	"I alt"	36378.8	39686.3	41909.8	51845.0	56098.1	69149.0	56240.0	55359.0	50687.0	60926.0
"EAKUO Landet uten Oslo"	"2.11 Farlig avfall"	"Forbrenning"	"Henteordning"	.	.	.	.	.	2136.0	781.0	2198.0	120.0	2364.0
"EAKUO Landet uten Oslo"	"2.11 Farlig avfall"	"Forbrenning"	"Gjenvinningsstasjon"	.	.	.	.	.	67013.0	55459.0	53161.0	50567.0	58562.0
"EAKUO Landet uten Oslo"	"2.11 Farlig avfall"	"Deponi"	"I alt"	2808.0	3344.0	3385.8	3581.5	3970.1	5182.0	7372.0	3673.0	3885.0	3156.0
"EAKUO Landet uten Oslo"	"2.11 Farlig avfall"	"Deponi"	"Henteordning"	.	.	.	.	.	727.0	2225.0	94.0	0.0	0.0
"EAKUO Landet uten Oslo"	"2.11 Farlig avfall"	"Deponi"	"Gjenvinningsstasjon"	.	.	.	.	.	4455.0	5147.0	3579.0	3885.0	3156.0
"EAKUO Landet uten Oslo"	"2.11 Farlig avfall"	"Biogassproduksjon"	"I alt"	.	.	.	.	.	.	.	.	.	.
"EAKUO Landet uten Oslo"	"2.11 Farlig avfall"	"Biogassproduksjon"	"Henteordning"	.	.	.	.	.	.	.	.	.	.
"EAKUO Landet uten Oslo"	"2.11 Farlig avfall"	"Biogassproduksjon"	"Gjenvinningsstasjon"	.	.	.	.	.	.	.	.	.	.
"EAKUO Landet uten Oslo"	"2.11 Farlig avfall"	"Kompostering"	"I alt"	.	.	.	.	.	.	.	.	.	.
"EAKUO Landet uten Oslo"	"2.11 Farlig avfall"	"Kompostering"	"Henteordning"	.	.	.	.	.	.	.	.	.	.
"EAKUO Landet uten Oslo"	"2.11 Farlig avfall"	"Kompostering"	"Gjenvinningsstasjon"	.	.	.	.	.	.	.	.	.	.
"EAKUO Landet uten Oslo"	"2.11 Farlig avfall"	"Annet"	"I alt"	10830.9	8277.4	9515.5	7137.0	5415.2	3590.0	3337.0	1710.0	3086.0	1859.0
"EAKUO Landet uten Oslo"	"2.11 Farlig avfall"	"Annet"	"Henteordning"	.	.	.	.	.	288.0	148.0	76.0	0.0	0.0
"EAKUO Landet uten Oslo"	"2.11 Farlig avfall"	"Annet"	"Gjenvinningsstasjon"	.	.	.	.	.	3302.0	3189.0	1634.0	3086.0	1859.0
"EAKUO Landet uten Oslo"	"2.12 Annet"	"i alt"	"I alt"	75506.0	71493.8	78582.7	50425.2	50264.9	17177.0	24925.0	8501.0	8047.0	7098.0
"EAKUO Landet uten Oslo"	"2.12 Annet"	"i alt"	"Henteordning"	.	.	.	.	.	.	.	.	.	.
"EAKUO Landet uten Oslo"	"2.12 Annet"	"i alt"	"Gjenvinningsstasjon"	.	.	.	.	.	17177.0	24925.0	8501.0	8047.0	7098.0
"EAKUO Landet uten Oslo"	"2.12 Annet"	"Materialgjenvinning"	"I alt"	18181.6	19275.1	22399.3	19060.9	15502.7	2528.0	2764.0	2597.0	1278.0	1570.0
"EAKUO Landet uten Oslo"	"2.12 Annet"	"Materialgjenvinning"	"Henteordning"	.	.	.	.	.	.	.	.	.	.
"EAKUO Landet uten Oslo"	"2.12 Annet"	"Materialgjenvinning"	"Gjenvinningsstasjon"	.	.	.	.	.	2528.0	2764.0	2597.0	1278.0	1570.0
"EAKUO Landet uten Oslo"	"2.12 Annet"	"Forbrenning"	"I alt"	5543.0	8875.0	8819.1	13665.6	13590.7	3847.0	12438.0	2261.0	2477.0	3185.0
"EAKUO Landet uten Oslo"	"2.12 Annet"	"Forbrenning"	"Henteordning"	.	.	.	.	.	.	.	.	.	.
"EAKUO Landet uten Oslo"	"2.12 Annet"	"Forbrenning"	"Gjenvinningsstasjon"	.	.	.	.	.	3847.0	12438.0	2261.0	2477.0	3185.0
"EAKUO Landet uten Oslo"	"2.12 Annet"	"Deponi"	"I alt"	41706.5	42348.2	46934.6	16619.2	20140.5	8779.0	6407.0	3555.0	3061.0	2305.0
"EAKUO Landet uten Oslo"	"2.12 Annet"	"Deponi"	"Henteordning"	.	.	.	.	.	.	.	.	.	.
"EAKUO Landet uten Oslo"	"2.12 Annet"	"Deponi"	"Gjenvinningsstasjon"	.	.	.	.	.	8779.0	6407.0	3555.0	3061.0	2305.0
"EAKUO Landet uten Oslo"	"2.12 Annet"	"Biogassproduksjon"	"I alt"	0.0	0.0	0.0	0.0	0.0	64.0	25.0	23.0	1156.0	2.0
"EAKUO Landet uten Oslo"	"2.12 Annet"	"Biogassproduksjon"	"Henteordning"	.	.	.	.	.	.	.	.	.	.
"EAKUO Landet uten Oslo"	"2.12 Annet"	"Biogassproduksjon"	"Gjenvinningsstasjon"	.	.	.	.	.	64.0	25.0	23.0	1156.0	2.0
"EAKUO Landet uten Oslo"	"2.12 Annet"	"Kompostering"	"I alt"	20.0	0.0	0.0	128.0	84.0	1248.0	1969.0	0.0	40.0	0.0
"EAKUO Landet uten Oslo"	"2.12 Annet"	"Kompostering"	"Henteordning"	.	.	.	.	.	.	.	.	.	.
"EAKUO Landet uten Oslo"	"2.12 Annet"	"Kompostering"	"Gjenvinningsstasjon"	.	.	.	.	.	1248.0	1969.0	0.0	40.0	0.0
"EAKUO Landet uten Oslo"	"2.12 Annet"	"Annet"	"I alt"	10054.9	995.5	429.7	951.5	946.9	711.0	1322.0	65.0	35.0	36.0
"EAKUO Landet uten Oslo"	"2.12 Annet"	"Annet"	"Henteordning"	.	.	.	.	.	.	.	.	.	.
"EAKUO Landet uten Oslo"	"2.12 Annet"	"Annet"	"Gjenvinningsstasjon"	.	.	.	.	.	711.0	1322.0	65.0	35.0	36.0
"EAKUO Landet uten Oslo"	"2.13 Byggavfall"	"i alt"	"I alt"	.	.	.	55887.0	68028.2	65125.0	45461.0	44803.0	42861.0	44826.0
"EAKUO Landet uten Oslo"	"2.13 Byggavfall"	"i alt"	"Henteordning"	.	.	.	.	.	.	.	.	.	.
"EAKUO Landet uten Oslo"	"2.13 Byggavfall"	"i alt"	"Gjenvinningsstasjon"	.	.	.	.	.	65125.0	45461.0	44803.0	42861.0	44826.0
"EAKUO Landet uten Oslo"	"2.13 Byggavfall"	"Materialgjenvinning"	"I alt"	.	.	.	5330.5	10140.9	7331.0	14164.0	13907.0	12574.0	10967.0
"EAKUO Landet uten Oslo"	"2.13 Byggavfall"	"Materialgjenvinning"	"Henteordning"	.	.	.	.	.	.	.	.	.	.
"EAKUO Landet uten Oslo"	"2.13 Byggavfall"	"Materialgjenvinning"	"Gjenvinningsstasjon"	.	.	.	.	.	7331.0	14164.0	13907.0	12574.0	10967.0
"EAKUO Landet uten Oslo"	"2.13 Byggavfall"	"Forbrenning"	"I alt"	.	.	.	.	.	0.0	0.0	0.0	0.0	0.0
"EAKUO Landet uten Oslo"	"2.13 Byggavfall"	"Forbrenning"	"Henteordning"	.	.	.	.	.	.	.	.	.	.
"EAKUO Landet uten Oslo"	"2.13 Byggavfall"	"Forbrenning"	"Gjenvinningsstasjon"	.	.	.	.	.	0.0	0.0	0.0	0.0	0.0
"EAKUO Landet uten Oslo"	"2.13 Byggavfall"	"Deponi"	"I alt"	.	.	.	50491.5	57806.0	57119.0	31191.0	30279.0	29740.0	33631.0
"EAKUO Landet uten Oslo"	"2.13 Byggavfall"	"Deponi"	"Henteordning"	.	.	.	.	.	.	.	.	.	.
"EAKUO Landet uten Oslo"	"2.13 Byggavfall"	"Deponi"	"Gjenvinningsstasjon"	.	.	.	.	.	57119.0	31191.0	30279.0	29740.0	33631.0
"EAKUO Landet uten Oslo"	"2.13 Byggavfall"	"Biogassproduksjon"	"I alt"	.	.	.	.	.	.	.	.	.	.
"EAKUO Landet uten Oslo"	"2.13 Byggavfall"	"Biogassproduksjon"	"Henteordning"	.	.	.	.	.	.	.	.	.	.
"EAKUO Landet uten Oslo"	"2.13 Byggavfall"	"Biogassproduksjon"	"Gjenvinningsstasjon"	.	.	.	.	.	.	.	.	.	.
"EAKUO Landet uten Oslo"	"2.13 Byggavfall"	"Kompostering"	"I alt"	.	.	.	.	.	.	.	.	.	.
"EAKUO Landet uten Oslo"	"2.13 Byggavfall"	"Kompostering"	"Henteordning"	.	.	.	.	.	.	.	.	.	.
"EAKUO Landet uten Oslo"	"2.13 Byggavfall"	"Kompostering"	"Gjenvinningsstasjon"	.	.	.	.	.	.	.	.	.	.
"EAKUO Landet uten Oslo"	"2.13 Byggavfall"	"Annet"	"I alt"	.	.	.	65.0	81.3	675.0	106.0	617.0	547.0	228.0
"EAKUO Landet uten Oslo"	"2.13 Byggavfall"	"Annet"	"Henteordning"	.	.	.	.	.	.	.	.	.	.
"EAKUO Landet uten Oslo"	"2.13 Byggavfall"	"Annet"	"Gjenvinningsstasjon"	.	.	.	.	.	675.0	106.0	617.0	547.0	228.0
"EAKUO Landet uten Oslo"	"2.14 Forurensede/ lett forurensede masser"	"i alt"	"I alt"	.	.	.	.	.	28669.0	34687.0	38968.0	33892.0	30747.0
"EAKUO Landet uten Oslo"	"2.14 Forurensede/ lett forurensede masser"	"i alt"	"Henteordning"	.	.	.	.	.	.	.	.	.	.
"EAKUO Landet uten Oslo"	"2.14 Forurensede/ lett forurensede masser"	"i alt"	"Gjenvinningsstasjon"	.	.	.	.	.	28669.0	34687.0	38968.0	33892.0	30747.0
"EAKUO Landet uten Oslo"	"2.14 Forurensede/ lett forurensede masser"	"Materialgjenvinning"	"I alt"	.	.	.	.	.	9705.0	13354.0	15931.0	12998.0	13084.0
"EAKUO Landet uten Oslo"	"2.14 Forurensede/ lett forurensede masser"	"Materialgjenvinning"	"Henteordning"	.	.	.	.	.	.	.	.	.	.
"EAKUO Landet uten Oslo"	"2.14 Forurensede/ lett forurensede masser"	"Materialgjenvinning"	"Gjenvinningsstasjon"	.	.	.	.	.	9705.0	13354.0	15931.0	12998.0	13084.0
"EAKUO Landet uten Oslo"	"2.14 Forurensede/ lett forurensede masser"	"Forbrenning"	"I alt"	.	.	.	.	.	0.0	0.0	0.0	0.0	0.0
"EAKUO Landet uten Oslo"	"2.14 Forurensede/ lett forurensede masser"	"Forbrenning"	"Henteordning"	.	.	.	.	.	.	.	.	.	.
"EAKUO Landet uten Oslo"	"2.14 Forurensede/ lett forurensede masser"	"Forbrenning"	"Gjenvinningsstasjon"	.	.	.	.	.	0.0	0.0	0.0	0.0	0.0
"EAKUO Landet uten Oslo"	"2.14 Forurensede/ lett forurensede masser"	"Deponi"	"I alt"	.	.	.	.	.	18952.0	21333.0	23037.0	20894.0	17654.0
"EAKUO Landet uten Oslo"	"2.14 Forurensede/ lett forurensede masser"	"Deponi"	"Henteordning"	.	.	.	.	.	.	.	.	.	.
"EAKUO Landet uten Oslo"	"2.14 Forurensede/ lett forurensede masser"	"Deponi"	"Gjenvinningsstasjon"	.	.	.	.	.	18952.0	21333.0	23037.0	20894.0	17654.0
"EAKUO Landet uten Oslo"	"2.14 Forurensede/ lett forurensede masser"	"Biogassproduksjon"	"I alt"	.	.	.	.	.	.	.	.	.	.
"EAKUO Landet uten Oslo"	"2.14 Forurensede/ lett forurensede masser"	"Biogassproduksjon"	"Henteordning"	.	.	.	.	.	.	.	.	.	.
"EAKUO Landet uten Oslo"	"2.14 Forurensede/ lett forurensede masser"	"Biogassproduksjon"	"Gjenvinningsstasjon"	.	.	.	.	.	.	.	.	.	.
"EAKUO Landet uten Oslo"	"2.14 Forurensede/ lett forurensede masser"	"Kompostering"	"I alt"	.	.	.	.	.	.	.	.	.	.
"EAKUO Landet uten Oslo"	"2.14 Forurensede/ lett forurensede masser"	"Kompostering"	"Henteordning"	.	.	.	.	.	.	.	.	.	.
"EAKUO Landet uten Oslo"	"2.14 Forurensede/ lett forurensede masser"	"Kompostering"	"Gjenvinningsstasjon"	.	.	.	.	.	.	.	.	.	.
"EAKUO Landet uten Oslo"	"2.14 Forurensede/ lett forurensede masser"	"Annet"	"I alt"	.	.	.	.	.	12.0	0.0	0.0	0.0	9.0
"EAKUO Landet uten Oslo"	"2.14 Forurensede/ lett forurensede masser"	"Annet"	"Henteordning"	.	.	.	.	.	.	.	.	.	.
"EAKUO Landet uten Oslo"	"2.14 Forurensede/ lett forurensede masser"	"Annet"	"Gjenvinningsstasjon"	.	.	.	.	.	12.0	0.0	0.0	0.0	9.0
"EAKUO Landet uten Oslo"	"2.15 Gips"	"i alt"	"I alt"	.	.	.	.	.	16307.0	18233.0	16994.0	16902.0	16026.0
"EAKUO Landet uten Oslo"	"2.15 Gips"	"i alt"	"Henteordning"	.	.	.	.	.	.	.	.	.	.
"EAKUO Landet uten Oslo"	"2.15 Gips"	"i alt"	"Gjenvinningsstasjon"	.	.	.	.	.	16307.0	18233.0	16994.0	16902.0	16026.0
"EAKUO Landet uten Oslo"	"2.15 Gips"	"Materialgjenvinning"	"I alt"	.	.	.	.	.	13884.0	16055.0	15061.0	15211.0	14112.0
"EAKUO Landet uten Oslo"	"2.15 Gips"	"Materialgjenvinning"	"Henteordning"	.	.	.	.	.	.	.	.	.	.
"EAKUO Landet uten Oslo"	"2.15 Gips"	"Materialgjenvinning"	"Gjenvinningsstasjon"	.	.	.	.	.	13884.0	16055.0	15061.0	15211.0	14112.0
"EAKUO Landet uten Oslo"	"2.15 Gips"	"Forbrenning"	"I alt"	.	.	.	.	.	0.0	65.0	187.0	103.0	125.0
"EAKUO Landet uten Oslo"	"2.15 Gips"	"Forbrenning"	"Henteordning"	.	.	.	.	.	.	.	.	.	.
"EAKUO Landet uten Oslo"	"2.15 Gips"	"Forbrenning"	"Gjenvinningsstasjon"	.	.	.	.	.	0.0	65.0	187.0	103.0	125.0
"EAKUO Landet uten Oslo"	"2.15 Gips"	"Deponi"	"I alt"	.	.	.	.	.	2232.0	2104.0	1746.0	1588.0	1789.0
"EAKUO Landet uten Oslo"	"2.15 Gips"	"Deponi"	"Henteordning"	.	.	.	.	.	.	.	.	.	.
"EAKUO Landet uten Oslo"	"2.15 Gips"	"Deponi"	"Gjenvinningsstasjon"	.	.	.	.	.	2232.0	2104.0	1746.0	1588.0	1789.0
"EAKUO Landet uten Oslo"	"2.15 Gips"	"Biogassproduksjon"	"I alt"	.	.	.	.	.	.	.	.	.	.
"EAKUO Landet uten Oslo"	"2.15 Gips"	"Biogassproduksjon"	"Henteordning"	.	.	.	.	.	.	.	.	.	.
"EAKUO Landet uten Oslo"	"2.15 Gips"	"Biogassproduksjon"	"Gjenvinningsstasjon"	.	.	.	.	.	.	.	.	.	.
"EAKUO Landet uten Oslo"	"2.15 Gips"	"Kompostering"	"I alt"	.	.	.	.	.	.	.	.	.	.
"EAKUO Landet uten Oslo"	"2.15 Gips"	"Kompostering"	"Henteordning"	.	.	.	.	.	.	.	.	.	.
"EAKUO Landet uten Oslo"	"2.15 Gips"	"Kompostering"	"Gjenvinningsstasjon"	.	.	.	.	.	.	.	.	.	.
"EAKUO Landet uten Oslo"	"2.15 Gips"	"Annet"	"I alt"	.	.	.	.	.	191.0	9.0	0.0	0.0	0.0
"EAKUO Landet uten Oslo"	"2.15 Gips"	"Annet"	"Henteordning"	.	.	.	.	.	.	.	.	.	.
"EAKUO Landet uten Oslo"	"2.15 Gips"	"Annet"	"Gjenvinningsstasjon"	.	.	.	.	.	191.0	9.0	0.0	0.0	0.0
"EAKUO Landet uten Oslo"	"2.16 Bildekk"	"i alt"	"I alt"	.	.	.	.	.	3697.0	4071.0	3661.0	3679.0	3532.0
"EAKUO Landet uten Oslo"	"2.16 Bildekk"	"i alt"	"Henteordning"	.	.	.	.	.	.	.	.	.	.
"EAKUO Landet uten Oslo"	"2.16 Bildekk"	"i alt"	"Gjenvinningsstasjon"	.	.	.	.	.	3697.0	4071.0	3661.0	3679.0	3532.0
"EAKUO Landet uten Oslo"	"2.16 Bildekk"	"Materialgjenvinning"	"I alt"	.	.	.	.	.	3148.0	3566.0	2999.0	3345.0	3076.0
"EAKUO Landet uten Oslo"	"2.16 Bildekk"	"Materialgjenvinning"	"Henteordning"	.	.	.	.	.	.	.	.	.	.
"EAKUO Landet uten Oslo"	"2.16 Bildekk"	"Materialgjenvinning"	"Gjenvinningsstasjon"	.	.	.	.	.	3148.0	3566.0	2999.0	3345.0	3076.0
"EAKUO Landet uten Oslo"	"2.16 Bildekk"	"Forbrenning"	"I alt"	.	.	.	.	.	395.0	451.0	610.0	290.0	411.0
"EAKUO Landet uten Oslo"	"2.16 Bildekk"	"Forbrenning"	"Henteordning"	.	.	.	.	.	.	.	.	.	.
"EAKUO Landet uten Oslo"	"2.16 Bildekk"	"Forbrenning"	"Gjenvinningsstasjon"	.	.	.	.	.	395.0	451.0	610.0	290.0	411.0
"EAKUO Landet uten Oslo"	"2.16 Bildekk"	"Deponi"	"I alt"	.	.	.	.	.	97.0	5.0	0.0	0.0	0.0
"EAKUO Landet uten Oslo"	"2.16 Bildekk"	"Deponi"	"Henteordning"	.	.	.	.	.	.	.	.	.	.
"EAKUO Landet uten Oslo"	"2.16 Bildekk"	"Deponi"	"Gjenvinningsstasjon"	.	.	.	.	.	97.0	5.0	0.0	0.0	0.0
"EAKUO Landet uten Oslo"	"2.16 Bildekk"	"Biogassproduksjon"	"I alt"	.	.	.	.	.	.	.	.	.	.
"EAKUO Landet uten Oslo"	"2.16 Bildekk"	"Biogassproduksjon"	"Henteordning"	.	.	.	.	.	.	.	.	.	.
"EAKUO Landet uten Oslo"	"2.16 Bildekk"	"Biogassproduksjon"	"Gjenvinningsstasjon"	.	.	.	.	.	.	.	.	.	.
"EAKUO Landet uten Oslo"	"2.16 Bildekk"	"Kompostering"	"I alt"	.	.	.	.	.	.	.	.	.	.
"EAKUO Landet uten Oslo"	"2.16 Bildekk"	"Kompostering"	"Henteordning"	.	.	.	.	.	.	.	.	.	.
"EAKUO Landet uten Oslo"	"2.16 Bildekk"	"Kompostering"	"Gjenvinningsstasjon"	.	.	.	.	.	.	.	.	.	.
"EAKUO Landet uten Oslo"	"2.16 Bildekk"	"Annet"	"I alt"	.	.	.	.	.	57.0	49.0	52.0	44.0	45.0
"EAKUO Landet uten Oslo"	"2.16 Bildekk"	"Annet"	"Henteordning"	.	.	.	.	.	.	.	.	.	.
"EAKUO Landet uten Oslo"	"2.16 Bildekk"	"Annet"	"Gjenvinningsstasjon"	.	.	.	.	.	57.0	49.0	52.0	44.0	45.0
