"materialtype"	"behandlingsmåte"	"Avfallsmengde 2015"	"Avfallsmengde 2022"
"I alt, uten lett forurensede masser"	"Avfallsbehandling i alt"	893	1210
"I alt, uten lett forurensede masser"	"Levert til materialgjenvinning"	398	425
"I alt, uten lett forurensede masser"	"Levert til kompostering"	23	5
"I alt, uten lett forurensede masser"	"Levert til biogassbehandling"	70	40
"I alt, uten lett forurensede masser"	"Levert til forbrenning"	128	278
"I alt, uten lett forurensede masser"	"Brukt som fyll- og/eller dekkmasse"	9	8
"I alt, uten lett forurensede masser"	"Levert til deponering"	125	154
"I alt, uten lett forurensede masser"	"Annen behandling"	42	120
"I alt, uten lett forurensede masser"	"Levert til ukjent behandling"	97	179
"Våtorganisk avfall"	"Avfallsbehandling i alt"	117	77
"Våtorganisk avfall"	"Levert til materialgjenvinning"	25	8
"Våtorganisk avfall"	"Levert til kompostering"	16	2
"Våtorganisk avfall"	"Levert til biogassbehandling"	53	12
"Våtorganisk avfall"	"Levert til forbrenning"	16	33
"Våtorganisk avfall"	"Brukt som fyll- og/eller dekkmasse"	0	0
"Våtorganisk avfall"	"Levert til deponering"	2	3
"Våtorganisk avfall"	"Annen behandling"	5	13
"Våtorganisk avfall"	"Levert til ukjent behandling"	0	7
"Park- og hageavfall"	"Avfallsbehandling i alt"	0	3
"Park- og hageavfall"	"Levert til materialgjenvinning"	0	0
"Park- og hageavfall"	"Levert til kompostering"	0	0
"Park- og hageavfall"	"Levert til biogassbehandling"	0	0
"Park- og hageavfall"	"Levert til forbrenning"	0	2
"Park- og hageavfall"	"Brukt som fyll- og/eller dekkmasse"	0	0
"Park- og hageavfall"	"Levert til deponering"	0	0
"Park- og hageavfall"	"Annen behandling"	0	0
"Park- og hageavfall"	"Levert til ukjent behandling"	0	0
"Treavfall"	"Avfallsbehandling i alt"	66	126
"Treavfall"	"Levert til materialgjenvinning"	25	51
"Treavfall"	"Levert til kompostering"	1	0
"Treavfall"	"Levert til biogassbehandling"	0	0
"Treavfall"	"Levert til forbrenning"	36	55
"Treavfall"	"Brukt som fyll- og/eller dekkmasse"	0	0
"Treavfall"	"Levert til deponering"	1	1
"Treavfall"	"Annen behandling"	3	4
"Treavfall"	"Levert til ukjent behandling"	0	15
"Organisk slam, tørrstoff"	"Avfallsbehandling i alt"	62	122
"Organisk slam, tørrstoff"	"Levert til materialgjenvinning"	18	21
"Organisk slam, tørrstoff"	"Levert til kompostering"	2	2
"Organisk slam, tørrstoff"	"Levert til biogassbehandling"	15	20
"Organisk slam, tørrstoff"	"Levert til forbrenning"	15	76
"Organisk slam, tørrstoff"	"Brukt som fyll- og/eller dekkmasse"	0	0
"Organisk slam, tørrstoff"	"Levert til deponering"	12	1
"Organisk slam, tørrstoff"	"Annen behandling"	0	2
"Organisk slam, tørrstoff"	"Levert til ukjent behandling"	0	0
"Papir, papp og kartong"	"Avfallsbehandling i alt"	88	82
"Papir, papp og kartong"	"Levert til materialgjenvinning"	77	61
"Papir, papp og kartong"	"Levert til kompostering"	0	0
"Papir, papp og kartong"	"Levert til biogassbehandling"	0	0
"Papir, papp og kartong"	"Levert til forbrenning"	3	6
"Papir, papp og kartong"	"Brukt som fyll- og/eller dekkmasse"	0	0
"Papir, papp og kartong"	"Levert til deponering"	1	1
"Papir, papp og kartong"	"Annen behandling"	7	1
"Papir, papp og kartong"	"Levert til ukjent behandling"	0	14
"Glass"	"Avfallsbehandling i alt"	16	19
"Glass"	"Levert til materialgjenvinning"	15	7
"Glass"	"Levert til kompostering"	0	0
"Glass"	"Levert til biogassbehandling"	0	0
"Glass"	"Levert til forbrenning"	0	0
"Glass"	"Brukt som fyll- og/eller dekkmasse"	0	0
"Glass"	"Levert til deponering"	1	9
"Glass"	"Annen behandling"	0	0
"Glass"	"Levert til ukjent behandling"	0	4
"Metall"	"Avfallsbehandling i alt"	129	190
"Metall"	"Levert til materialgjenvinning"	124	161
"Metall"	"Levert til kompostering"	0	0
"Metall"	"Levert til biogassbehandling"	0	0
"Metall"	"Levert til forbrenning"	0	1
"Metall"	"Brukt som fyll- og/eller dekkmasse"	0	0
"Metall"	"Levert til deponering"	0	1
"Metall"	"Annen behandling"	5	1
"Metall"	"Levert til ukjent behandling"	0	25
"EE-avfall"	"Avfallsbehandling i alt"	7	7
"EE-avfall"	"Levert til materialgjenvinning"	6	4
"EE-avfall"	"Levert til kompostering"	0	0
"EE-avfall"	"Levert til biogassbehandling"	0	0
"EE-avfall"	"Levert til forbrenning"	0	0
"EE-avfall"	"Brukt som fyll- og/eller dekkmasse"	0	0
"EE-avfall"	"Levert til deponering"	0	1
"EE-avfall"	"Annen behandling"	0	0
"EE-avfall"	"Levert til ukjent behandling"	0	2
"Plast"	"Avfallsbehandling i alt"	31	36
"Plast"	"Levert til materialgjenvinning"	27	26
"Plast"	"Levert til kompostering"	0	0
"Plast"	"Levert til biogassbehandling"	0	0
"Plast"	"Levert til forbrenning"	4	4
"Plast"	"Brukt som fyll- og/eller dekkmasse"	0	0
"Plast"	"Levert til deponering"	0	1
"Plast"	"Annen behandling"	0	0
"Plast"	"Levert til ukjent behandling"	0	5
"Gummi"	"Avfallsbehandling i alt"	1	13
"Gummi"	"Levert til materialgjenvinning"	1	2
"Gummi"	"Levert til kompostering"	0	0
"Gummi"	"Levert til biogassbehandling"	0	0
"Gummi"	"Levert til forbrenning"	0	0
"Gummi"	"Brukt som fyll- og/eller dekkmasse"	0	0
"Gummi"	"Levert til deponering"	0	0
"Gummi"	"Annen behandling"	0	0
"Gummi"	"Levert til ukjent behandling"	0	12
"Tekstiler"	"Avfallsbehandling i alt"	0	1
"Tekstiler"	"Levert til materialgjenvinning"	0	0
"Tekstiler"	"Levert til kompostering"	0	0
"Tekstiler"	"Levert til biogassbehandling"	0	0
"Tekstiler"	"Levert til forbrenning"	0	0
"Tekstiler"	"Brukt som fyll- og/eller dekkmasse"	0	0
"Tekstiler"	"Levert til deponering"	0	0
"Tekstiler"	"Annen behandling"	0	0
"Tekstiler"	"Levert til ukjent behandling"	0	0
"Betong og tegl"	"Avfallsbehandling i alt"	39	112
"Betong og tegl"	"Levert til materialgjenvinning"	20	22
"Betong og tegl"	"Levert til kompostering"	0	0
"Betong og tegl"	"Levert til biogassbehandling"	0	0
"Betong og tegl"	"Levert til forbrenning"	0	0
"Betong og tegl"	"Brukt som fyll- og/eller dekkmasse"	8	7
"Betong og tegl"	"Levert til deponering"	11	49
"Betong og tegl"	"Annen behandling"	1	22
"Betong og tegl"	"Levert til ukjent behandling"	0	11
"Slagg, støv, bunnaske, flygeaske"	"Avfallsbehandling i alt"	63	48
"Slagg, støv, bunnaske, flygeaske"	"Levert til materialgjenvinning"	3	11
"Slagg, støv, bunnaske, flygeaske"	"Levert til kompostering"	0	0
"Slagg, støv, bunnaske, flygeaske"	"Levert til biogassbehandling"	0	0
"Slagg, støv, bunnaske, flygeaske"	"Levert til forbrenning"	0	0
"Slagg, støv, bunnaske, flygeaske"	"Brukt som fyll- og/eller dekkmasse"	0	0
"Slagg, støv, bunnaske, flygeaske"	"Levert til deponering"	59	27
"Slagg, støv, bunnaske, flygeaske"	"Annen behandling"	0	10
"Slagg, støv, bunnaske, flygeaske"	"Levert til ukjent behandling"	0	1
"Uorganisk slam, tørrstoff"	"Avfallsbehandling i alt"	18	36
"Uorganisk slam, tørrstoff"	"Levert til materialgjenvinning"	6	1
"Uorganisk slam, tørrstoff"	"Levert til kompostering"	0	0
"Uorganisk slam, tørrstoff"	"Levert til biogassbehandling"	0	0
"Uorganisk slam, tørrstoff"	"Levert til forbrenning"	6	0
"Uorganisk slam, tørrstoff"	"Brukt som fyll- og/eller dekkmasse"	0	0
"Uorganisk slam, tørrstoff"	"Levert til deponering"	5	9
"Uorganisk slam, tørrstoff"	"Annen behandling"	0	25
"Uorganisk slam, tørrstoff"	"Levert til ukjent behandling"	0	0
"Andre materialer"	"Avfallsbehandling i alt"	93	98
"Andre materialer"	"Levert til materialgjenvinning"	50	23
"Andre materialer"	"Levert til kompostering"	4	0
"Andre materialer"	"Levert til biogassbehandling"	0	1
"Andre materialer"	"Levert til forbrenning"	6	3
"Andre materialer"	"Brukt som fyll- og/eller dekkmasse"	1	0
"Andre materialer"	"Levert til deponering"	25	33
"Andre materialer"	"Annen behandling"	7	33
"Andre materialer"	"Levert til ukjent behandling"	0	5
"Blandet avfall"	"Avfallsbehandling i alt"	162	240
"Blandet avfall"	"Levert til materialgjenvinning"	0	27
"Blandet avfall"	"Levert til kompostering"	0	1
"Blandet avfall"	"Levert til biogassbehandling"	2	7
"Blandet avfall"	"Levert til forbrenning"	42	96
"Blandet avfall"	"Brukt som fyll- og/eller dekkmasse"	0	1
"Blandet avfall"	"Levert til deponering"	8	19
"Blandet avfall"	"Annen behandling"	14	10
"Blandet avfall"	"Levert til ukjent behandling"	97	78
"Lett forurensede masser"	"Avfallsbehandling i alt"	13	12
"Lett forurensede masser"	"Levert til materialgjenvinning"	1	1
"Lett forurensede masser"	"Levert til kompostering"	0	0
"Lett forurensede masser"	"Levert til biogassbehandling"	0	0
"Lett forurensede masser"	"Levert til forbrenning"	0	0
"Lett forurensede masser"	"Brukt som fyll- og/eller dekkmasse"	1	1
"Lett forurensede masser"	"Levert til deponering"	11	1
"Lett forurensede masser"	"Annen behandling"	0	9
"Lett forurensede masser"	"Levert til ukjent behandling"	0	1
