username,firstname,lastname,email,password
teststud1,Liam,Smith,testuser1@example.com,TestP@assword123
teststud2,Emma,Johnson,testuser2@example.com,TestP@assword123
teststud3,Noah,Williams,testuser3@example.com,TestP@assword123
teststud4,Olivia,Brown,testuser4@example.com,TestP@assword123
teststud5,Elijah,Jones,testuser5@example.com,TestP@assword123
teststud6,Ava,Garcia,testuser6@example.com,TestP@assword123
teststud7,James,Miller,testuser7@example.com,TestP@assword123
teststud8,Isabella,Davis,testuser8@example.com,TestP@assword123
teststud9,William,Rodriguez,testuser9@example.com,TestP@assword123
teststud10,Sophia,Martinez,testuser10@example.com,TestP@assword123
teststud11,Benjamin,Hernandez,testuser11@example.com,TestP@assword123
teststud12,Mia,Lopez,testuser12@example.com,TestP@assword123
teststud13,Lucas,Gonzalez,testuser13@example.com,TestP@assword123
teststud14,Charlotte,Wilson,testuser14@example.com,TestP@assword123
teststud15,Henry,Anderson,testuser15@example.com,TestP@assword123
teststud16,Amelia,Thomas,testuser16@example.com,TestP@assword123
teststud17,Alexander,Taylor,testuser17@example.com,TestP@assword123
teststud18,Harper,Moore,testuser18@example.com,TestP@assword123
teststud19,Mason,Jackson,testuser19@example.com,TestP@assword123
teststud20,Evelyn,Martin,testuser20@example.com,TestP@assword123
teststud21,Michael,Lee,testuser21@example.com,TestP@assword123
teststud22,Abigail,Perez,testuser22@example.com,TestP@assword123
teststud23,Ethan,Thompson,testuser23@example.com,TestP@assword123
teststud24,Emily,White,testuser24@example.com,TestP@assword123
teststud25,Daniel,Harris,testuser25@example.com,TestP@assword123
teststud26,Ella,Sanchez,testuser26@example.com,TestP@assword123
teststud27,Jacob,Clark,testuser27@example.com,TestP@assword123
teststud28,Elizabeth,Ramirez,testuser28@example.com,TestP@assword123
teststud29,Logan,Lewis,testuser29@example.com,TestP@assword123
teststud30,Camila,Robinson,testuser30@example.com,TestP@assword123
teststud31,Jackson,Walker,testuser31@example.com,TestP@assword123
teststud32,Luna,Young,testuser32@example.com,TestP@assword123
teststud33,Levi,Allen,testuser33@example.com,TestP@assword123
teststud34,Sofia,King,testuser34@example.com,TestP@assword123
teststud35,Sebastian,Wright,testuser35@example.com,TestP@assword123
teststud36,Avery,Scott,testuser36@example.com,TestP@assword123
teststud37,Mateo,Torres,testuser37@example.com,TestP@assword123
teststud38,Mila,Nguyen,testuser38@example.com,TestP@assword123
teststud39,Jack,Hill,testuser39@example.com,TestP@assword123
teststud40,Aria,Flores,testuser40@example.com,TestP@assword123
teststud41,Owen,Green,testuser41@example.com,TestP@assword123
teststud42,Scarlett,Adams,testuser42@example.com,TestP@assword123
teststud43,Theodore,Nelson,testuser43@example.com,TestP@assword123
teststud44,Penelope,Baker,testuser44@example.com,TestP@assword123
teststud45,Aiden,Hall,testuser45@example.com,TestP@assword123
teststud46,Layla,Rivera,testuser46@example.com,TestP@assword123
teststud47,Samuel,Campbell,testuser47@example.com,TestP@assword123
teststud48,Chloe,Mitchell,testuser48@example.com,TestP@assword123
teststud49,Joseph,Carter,testuser49@example.com,TestP@assword123
teststud50,Victoria,Roberts,testuser50@example.com,TestP@assword123
teststud51,John,Gomez,testuser51@example.com,TestP@assword123
teststud52,Riley,Phillips,testuser52@example.com,TestP@assword123
teststud53,David,Evans,testuser53@example.com,TestP@assword123
teststud54,Nora,Turner,testuser54@example.com,TestP@assword123
teststud55,Wyatt,Diaz,testuser55@example.com,TestP@assword123
teststud56,Zoey,Parker,testuser56@example.com,TestP@assword123
teststud57,Matthew,Cruz,testuser57@example.com,TestP@assword123
teststud58,Lily,Edwards,testuser58@example.com,TestP@assword123
teststud59,Luke,Collins,testuser59@example.com,TestP@assword123
teststud60,Eleanor,Reyes,testuser60@example.com,TestP@assword123
teststud61,Asher,Stewart,testuser61@example.com,TestP@assword123
teststud62,Hannah,Morris,testuser62@example.com,TestP@assword123
teststud63,Carter,Morales,testuser63@example.com,TestP@assword123
teststud64,Lillian,Murphy,testuser64@example.com,TestP@assword123
teststud65,Julian,Cook,testuser65@example.com,TestP@assword123
teststud66,Addison,Rogers,testuser66@example.com,TestP@assword123
teststud67,Grayson,Gutierrez,testuser67@example.com,TestP@assword123
teststud68,Aubrey,Ortiz,testuser68@example.com,TestP@assword123
teststud69,Leo,Morgan,testuser69@example.com,TestP@assword123
teststud70,Ellie,Cooper,testuser70@example.com,TestP@assword123
teststud71,Jayden,Peterson,testuser71@example.com,TestP@assword123
teststud72,Stella,Bailey,testuser72@example.com,TestP@assword123
teststud73,Gabriel,Reed,testuser73@example.com,TestP@assword123
teststud74,Natalie,Kelly,testuser74@example.com,TestP@assword123
teststud75,Isaac,Howard,testuser75@example.com,TestP@assword123
teststud76,Zoe,Ramos,testuser76@example.com,TestP@assword123
teststud77,Lincoln,Kim,testuser77@example.com,TestP@assword123
teststud78,Leah,Cox,testuser78@example.com,TestP@assword123
teststud79,Anthony,Ward,testuser79@example.com,TestP@assword123
teststud80,Hazel,Richardson,testuser80@example.com,TestP@assword123
teststud81,Hudson,Watson,testuser81@example.com,TestP@assword123
teststud82,Violet,Brooks,testuser82@example.com,TestP@assword123
teststud83,Dylan,Chavez,testuser83@example.com,TestP@assword123
teststud84,Aurora,Wood,testuser84@example.com,TestP@assword123
teststud85,Ezra,James,testuser85@example.com,TestP@assword123
teststud86,Savannah,Bennett,testuser86@example.com,TestP@assword123
teststud87,Thomas,Gray,testuser87@example.com,TestP@assword123
teststud88,Audrey,Mendoza,testuser88@example.com,TestP@assword123
teststud89,Charles,Ruiz,testuser89@example.com,TestP@assword123
teststud90,Brooklyn,Hughes,testuser90@example.com,TestP@assword123
teststud91,Christopher,Price,testuser91@example.com,TestP@assword123
teststud92,Bella,Alvarez,testuser92@example.com,TestP@assword123
teststud93,Jaxon,Castillo,testuser93@example.com,TestP@assword123
teststud94,Claire,Sanders,testuser94@example.com,TestP@assword123
teststud95,Maverick,Patel,testuser95@example.com,TestP@assword123
teststud96,Skylar,Myers,testuser96@example.com,TestP@assword123
teststud97,Josiah,Long,testuser97@example.com,TestP@assword123
teststud98,Lucy,Ross,testuser98@example.com,TestP@assword123
teststud99,Isaiah,Foster,testuser99@example.com,TestP@assword123
teststud100,Paisley,Jimenez,testuser100@example.com,TestP@assword123
teststud101,Andrew,Powell,testuser101@example.com,TestP@assword123
teststud102,Everly,Jenkins,testuser102@example.com,TestP@assword123
teststud103,Eli,Perry,testuser103@example.com,TestP@assword123
teststud104,Anna,Russell,testuser104@example.com,TestP@assword123
