groupname,description,groupidnumber
Strategic Synergy,"Medstudentvurdering Del 1, gruppe 1",gruppe1
Market Mavericks,"Medstudentvurdering Del 1, gruppe 2",gruppe2
Brand Innovators,"Medstudentvurdering Del 1, gruppe 3",gruppe3
The Brain Trust,"Medstudentvurdering Del 1, gruppe 4",gruppe4
Insight Architects,"Medstudentvurdering Del 1, gruppe 5",gruppe5
Data Drivers,"Medstudentvurdering Del 1, gruppe 6",gruppe6
Visionary Vanguard,"Medstudentvurdering Del 1, gruppe 7",gruppe7
The Trend Setters,"Medstudentvurdering Del 1, gruppe 8",gruppe8
Profit Prophets,"Medstudentvurdering Del 1, gruppe 9",gruppe9
The Pivot Masters,"Medstudentvurdering Del 1, gruppe 10",gruppe10
Brand Ambassadors,"Medstudentvurdering Del 1, gruppe 11",gruppe11
Growth Gurus,"Medstudentvurdering Del 1, gruppe 12",gruppe12
The Bottom Line Brigade,"Medstudentvurdering Del 1, gruppe 13",gruppe13
Conversion Catalysts,"Medstudentvurdering Del 1, gruppe 14",gruppe14
Revenue Architects,"Medstudentvurdering Del 1, gruppe 15",gruppe15
Market Mechanics,"Medstudentvurdering Del 1, gruppe 16",gruppe16
Agile Achievers,"Medstudentvurdering Del 1, gruppe 17",gruppe17
The Value Builders,"Medstudentvurdering Del 1, gruppe 18",gruppe18
Marketing Maestros,"Medstudentvurdering Del 1, gruppe 19",gruppe19
The Demand Drivers,"Medstudentvurdering Del 1, gruppe 20",gruppe20
Creative Catalysts,"Medstudentvurdering Del 1, gruppe 21",gruppe21
The ROI Wranglers,"Medstudentvurdering Del 1, gruppe 22",gruppe22
Sales Strategists,"Medstudentvurdering Del 1, gruppe 23",gruppe23
The Profit Pros,"Medstudentvurdering Del 1, gruppe 24",gruppe24
Revenue Rangers,"Medstudentvurdering Del 1, gruppe 25",gruppe25
Efficiency Experts,"Medstudentvurdering Del 1, gruppe 26",gruppe26
The Conversion Crew,"Medstudentvurdering Del 1, gruppe 27",gruppe27
Solution Specialists,"Medstudentvurdering Del 1, gruppe 28",gruppe28
Growth Geeks,"Medstudentvurdering Del 1, gruppe 29",gruppe29
The Success Squad,"Medstudentvurdering Del 1, gruppe 30",gruppe30
Branding Brigade,"Medstudentvurdering Del 1, gruppe 31",gruppe31
The Data Analysts,"Medstudentvurdering Del 1, gruppe 32",gruppe32
Idea Engineers,"Medstudentvurdering Del 1, gruppe 33",gruppe33
The Competitive Edge,"Medstudentvurdering Del 1, gruppe 34",gruppe34
Conversion Crushers,"Medstudentvurdering Del 1, gruppe 35",gruppe35
Digital Dominators,"Medstudentvurdering Del 1, gruppe 36",gruppe36
Market Magicians,"Medstudentvurdering Del 1, gruppe 37",gruppe37
Profit Engineers,"Medstudentvurdering Del 1, gruppe 38",gruppe38
Visionary Ventures,"Medstudentvurdering Del 1, gruppe 39",gruppe39
Trend Transformers,"Medstudentvurdering Del 1, gruppe 40",gruppe40
