"13760: Arbeidsstyrken, sysselsatte, arbeidsledige  og utførte ukeverk for personer 15-74 år, etter måned, statistikkvariabel, type justering og alder"
"måned";"Arbeidsstyrken (1000 personer) Ikke sesongjustert 15-74 år";"Arbeidsstyrken (1000 personer) Ikke sesongjustert 15-24 år";"Arbeidsstyrken (1000 personer) Ikke sesongjustert 25-74 år";"Sysselsatte (1000 personer) Ikke sesongjustert 15-74 år";"Sysselsatte (1000 personer) Ikke sesongjustert 15-24 år";"Sysselsatte (1000 personer) Ikke sesongjustert 25-74 år";"Arbeidsledige (1000 personer) Ikke sesongjustert 15-74 år";"Arbeidsledige (1000 personer) Ikke sesongjustert 15-24 år";"Arbeidsledige (1000 personer) Ikke sesongjustert 25-74 år"
"2006M01";2434;331;2103;2331;294;2037;103;37;66
"2006M02";2429;341;2088;2326;302;2024;103;39;64
"2006M03";2420;331;2090;2324;288;2037;96;43;53
"2006M04";2450;341;2109;2352;298;2053;99;43;56
"2006M05";2459;338;2121;2359;291;2067;100;46;54
"2006M06";2495;388;2108;2386;334;2053;109;54;55
"2006M07";2508;394;2114;2428;362;2066;80;32;48
"2006M08";2477;360;2118;2387;319;2068;91;41;50
"2006M09";2458;337;2121;2372;299;2072;86;38;48
"2006M10";2487;345;2142;2419;321;2098;69;24;45
"2006M11";2475;339;2136;2407;304;2103;68;34;33
"2006M12";2455;337;2118;2398;315;2084;57;22;35
"2007M01";2477;349;2128;2402;310;2092;75;39;36
"2007M02";2490;334;2156;2420;301;2118;71;33;38
"2007M03";2490;355;2135;2418;321;2096;72;34;39
"2007M04";2488;344;2145;2417;309;2108;71;34;37
"2007M05";2525;364;2161;2452;328;2124;73;37;36
"2007M06";2561;402;2159;2483;357;2126;77;44;33
"2007M07";2555;403;2151;2484;374;2111;70;30;41
"2007M08";2539;372;2167;2469;341;2129;70;32;38
"2007M09";2511;364;2147;2446;326;2121;65;38;27
"2007M10";2555;365;2189;2486;336;2150;69;29;40
"2007M11";2567;382;2185;2507;352;2155;60;30;30
"2007M12";2535;359;2176;2486;337;2149;49;22;27
"2008M01";2556;375;2181;2484;341;2143;73;35;38
"2008M02";2588;392;2196;2522;361;2161;66;31;35
"2008M03";2576;383;2192;2507;345;2161;69;38;31
"2008M04";2575;364;2211;2505;331;2174;70;33;37
"2008M05";2615;400;2215;2538;362;2176;77;38;39
"2008M06";2636;429;2207;2545;376;2169;91;53;38
"2008M07";2630;432;2198;2555;396;2159;76;37;39
"2008M08";2621;386;2235;2546;349;2197;75;36;38
"2008M09";2606;385;2221;2518;340;2178;87;45;43
"2008M10";2586;374;2212;2505;337;2168;81;36;44
"2008M11";2610;381;2229;2537;346;2192;73;35;38
"2008M12";2601;384;2217;2528;347;2181;74;37;37
"2009M01";2585;368;2218;2502;330;2173;83;38;45
"2009M02";2607;373;2233;2520;332;2188;86;41;46
"2009M03";2621;381;2241;2532;340;2192;89;40;48
"2009M04";2606;367;2239;2512;328;2184;95;39;55
"2009M05";2634;384;2251;2536;335;2200;99;48;50
"2009M06";2655;433;2221;2550;374;2176;105;60;45
"2009M07";2629;409;2221;2546;368;2178;83;40;43
"2009M08";2601;375;2226;2507;333;2174;94;42;52
"2009M09";2572;362;2210;2482;315;2167;90;47;43
"2009M10";2596;365;2231;2510;329;2181;86;36;50
"2009M11";2599;363;2237;2504;321;2183;95;42;53
"2009M12";2559;352;2207;2482;321;2162;76;31;45
"2010M01";2596;370;2227;2496;328;2169;100;42;58
"2010M02";2612;366;2246;2510;326;2183;103;40;63
"2010M03";2597;363;2234;2475;313;2163;122;50;71
"2010M04";2592;362;2229;2489;318;2171;102;44;58
"2010M05";2633;379;2254;2523;330;2193;110;49;61
"2010M06";2680;425;2255;2555;357;2198;125;68;57
"2010M07";2652;394;2259;2560;364;2196;93;30;63
"2010M08";2611;374;2237;2512;332;2181;98;42;56
"2010M09";2618;374;2244;2512;330;2181;106;43;63
"2010M10";2623;370;2253;2526;328;2198;97;42;55
"2010M11";2628;372;2255;2541;333;2209;87;40;47
"2010M12";2613;379;2234;2515;337;2178;98;41;56
"2011M01";2598;362;2236;2513;324;2190;85;38;47
"2011M02";2623;360;2263;2535;321;2213;88;38;50
"2011M03";2637;383;2254;2534;337;2198;102;46;56
"2011M04";2638;369;2269;2538;333;2205;99;36;63
"2011M05";2673;385;2288;2575;338;2237;99;47;52
"2011M06";2681;402;2279;2575;353;2221;106;49;58
"2011M07";2686;421;2266;2598;384;2213;89;36;52
"2011M08";2665;381;2284;2567;336;2231;98;45;53
"2011M09";2668;380;2288;2574;338;2235;95;42;53
"2011M10";2665;389;2276;2566;344;2223;99;45;53
"2011M11";2662;377;2285;2573;340;2233;89;37;52
"2011M12";2674;382;2292;2591;353;2238;83;29;54
"2012M01";2665;381;2284;2562;339;2223;103;42;61
"2012M02";2675;380;2296;2577;343;2234;98;37;61
"2012M03";2684;385;2299;2601;351;2250;83;34;48
"2012M04";2680;383;2298;2586;341;2245;94;41;53
"2012M05";2718;411;2307;2620;362;2258;99;49;49
"2012M06";2723;418;2304;2627;371;2256;96;47;49
"2012M07";2705;425;2280;2615;382;2233;90;43;47
"2012M08";2699;401;2298;2611;361;2250;88;40;49
"2012M09";2710;390;2319;2616;345;2271;93;45;48
"2012M10";2710;394;2316;2611;349;2262;99;45;54
"2012M11";2701;402;2299;2608;358;2250;93;44;48
"2012M12";2701;387;2314;2609;351;2257;92;35;57
"2013M01";2687;396;2291;2584;350;2234;103;46;57
"2013M02";2701;395;2306;2594;347;2247;108;48;59
"2013M03";2729;400;2329;2615;354;2261;114;46;68
"2013M04";2714;391;2323;2603;347;2256;111;44;67
"2013M05";2719;390;2330;2610;342;2268;109;47;62
"2013M06";2763;428;2335;2652;375;2277;110;53;57
"2013M07";2770;428;2343;2671;390;2281;99;38;61
"2013M08";2746;402;2344;2631;350;2281;116;53;63
"2013M09";2732;388;2344;2621;344;2277;110;44;66
"2013M10";2732;384;2347;2638;348;2289;94;36;58
"2013M11";2752;404;2347;2648;358;2290;104;46;58
"2013M12";2725;381;2343;2613;336;2277;111;45;66
"2014M01";2716;378;2338;2604;336;2268;112;42;70
"2014M02";2718;377;2341;2630;351;2279;88;26;62
"2014M03";2728;378;2351;2614;333;2282;114;45;69
"2014M04";2754;392;2362;2654;353;2301;100;39;61
"2014M05";2749;381;2368;2655;343;2312;93;38;56
"2014M06";2778;403;2376;2678;359;2319;101;44;57
"2014M07";2775;403;2372;2662;362;2300;113;41;72
"2014M08";2771;395;2376;2672;359;2313;99;36;63
"2014M09";2745;372;2373;2628;330;2297;117;42;75
"2014M10";2743;373;2370;2638;334;2304;105;39;66
"2014M11";2753;365;2388;2648;330;2318;105;35;70
"2014M12";2771;384;2386;2670;353;2317;100;31;70
"2015M01";2765;383;2382;2644;334;2309;121;48;73
"2015M02";2768;381;2386;2638;341;2297;130;41;89
"2015M03";2778;389;2389;2645;344;2301;133;45;88
"2015M04";2773;390;2383;2646;343;2304;127;48;79
"2015M05";2807;400;2407;2684;350;2334;123;51;73
"2015M06";2850;437;2413;2708;374;2334;141;62;79
"2015M07";2802;430;2372;2657;373;2284;145;57;88
"2015M08";2801;393;2408;2684;347;2337;117;46;71
"2015M09";2802;384;2418;2664;332;2332;138;52;86
"2015M10";2772;368;2403;2638;324;2314;133;44;89
"2015M11";2790;381;2408;2669;342;2327;120;39;81
"2015M12";2796;384;2412;2657;338;2319;139;46;93
"2016M01";2793;392;2400;2653;336;2316;140;56;84
"2016M02";2812;384;2428;2655;334;2321;156;50;107
"2016M03";2778;379;2399;2635;327;2308;143;52;91
"2016M04";2783;377;2406;2643;320;2324;140;58;82
"2016M05";2810;383;2427;2669;327;2342;142;56;86
"2016M06";2824;408;2416;2687;353;2334;137;55;82
"2016M07";2831;413;2418;2692;364;2328;138;48;90
"2016M08";2833;399;2435;2687;350;2337;146;48;98
"2016M09";2781;373;2408;2645;323;2322;136;50;86
"2016M10";2810;376;2434;2679;339;2340;131;37;94
"2016M11";2792;382;2410;2662;327;2335;130;55;75
"2016M12";2725;355;2370;2617;315;2302;108;39;69
"2017M01";2786;363;2422;2670;325;2344;116;38;78
"2017M02";2757;361;2396;2633;311;2322;124;50;74
"2017M03";2767;370;2397;2628;316;2311;140;53;86
"2017M04";2801;373;2428;2671;328;2344;129;45;84
"2017M05";2786;373;2414;2657;321;2337;129;52;77
"2017M06";2833;405;2428;2698;340;2358;135;65;69
"2017M07";2809;406;2403;2694;364;2330;115;43;73
"2017M08";2806;383;2423;2684;337;2347;121;46;75
"2017M09";2780;378;2403;2658;324;2334;122;54;68
"2017M10";2794;379;2415;2687;344;2344;107;36;72
"2017M11";2799;377;2422;2690;332;2358;109;45;64
"2017M12";2758;363;2395;2640;321;2319;118;42;76
"2018M01";2791;363;2428;2679;325;2354;112;37;75
"2018M02";2803;364;2440;2693;327;2366;111;37;74
"2018M03";2797;369;2429;2674;326;2348;124;42;81
"2018M04";2802;362;2440;2686;320;2366;116;42;74
"2018M05";2813;378;2436;2713;335;2378;100;43;58
"2018M06";2889;424;2465;2759;361;2397;130;62;68
"2018M07";2871;405;2467;2756;362;2394;116;42;73
"2018M08";2846;385;2461;2731;344;2387;115;41;74
"2018M09";2846;381;2464;2718;333;2385;128;48;80
"2018M10";2839;382;2457;2730;341;2389;109;41;68
"2018M11";2849;380;2469;2744;335;2409;105;45;60
"2018M12";2809;355;2454;2713;319;2394;96;37;60
"2019M01";2813;366;2447;2701;324;2377;111;42;70
"2019M02";2840;382;2458;2718;332;2386;122;50;72
"2019M03";2834;371;2463;2726;327;2399;108;44;64
"2019M04";2814;361;2453;2726;326;2400;89;36;53
"2019M05";2831;374;2457;2731;324;2408;99;50;49
"2019M06";2888;401;2487;2768;345;2423;120;55;64
"2019M07";2918;430;2487;2808;387;2420;110;43;67
"2019M08";2886;398;2488;2761;349;2411;125;48;77
"2019M09";2872;384;2488;2766;340;2426;106;44;62
"2019M10";2871;388;2483;2751;346;2405;120;42;78
"2019M11";2848;387;2461;2739;340;2399;109;47;62
"2019M12";2881;389;2492;2772;349;2423;109;40;69
"2020M01";2859;374;2485;2743;330;2413;117;44;73
"2020M02";2854;388;2465;2752;340;2412;102;48;53
"2020M03";2861;374;2487;2757;330;2426;104;43;61
"2020M04";2816;361;2454;2702;319;2383;114;42;71
"2020M05";2864;395;2469;2722;339;2384;142;56;86
"2020M06";2896;415;2482;2744;342;2401;153;72;80
"2020M07";2901;414;2488;2735;361;2374;166;53;113
"2020M08";2879;400;2479;2726;343;2383;153;57;96
"2020M09";2875;379;2496;2721;321;2400;154;58;96
"2020M10";2892;382;2510;2735;331;2404;157;51;107
"2020M11";2865;370;2495;2720;327;2393;145;43;102
"2020M12";2857;366;2491;2729;321;2408;128;45;83
"2021M01";2828;357;2472;2684;318;2365;145;38;106
"2021M02";2858;369;2489;2705;314;2391;153;55;99
"2021M03";2835;356;2479;2707;310;2397;128;46;82
"2021M04";2867;372;2495;2721;323;2399;146;50;96
"2021M05";2900;392;2507;2738;330;2409;162;63;99
"2021M06";2980;457;2523;2838;389;2449;142;67;74
"2021M07";2952;450;2502;2810;394;2416;142;56;86
"2021M08";2921;385;2536;2803;345;2458;118;40;78
"2021M09";2925;400;2525;2814;345;2470;111;55;56
"2021M10";2920;380;2540;2816;344;2472;104;36;68
"2021M11";2931;394;2537;2819;351;2468;111;42;69
"2021M12";2902;389;2513;2816;347;2469;86;42;44
"2022M01";2896;380;2517;2803;344;2459;94;36;58
"2022M02";2947;403;2545;2845;364;2481;103;39;64
"2022M03";2920;397;2523;2826;355;2471;94;42;52
"2022M04";2933;386;2547;2857;360;2497;76;26;50
"2022M05";2975;432;2543;2859;377;2481;116;54;62
"2022M06";2977;445;2532;2875;390;2485;102;55;47
"2022M07";2984;437;2546;2905;408;2497;78;29;49
"2022M08";2944;420;2524;2840;380;2460;104;40;64
"2022M09";2947;419;2528;2845;372;2473;103;47;56
"2022M10";2931;415;2516;2841;366;2475;89;48;41
"2022M11";2926;417;2509;2835;382;2453;91;35;56
"2022M12";2946;415;2531;2852;373;2478;94;42;53
"2023M01";2928;410;2518;2825;360;2465;103;50;53
"2023M02";2936;403;2533;2822;365;2458;113;38;75
"2023M03";2966;428;2538;2853;369;2483;113;59;55
"2023M04";2982;419;2563;2879;376;2502;104;43;61
"2023M05";2970;413;2556;2873;375;2498;96;38;58
"2023M06";3028;465;2563;2914;408;2506;114;57;57
"2023M07";3018;465;2553;2914;421;2493;104;44;60
"2023M08";3010;436;2575;2900;384;2516;110;52;58
"2023M09";2997;425;2572;2890;379;2512;107;47;60
"2023M10";2977;423;2554;2871;378;2493;106;45;61
"2023M11";3004;433;2571;2892;384;2508;112;49;64
"2023M12";2965;396;2569;2867;357;2510;98;39;59
"2024M01";2981;424;2557;2847;370;2477;134;54;80
"2024M02";2967;408;2559;2864;366;2498;104;42;61
"2024M03";2974;419;2555;2850;367;2483;124;52;72
"2024M04";3020;428;2592;2890;369;2521;130;59;71
"2024M05";3005;439;2566;2880;378;2502;125;61;64
"2024M06";3050;479;2571;2918;413;2505;132;66;66
"2024M07";3046;466;2580;2936;420;2516;109;46;64
"2024M08";3007;439;2568;2885;390;2495;122;49;73
"2024M09";3035;426;2609;2910;371;2539;125;55;70
"2024M10";3027;434;2592;2907;379;2528;120;56;64
"2024M11";3024;436;2588;2914;394;2520;110;41;69
"2024M12";2984;427;2557;2868;378;2490;117;50;67
"2025M01";3003;433;2570;2890;383;2507;112;50;63
"2025M02";2999;446;2553;2880;391;2489;119;55;64
"2025M03";2997;434;2564;2855;368;2487;142;65;77
"2025M04";3024;445;2580;2889;385;2504;135;60;76
"2025M05";3051;454;2597;2905;385;2521;145;69;76
"2025M06";3133;505;2628;2952;417;2535;181;88;93
"2025M07";3066;477;2589;2939;422;2517;127;55;72
"2025M08";3083;461;2621;2930;378;2552;153;84;69
"2025M09";3024;430;2594;2876;366;2511;147;64;83
"2025M10";3051;442;2608;2920;381;2539;131;61;70
"2025M11";3023;430;2593;2890;367;2523;134;64;70
"2025M12";3010;435;2575;2894;386;2507;117;48;68
