03723: Boligbygg, etter region, måned og statistikkvariabel;;;;;;;
;;;;;;;
region;måned;Igangsettingstillatelser boliger;Igangsettingstillatelser bruksareal (1 000 m²);Boliger under arbeid;Under arbeid, bruksareal (1 000 m²);Fullførte boliger;Fullført bruksareal (1 000 m²)
15 Møre og Romsdal;1993M01;26;04.apr;699;122.9;64;08.aug
15 Møre og Romsdal;1993M02;31;04.jan;656;118.2;71;08.mar
15 Møre og Romsdal;1993M03;87;12.jun;664;119.3;70;09.aug
15 Møre og Romsdal;1993M04;110;13.apr;687;119.0;78;10.jul
15 Møre og Romsdal;1993M05;46;08.feb;640;114.5;94;12.mai
15 Møre og Romsdal;1993M06;58;09.jul;669;118.5;31;06.mar
15 Møre og Romsdal;1993M07;55;10.0;688;120.7;30;06.sep
15 Møre og Romsdal;1993M08;89;14.feb;682;122.3;97;12.0
15 Møre og Romsdal;1993M09;106;18.mai;718;127.6;66;11.jan
15 Møre og Romsdal;1993M10;86;15.mai;728;130.5;74;12.mar
15 Møre og Romsdal;1993M11;135;14.sep;796;135.9;66;09.feb
15 Møre og Romsdal;1993M12;83;09.jun;758;128.7;126;17.jul
15 Møre og Romsdal;1994M01;35;6.0;748;127.9;43;6.0
15 Møre og Romsdal;1994M02;34;04.mar;718;122.3;66;10.0
15 Møre og Romsdal;1994M03;68;10.feb;715;121.1;67;11.jan
15 Møre og Romsdal;1994M04;143;18.mai;770;127.1;83;11.jul
15 Møre og Romsdal;1994M05;118;19.mai;821;135.4;67;11.0
15 Møre og Romsdal;1994M06;145;21.jan;875;143.5;93;13.apr
15 Møre og Romsdal;1994M07;82;14.aug;875;147.9;72;09.feb
15 Møre og Romsdal;1994M08;232;28.mai;961;161.4;148;14.0
15 Møre og Romsdal;1994M09;122;18.mai;1014;168.4;62;09.mai
15 Møre og Romsdal;1994M10;122;16.mai;1025;170.6;108;13.mar
15 Møre og Romsdal;1994M11;114;16.jul;1015;168.1;110;17.mar
15 Møre og Romsdal;1994M12;42;07.apr;939;155.9;96;16.jul
15 Møre og Romsdal;1995M01;67;09.aug;919;151.7;112;16.mar
15 Møre og Romsdal;1995M02;112;14.feb;949;154.6;85;12.feb
15 Møre og Romsdal;1995M03;51;08.mar;898;148.4;110;15.jul
15 Møre og Romsdal;1995M04;101;13.mai;915;147.8;78;12.sep
15 Møre og Romsdal;1995M05;97;16.0;911;149.8;90;13.mai
15 Møre og Romsdal;1995M06;171;19.mar;972;153.1;125;17.jan
15 Møre og Romsdal;1995M07;189;24.apr;996;160.2;92;14.apr
15 Møre og Romsdal;1995M08;156;23.mar;1079;171.2;79;13.mai
15 Møre og Romsdal;1995M09;89;13.sep;1107;174.0;55;10.jan
15 Møre og Romsdal;1995M10;147;20.aug;1172;182.4;82;12.mar
15 Møre og Romsdal;1995M11;75;11.jul;1159;180.3;88;14.feb
15 Møre og Romsdal;1995M12;69;08.mar;1079;171.0;115;14.mar
15 Møre og Romsdal;1996M01;91;11.sep;1043;166.6;124;15.sep
15 Møre og Romsdal;1996M02;72;09.jan;1009;162.9;105;12.aug
15 Møre og Romsdal;1996M03;46;06.sep;931;151.8;107;15.jun
15 Møre og Romsdal;1996M04;125;16.feb;977;156.3;93;13.sep
15 Møre og Romsdal;1996M05;105;17.jun;1032;165.9;47;07.aug
15 Møre og Romsdal;1996M06;110;15.0;1007;164.0;127;15.mar
15 Møre og Romsdal;1996M07;168;25.sep;1082;175.0;100;17.0
15 Møre og Romsdal;1996M08;110;18.jun;1126;182.8;78;11.jul
15 Møre og Romsdal;1996M09;122;18.sep;1180;191.9;53;08.mar
15 Møre og Romsdal;1996M10;124;18.0;1243;201.4;65;08.aug
15 Møre og Romsdal;1996M11;85;13.mar;1250;203.3;78;11.feb
15 Møre og Romsdal;1996M12;134;16.jul;1242;199.2;99;15.jun
15 Møre og Romsdal;1997M01;77;12.0;1262;201.6;76;12.mai
15 Møre og Romsdal;1997M02;76;12.feb;1237;198.0;101;15.jul
15 Møre og Romsdal;1997M03;71;11.mai;1181;190.6;115;17.0
15 Møre og Romsdal;1997M04;123;19.jan;1229;199.2;79;10.sep
15 Møre og Romsdal;1997M05;128;18.sep;1262;203.2;96;14.jul
15 Møre og Romsdal;1997M06;123;20.mai;1247;201.1;126;20.apr
15 Møre og Romsdal;1997M07;129;20.mar;1265;206.2;120;17.jan
15 Møre og Romsdal;1997M08;157;20.aug;1281;209.1;132;16.apr
15 Møre og Romsdal;1997M09;171;26.sep;1353;220.7;101;15.mar
15 Møre og Romsdal;1997M10;152;22.jul;1436;229.2;86;16.feb
15 Møre og Romsdal;1997M11;105;18.feb;1397;226.7;116;17.mar
15 Møre og Romsdal;1997M12;109;15.aug;1411;227.8;115;16.aug
15 Møre og Romsdal;1998M01;148;21.0;1377;223.8;185;25.apr
15 Møre og Romsdal;1998M02;207;32.7;1475;240.8;109;15.jul
15 Møre og Romsdal;1998M03;99;15.mai;1445;235.8;118;18.mai
15 Møre og Romsdal;1998M04;127;18.apr;1447;234.5;136;21.aug
15 Møre og Romsdal;1998M05;67;12.sep;1369;225.6;140;20.jul
15 Møre og Romsdal;1998M06;118;20.jul;1382;230.3;110;16.mar
15 Møre og Romsdal;1998M07;50;10.sep;1361;229.0;75;12.mai
15 Møre og Romsdal;1998M08;174;21.jan;1397;227.7;130;21.mar
15 Møre og Romsdal;1998M09;115;21.aug;1382;226.3;125;22.jun
15 Møre og Romsdal;1998M10;152;23.jan;1452;236.0;87;13.jun
15 Møre og Romsdal;1998M11;122;17.apr;1420;229.6;141;23.feb
15 Møre og Romsdal;1998M12;83;15.jul;1429;230.1;93;17.mar
15 Møre og Romsdal;1999M01;66;12.feb;1422;231.7;68;09.feb
15 Møre og Romsdal;1999M02;100;14.mai;1455;235.2;63;10.jul
15 Møre og Romsdal;1999M03;59;10.feb;1417;229.7;104;16.jul
15 Møre og Romsdal;1999M04;72;12.0;1429;228.7;53;11.0
15 Møre og Romsdal;1999M05;86;11.apr;1379;220.7;126;17.feb
15 Møre og Romsdal;1999M06;39;07.apr;1298;208.8;187;23.jan
15 Møre og Romsdal;1999M07;69;11.jul;1275;207.1;94;15.mai
15 Møre og Romsdal;1999M08;115;18.feb;1260;205.0;131;20.apr
15 Møre og Romsdal;1999M09;170;25.apr;1269;206.8;151;22.apr
15 Møre og Romsdal;1999M10;141;37.0;1253;205.9;153;37.4
15 Møre og Romsdal;1999M11;67;08.feb;1249;203.7;69;10.0
15 Møre og Romsdal;1999M12;98;15.jul;1213;198.0;130;20.mai
15 Møre og Romsdal;2000M01;73;11.jan;1152;194.0;127;13.sep
15 Møre og Romsdal;2000M02;107;17.mai;1103;186.5;149;23.aug
15 Møre og Romsdal;2000M03;82;12.apr;1082;183.7;101;14.aug
15 Møre og Romsdal;2000M04;47;06.aug;1088;183.7;41;07.jan
15 Møre og Romsdal;2000M05;98;15.mar;1109;186.6;75;11.jun
15 Møre og Romsdal;2000M06;109;16.mar;1124;188.1;91;14.feb
15 Møre og Romsdal;2000M07;49;07.feb;1127;189.1;44;05.aug
15 Møre og Romsdal;2000M08;144;20.apr;1181;196.5;84;11.sep
15 Møre og Romsdal;2000M09;140;19.apr;1211;199.3;106;15.mai
15 Møre og Romsdal;2000M10;115;18.mai;1222;201.9;85;13.feb
15 Møre og Romsdal;2000M11;152;20.0;1269;207.4;109;14.jul
15 Møre og Romsdal;2000M12;211;27.feb;1326;209.6;166;26.aug
15 Møre og Romsdal;2001M01;148;22.jun;1279;201.6;184;29.2
15 Møre og Romsdal;2001M02;89;14.jan;1224;197.8;151;18.feb
15 Møre og Romsdal;2001M03;88;13.jun;1204;194.6;115;17.jul
15 Møre og Romsdal;2001M04;87;14.jun;1150;189.9;141;19.apr
15 Møre og Romsdal;2001M05;90;14.mar;1168;194.1;70;09.aug
15 Møre og Romsdal;2001M06;62;10.feb;1147;187.8;83;14.jan
15 Møre og Romsdal;2001M07;85;12.mai;1158;189.7;76;11.apr
15 Møre og Romsdal;2001M08;259;40.3;1316;213.9;105;16.jul
15 Møre og Romsdal;2001M09;109;16.mai;1286;209.6;119;17.mai
15 Møre og Romsdal;2001M10;156;20.apr;1293;211.7;158;19.jul
15 Møre og Romsdal;2001M11;126;15.jun;1340;216.5;63;09.apr
15 Møre og Romsdal;2001M12;94;16.jan;1371;217.9;93;15.jun
15 Møre og Romsdal;2002M01;50;08.jul;1329;210.1;64;11.jan
15 Møre og Romsdal;2002M02;138;17.sep;1402;217.4;106;18.jan
15 Møre og Romsdal;2002M03;69;09.jun;1352;211.1;118;15.jun
15 Møre og Romsdal;2002M04;90;12.mar;1365;211.9;85;11.jun
15 Møre og Romsdal;2002M05;72;12.feb;1389;216.0;57;08.feb
15 Møre og Romsdal;2002M06;72;12.sep;1352;214.6;108;14.jan
15 Møre og Romsdal;2002M07;73;11.jun;1392;219.1;32;06.jul
15 Møre og Romsdal;2002M08;97;15.apr;1421;225.7;65;08.jan
15 Møre og Romsdal;2002M09;149;15.sep;1491;228.1;76;13.apr
15 Møre og Romsdal;2002M10;60;09.apr;1501;230.3;51;06.jul
15 Møre og Romsdal;2002M11;78;13.mar;1337;212.2;243;28.feb
15 Møre og Romsdal;2002M12;177;25.0;1351;208.9;150;26.mai
15 Møre og Romsdal;2003M01;159;19.mar;1380;208.0;129;20.jan
15 Møre og Romsdal;2003M02;26;04.jun;1353;204.3;48;07.jan
15 Møre og Romsdal;2003M03;101;14.jul;1389;208.6;68;11.mar
15 Møre og Romsdal;2003M04;73;11.jan;1399;208.2;64;11.jan
15 Møre og Romsdal;2003M05;49;07.aug;1380;204.7;60;09.sep
15 Møre og Romsdal;2003M06;62;12.0;1260;197.3;183;19.mai
15 Møre og Romsdal;2003M07;122;14.jun;1328;203.8;56;08.jun
15 Møre og Romsdal;2003M08;58;09.apr;1323;203.6;59;08.jul
15 Møre og Romsdal;2003M09;59;11.apr;1298;201.7;82;13.jan
15 Møre og Romsdal;2003M10;60;10.jul;1195;186.7;158;23.0
15 Møre og Romsdal;2003M11;30;04.jun;1162;180.0;59;10.apr
15 Møre og Romsdal;2003M12;84;11.apr;1147;179.0;90;10.aug
15 Møre og Romsdal;2004M01;67;10.sep;1137;177.4;68;11.apr
15 Møre og Romsdal;2004M02;86;10.mar;1155;179.0;50;9.0
15 Møre og Romsdal;2004M03;48;07.jan;1141;175.0;69;11.feb
15 Møre og Romsdal;2004M04;80;10.apr;1156;177.3;82;10.0
15 Møre og Romsdal;2004M05;87;12.jan;1175;179.3;58;09.jun
15 Møre og Romsdal;2004M06;137;16.jun;1267;186.8;65;10.jul
15 Møre og Romsdal;2004M07;74;10.feb;1300;191.1;42;6.0
15 Møre og Romsdal;2004M08;83;13.mai;1327;195.2;54;09.feb
15 Møre og Romsdal;2004M09;98;15.feb;1319;194.9;102;15.sep
15 Møre og Romsdal;2004M10;145;19.0;1405;203.7;48;09.aug
15 Møre og Romsdal;2004M11;268;27.0;1541;213.8;130;16.feb
15 Møre og Romsdal;2004M12;71;08.sep;1506;210.3;113;15.mar
15 Møre og Romsdal;2005M01;141;18.0;1458;201.4;148;21.jun
15 Møre og Romsdal;2005M02;86;12.jul;1483;205.2;59;08.jun
15 Møre og Romsdal;2005M03;72;09.mai;1475;205.2;78;08.sep
15 Møre og Romsdal;2005M04;50;09.feb;1472;206.6;52;07.mar
15 Møre og Romsdal;2005M05;129;18.aug;1439;206.9;157;17.jun
15 Møre og Romsdal;2005M06;85;10.apr;1421;207.6;105;10.0
15 Møre og Romsdal;2005M07;61;09.aug;1412;206.7;70;10.mai
15 Møre og Romsdal;2005M08;84;12.mai;1407;208.1;81;09.aug
15 Møre og Romsdal;2005M09;102;16.mar;1354;204.2;147;19.jan
15 Møre og Romsdal;2005M10;116;15.mai;1274;197.1;196;22.jun
15 Møre og Romsdal;2005M11;166;20.feb;1327;203.2;111;13.jul
15 Møre og Romsdal;2005M12;93;11.jul;1251;191.6;157;22.apr
15 Møre og Romsdal;2006M01;135;18.apr;1257;191.0;120;17.jun
15 Møre og Romsdal;2006M02;86;12.jan;1262;193.3;63;08.mai
15 Møre og Romsdal;2006M03;83;13.apr;1252;195.3;89;11.0
15 Møre og Romsdal;2006M04;103;12.apr;1287;199.2;87;10.jul
15 Møre og Romsdal;2006M05;143;22.sep;1334;210.0;100;12.jan
15 Møre og Romsdal;2006M06;91;12.aug;1348;211.8;72;10.jul
15 Møre og Romsdal;2006M07;81;12.jul;1355;212.7;74;11.mai
15 Møre og Romsdal;2006M08;68;10.apr;1292;206.4;86;10.sep
15 Møre og Romsdal;2006M09;142;20.aug;1350;216.5;87;10.aug
15 Møre og Romsdal;2006M10;152;16.0;1354;213.9;133;16.aug
15 Møre og Romsdal;2006M11;194;24.feb;1404;216.0;126;18.mai
15 Møre og Romsdal;2006M12;161;20.apr;1418;216.6;133;17.feb
15 Møre og Romsdal;2007M01;48;07.sep;1391;213.8;73;09.aug
15 Møre og Romsdal;2007M02;233;23.jul;1492;219.2;106;16.feb
15 Møre og Romsdal;2007M03;78;10.jul;1479;217.3;91;12.aug
15 Møre og Romsdal;2007M04;101;17.feb;1513;225.0;66;08.jun
15 Møre og Romsdal;2007M05;204;25.mai;1623;236.8;87;12.mai
15 Møre og Romsdal;2007M06;134;20.mar;1644;242.2;103;13.aug
15 Møre og Romsdal;2007M07;61;09.jan;1601;240.9;79;10.sep
15 Møre og Romsdal;2007M08;210;20.apr;1682;246.5;122;13.feb
15 Møre og Romsdal;2007M09;88;13.jun;1657;248.7;109;09.apr
15 Møre og Romsdal;2007M10;105;17.apr;1607;246.0;107;16.mar
15 Møre og Romsdal;2007M11;93;15.jul;1563;242.8;126;17.feb
15 Møre og Romsdal;2007M12;92;14.jan;1474;233.7;178;22.aug
15 Møre og Romsdal;2008M01;76;11.jan;1501;239.8;82;10.jul
15 Møre og Romsdal;2008M02;128;17.aug;1538;244.2;84;12.feb
15 Møre og Romsdal;2008M03;112;15.feb;1531;243.4;119;16.jan
15 Møre og Romsdal;2008M04;139;20.sep;1555;248.8;112;15.feb
15 Møre og Romsdal;2008M05;142;12.jul;1556;247.2;139;13.jun
15 Møre og Romsdal;2008M06;120;12.mai;1594;248.9;83;11.0
15 Møre og Romsdal;2008M07;48;06.mai;1547;243.7;91;11.0
15 Møre og Romsdal;2008M08;66;08.apr;1481;235.4;128;15.sep
15 Møre og Romsdal;2008M09;77;12.jan;1434;230.1;125;17.mai
15 Møre og Romsdal;2008M10;114;17.0;1437;232.4;105;14.jan
15 Møre og Romsdal;2008M11;108;13.sep;1493;237.1;53;09.feb
15 Møre og Romsdal;2008M12;74;10.feb;1472;233.3;95;13.jul
15 Møre og Romsdal;2009M01;162;19.jan;1514;234.2;123;17.apr
15 Møre og Romsdal;2009M02;70;12.apr;1526;238.0;59;08.aug
15 Møre og Romsdal;2009M03;114;15.jun;1566;243.4;72;09.jun
15 Møre og Romsdal;2009M04;89;12.mai;1584;246.4;70;09.jan
15 Møre og Romsdal;2009M05;65;09.aug;1583;245.5;63;10.jan
15 Møre og Romsdal;2009M06;95;14.sep;1543;243.0;135;17.apr
15 Møre og Romsdal;2009M07;25;06.apr;1503;240.8;61;09.feb
15 Møre og Romsdal;2009M08;111;18.jan;1520;241.8;63;09.mai
15 Møre og Romsdal;2009M09;188;25.jun;1668;259.6;45;08.mar
15 Møre og Romsdal;2009M10;95;16.jan;1685;263.5;64;10.feb
15 Møre og Romsdal;2009M11;95;14.jan;1675;264.4;86;10.aug
15 Møre og Romsdal;2009M12;146;19.mai;1685;267.5;92;15.feb
15 Møre og Romsdal;2010M01;112;23.mai;1724;283.3;76;11.0
15 Møre og Romsdal;2010M02;105;15.sep;1743;285.2;90;13.jan
15 Møre og Romsdal;2010M03;60;09.mar;1666;279.5;136;16.mar
15 Møre og Romsdal;2010M04;97;16.jan;1652;279.0;102;14.jul
15 Møre og Romsdal;2010M05;53;09.jun;1643;277.5;60;09.jun
15 Møre og Romsdal;2010M06;69;13.mar;1580;282.5;64;09.aug
15 Møre og Romsdal;2010M07;89;15.mar;1613;286.2;79;11.jun
15 Møre og Romsdal;2010M08;70;10.sep;1623;288.1;62;9.0
15 Møre og Romsdal;2010M09;141;22.jul;1670;296.1;99;14.apr
15 Møre og Romsdal;2010M10;93;16.mai;1639;292.8;126;20.feb
15 Møre og Romsdal;2010M11;177;22.jul;1698;298.7;116;15.aug
15 Møre og Romsdal;2010M12;82;13.feb;1706;300.2;76;11.apr
15 Møre og Romsdal;2011M01;126;15.aug;1746;300.7;74;10.mai
15 Møre og Romsdal;2011M02;154;19.mai;1791;305.0;107;14.mai
15 Møre og Romsdal;2011M03;137;22.jul;1811;310.4;113;16.jul
15 Møre og Romsdal;2011M04;95;14.apr;1838;315.2;66;9.0
15 Møre og Romsdal;2011M05;234;26.mar;1954;322.8;113;17.jul
15 Møre og Romsdal;2011M06;97;15.0;1946;322.0;103;15.jan
15 Møre og Romsdal;2011M07;119;19.mai;1944;321.9;115;18.mar
15 Møre og Romsdal;2011M08;75;13.jun;1852;317.1;167;17.mar
15 Møre og Romsdal;2011M09;155;19.feb;1940;325.3;66;10.feb
15 Møre og Romsdal;2011M10;169;26.feb;2000;337.5;104;13.feb
15 Møre og Romsdal;2011M11;132;20.0;2032;341.1;100;16.feb
15 Møre og Romsdal;2011M12;153;18.mai;2079;342.6;100;15.apr
15 Møre og Romsdal;2012M01;132;18.0;2170;344.8;72;11.apr
15 Møre og Romsdal;2012M02;85;13.jan;2183;346.0;82;13.jan
15 Møre og Romsdal;2012M03;171;27.feb;2223;355.1;123;16.sep
15 Møre og Romsdal;2012M04;125;18.aug;2293;363.2;47;08.mai
15 Møre og Romsdal;2012M05;114;19.0;2269;361.6;126;19.jun
15 Møre og Romsdal;2012M06;129;21.jun;2246;361.2;152;21.jun
15 Møre og Romsdal;2012M07;92;15.sep;2270;367.2;68;9.0
15 Møre og Romsdal;2012M08;132;22.aug;2277;373.8;107;13.mai
15 Møre og Romsdal;2012M09;129;19.feb;2257;371.4;158;21.jun
15 Møre og Romsdal;2012M10;97;15.feb;2255;371.0;90;14.jul
15 Møre og Romsdal;2012M11;240;35.1;2321;378.4;166;25.feb
15 Møre og Romsdal;2012M12;95;13.0;2297;371.0;125;20.feb
15 Møre og Romsdal;2013M01;87;12.jul;2265;361.8;93;13.sep
15 Møre og Romsdal;2013M02;158;18.jan;2300;363.0;102;13.0
15 Møre og Romsdal;2013M03;86;14.aug;2308;360.8;93;15.jan
15 Møre og Romsdal;2013M04;132;20.feb;2348;364.9;98;16.jan
15 Møre og Romsdal;2013M05;74;12.aug;2324;362.1;72;11.sep
15 Møre og Romsdal;2013M06;291;32.1;2428;367.9;186;25.sep
15 Møre og Romsdal;2013M07;128;16.jul;2403;362.8;140;19.aug
15 Møre og Romsdal;2013M08;128;17.mai;2426;364.8;97;13.mai
15 Møre og Romsdal;2013M09;155;23.0;2498;376.4;80;10.jul
15 Møre og Romsdal;2013M10;106;17.sep;2448;372.6;151;21.apr
15 Møre og Romsdal;2013M11;147;21.mar;2437;373.7;152;19.apr
15 Møre og Romsdal;2013M12;259;24.jan;2540;376.1;152;20.sep
15 Møre og Romsdal;2014M01;156;20.aug;2575;372.6;137;17.aug
15 Møre og Romsdal;2014M02;120;20.mai;2577;377.6;106;14.mar
15 Møre og Romsdal;2014M03;90;13.jun;2551;375.5;110;14.apr
15 Møre og Romsdal;2014M04;43;08.jan;2521;373.2;59;09.apr
15 Møre og Romsdal;2014M05;113;19.mai;2469;369.8;156;20.sep
15 Møre og Romsdal;2014M06;103;19.sep;2426;369.7;135;17.sep
15 Møre og Romsdal;2014M07;121;19.feb;2442;372.8;100;15.0
15 Møre og Romsdal;2014M08;69;12.mar;2267;364.8;241;19.jun
15 Møre og Romsdal;2014M09;54;09.jan;2256;362.9;61;09.jun
15 Møre og Romsdal;2014M10;131;18.mar;2293;366.7;95;14.0
15 Møre og Romsdal;2014M11;136;16.aug;2162;354.7;273;26.sep
15 Møre og Romsdal;2014M12;182;27.jan;2126;345.9;204;33.7
15 Møre og Romsdal;2015M01;131;19.sep;2088;338.5;166;25.feb
15 Møre og Romsdal;2015M02;80;11.aug;2082;337.2;70;10.mar
15 Møre og Romsdal;2015M03;91;15.jul;2029;331.6;139;20.mai
15 Møre og Romsdal;2015M04;131;19.jun;2028;338.4;98;14.jan
15 Møre og Romsdal;2015M05;137;22.jun;2089;347.7;69;11.jul
15 Møre og Romsdal;2015M06;60;11.mar;2067;345.3;92;13.aug
15 Møre og Romsdal;2015M07;98;14.sep;2045;341.2;115;18.apr
15 Møre og Romsdal;2015M08;167;17.sep;2141;347.3;63;10.jan
15 Møre og Romsdal;2015M09;73;11.jun;2038;331.9;168;25.jul
15 Møre og Romsdal;2015M10;119;18.mai;2037;333.1;116;16.mai
15 Møre og Romsdal;2015M11;158;24.apr;2044;335.6;142;18.aug
15 Møre og Romsdal;2015M12;89;13.sep;2019;331.5;110;16.sep
15 Møre og Romsdal;2016M01;136;20.aug;2038;331.9;127;19.aug
15 Møre og Romsdal;2016M02;90;15.0;2005;329.2;108;15.sep
15 Møre og Romsdal;2016M03;50;9.0;1947;322.6;98;13.aug
15 Møre og Romsdal;2016M04;83;13.apr;1935;320.5;77;13.mai
15 Møre og Romsdal;2016M05;116;18.jul;1974;326.5;61;09.jun
15 Møre og Romsdal;2016M06;100;14.mai;1972;325.6;96;12.sep
15 Møre og Romsdal;2016M07;80;12.feb;1941;319.6;106;17.0
15 Møre og Romsdal;2016M08;81;11.aug;1968;321.3;43;08.mai
15 Møre og Romsdal;2016M09;138;20.jul;1906;320.5;187;19.jul
15 Møre og Romsdal;2016M10;134;18.mar;1915;319.6;104;15.sep
15 Møre og Romsdal;2016M11;121;19.jun;1927;321.9;102;16.feb
15 Møre og Romsdal;2016M12;89;14.feb;1887;315.0;130;20.aug
15 Møre og Romsdal;2017M01;119;19.mai;1911;323.4;76;10.jul
15 Møre og Romsdal;2017M02;67;10.jul;1893;321.9;72;10.jan
15 Møre og Romsdal;2017M03;226;30.aug;2034;337.5;86;15.mar
15 Møre og Romsdal;2017M04;46;9.0;2002;334.0;63;10.jul
15 Møre og Romsdal;2017M05;74;12.jun;1952;328.9;127;18.jan
15 Møre og Romsdal;2017M06;187;26.apr;1955;327.5;167;24.jul
15 Møre og Romsdal;2017M07;40;07.jul;1898;323.0;79;09.mai
15 Møre og Romsdal;2017M08;63;09.apr;1888;320.3;68;10.jun
15 Møre og Romsdal;2017M09;145;21.jul;1907;323.7;99;14.mar
15 Møre og Romsdal;2017M10;114;13.aug;1943;322.5;68;13.jan
15 Møre og Romsdal;2017M11;96;13.aug;1870;313.6;160;22.0
15 Møre og Romsdal;2017M12;71;10.aug;1877;313.3;61;10.feb
15 Møre og Romsdal;2018M01;127;16.apr;1888;311.0;112;17.mai
15 Møre og Romsdal;2018M02;89;12.mar;1866;308.8;106;14.jan
15 Møre og Romsdal;2018M03;69;10.jul;1817;300.5;102;16.sep
15 Møre og Romsdal;2018M04;109;14.aug;1828;300.7;75;11.mar
15 Møre og Romsdal;2018M05;61;12.mar;1790;299.9;94;13.0
15 Møre og Romsdal;2018M06;94;15.0;1730;289.7;144;24.apr
15 Møre og Romsdal;2018M07;101;12.jul;1732;287.0;87;13.0
15 Møre og Romsdal;2018M08;69;11.mar;1750;289.0;48;08.feb
15 Møre og Romsdal;2018M09;94;15.apr;1771;293.3;58;08.apr
15 Møre og Romsdal;2018M10;207;24.aug;1853;300.7;112;15.sep
15 Møre og Romsdal;2018M11;99;17.jan;1775;292.2;161;23.apr
15 Møre og Romsdal;2018M12;169;13.apr;1841;286.5;88;15.sep
15 Møre og Romsdal;2019M01;74;11.apr;1835;284.7;53;08.jan
15 Møre og Romsdal;2019M02;173;26.apr;1913;296.6;85;12.aug
15 Møre og Romsdal;2019M03;154;21.0;1958;302.1;104;14.mai
15 Møre og Romsdal;2019M04;66;10.feb;1917;295.4;85;14.jul
15 Møre og Romsdal;2019M05;175;19.mai;1997;301.6;93;12.sep
15 Møre og Romsdal;2019M06;174;24.mai;1995;302.2;172;22.aug
15 Møre og Romsdal;2019M07;64;11.jan;1966;300.2;87;12.mar
15 Møre og Romsdal;2019M08;62;13.jun;1980;305.3;48;07.mar
15 Møre og Romsdal;2019M09;85;14.aug;1971;306.5;56;07.mar
15 Møre og Romsdal;2019M10;116;18.aug;1963;307.2;106;15.jan
15 Møre og Romsdal;2019M11;148;21.0;2020;312.0;88;15.0
15 Møre og Romsdal;2019M12;92;14.jul;2009;308.0;96;17.feb
15 Møre og Romsdal;2020M01;118;13.mai;2057;308.6;71;12.jan
15 Møre og Romsdal;2020M02;63;10.feb;2062;309.1;40;06.apr
15 Møre og Romsdal;2020M03;194;26.apr;2141;318.9;107;13.aug
15 Møre og Romsdal;2020M04;99;15.jan;2174;323.1;81;09.jul
15 Møre og Romsdal;2020M05;106;15.mar;2171;321.1;103;16.feb
15 Møre og Romsdal;2020M06;94;17.mai;2074;320.0;192;16.sep
15 Møre og Romsdal;2020M07;99;12.0;1979;313.6;193;16.jul
15 Møre og Romsdal;2020M08;63;10.0;1950;310.4;88;11.jul
15 Møre og Romsdal;2020M09;87;14.jan;1925;308.7;106;14.aug
15 Møre og Romsdal;2020M10;122;17.mar;1912;308.1;116;15.mar
15 Møre og Romsdal;2020M11;101;19.apr;1904;306.9;99;17.mai
15 Møre og Romsdal;2020M12;166;17.jun;1955;306.7;102;15.aug
15 Møre og Romsdal;2021M01;176;19.jun;2014;310.5;70;09.sep
15 Møre og Romsdal;2021M02;144;20.0;2008;309.4;143;19.jul
15 Møre og Romsdal;2021M03;71;11.jul;1989;307.0;91;13.mai
15 Møre og Romsdal;2021M04;110;15.jan;2028;310.8;66;09.sep
15 Møre og Romsdal;2021M05;75;12.jul;2035;313.1;65;10.sep
15 Møre og Romsdal;2021M06;110;18.mar;2024;312.4;124;19.feb
15 Møre og Romsdal;2021M07;67;09.mar;2001;305.7;86;14.aug
15 Møre og Romsdal;2021M08;36;07.apr;1972;303.2;61;08.aug
15 Møre og Romsdal;2021M09;159;19.aug;2085;313.8;45;08.mar
15 Møre og Romsdal;2021M10;64;10.mar;2070;311.3;73;10.jan
15 Møre og Romsdal;2021M11;87;10.sep;2092;310.9;63;10.sep
15 Møre og Romsdal;2021M12;22;04.mar;2010;296.7;78;13.jul
15 Møre og Romsdal;2022M01;100;15.apr;1992;295.5;116;16.0
15 Møre og Romsdal;2022M02;58;09.jul;1948;294.3;96;10.0
15 Møre og Romsdal;2022M03;110;14.jan;1923;290.9;113;15.jan
15 Møre og Romsdal;2022M04;58;11.jan;1922;292.4;48;08.jul
15 Møre og Romsdal;2022M05;52;09.mar;1882;289.9;66;08.aug
15 Møre og Romsdal;2022M06;89;12.sep;1879;288.2;79;12.jan
15 Møre og Romsdal;2022M07;66;12.jun;1765;283.0;172;16.mai
15 Møre og Romsdal;2022M08;70;09.mar;1771;283.3;64;9.0
15 Møre og Romsdal;2022M09;126;16.feb;1744;280.7;125;15.sep
15 Møre og Romsdal;2022M10;105;13.feb;1758;280.8;83;11.sep
15 Møre og Romsdal;2022M11;162;22.jan;1801;286.9;116;14.sep
15 Møre og Romsdal;2022M12;64;11.feb;1771;281.3;82;14.feb
15 Møre og Romsdal;2023M01;86;11.jul;1774;278.7;51;08.jul
15 Møre og Romsdal;2023M02;160;22.mar;1871;291.3;60;08.sep
15 Møre og Romsdal;2023M03;99;13.apr;1882;291.4;81;12.mai
15 Møre og Romsdal;2023M04;62;08.aug;1843;285.6;100;14.feb
15 Møre og Romsdal;2023M05;22;04.jul;1821;283.4;44;07.mai
15 Møre og Romsdal;2023M06;181;21.0;1901;289.0;100;15.feb
15 Møre og Romsdal;2023M07;13;03.jan;1790;274.9;108;15.aug
15 Møre og Romsdal;2023M08;48;08.feb;1780;274.3;56;08.apr
15 Møre og Romsdal;2023M09;76;11.jan;1790;274.1;58;09.mai
15 Møre og Romsdal;2023M10;59;10.jun;1782;273.1;58;10.0
15 Møre og Romsdal;2023M11;73;10.feb;1763;268.3;91;13.jul
15 Møre og Romsdal;2023M12;38;05.jun;1721;260.5;92;14.jan
15 Møre og Romsdal;2024M01;77;10.jun;1715;258.2;73;11.mai
15 Møre og Romsdal;2024M02;105;13.0;1766;263.9;42;05.jul
15 Møre og Romsdal;2024M03;41;05.sep;1744;259.1;58;10.0
15 Møre og Romsdal;2024M04;29;05.jul;1753;260.8;19;03.mai
15 Møre og Romsdal;2024M05;32;05.jan;1717;257.5;65;07.sep
15 Møre og Romsdal;2024M06;37;06.feb;1705;254.4;50;08.aug
15 Møre og Romsdal;2024M07;133;13.jun;1768;257.2;66;10.apr
15 Møre og Romsdal;2024M08;49;08.jul;1780;260.3;34;04.sep
15 Møre og Romsdal;2024M09;61;07.mar;1772;257.0;37;6.0
15 Møre og Romsdal;2024M10;50;07.jul;1749;254.6;66;08.aug
15 Møre og Romsdal;2024M11;35;05.sep;1753;254.2;26;5.0
15 Møre og Romsdal;2024M12;30;04.aug;1688;244.9;88;12.sep
15 Møre og Romsdal;2025M01;43;05.sep;1681;242.0;38;05.mai
15 Møre og Romsdal;2025M02;57;07.aug;1605;235.0;130;14.mai
15 Møre og Romsdal;2025M03;57;07.mai;1601;234.6;102;16.jul
15 Møre og Romsdal;2025M04;56;9.0;1576;231.6;96;15.mai
15 Møre og Romsdal;2025M05;25;06.jan;1539;228.3;61;10.mar
15 Møre og Romsdal;2025M06;35;05.apr;1482;219.8;93;14.apr
15 Møre og Romsdal;2025M07;61;07.sep;1518;222.9;26;5.0
15 Møre og Romsdal;2025M08;103;11.jul;1584;228.8;30;04.jun
15 Møre og Romsdal;2025M09;109;13.jul;1586;228.6;82;10.jun
15 Møre og Romsdal;2025M10;112;15.mai;1642;235.3;58;09.jan
